id,lokalitet,hovedlokalitet,kommune,fylke,lat,lon,count,observers,fullname,radius,geometry,public,mine
355027,Akset,Fjellværsøya,Hitra,Trøndelag,63.625396,9.028275,0,0,"Akset, Fjellværsøya, Hitra, Tø",0,,1,0
355080,Akset,,Hitra,Trøndelag,63.503472,8.975355,0,0,"Akset, Hitra, Tø",0,,1,0
398368,Andsteinen,Rottingen,Frøya,Trøndelag,63.831754,8.770405,0,0,"Andsteinen, Rottingen, Frøya, Tø",0,,1,0
355034,Ansnes,,Hitra,Trøndelag,63.637645,8.992199,0,0,"Ansnes, Hitra, Tø",0,,1,0
351516,Arasholmen,Bispøyan,Hitra,Trøndelag,63.607077,8.349939,0,0,"Arasholmen, Bispøyan, Hitra, Tø",0,,1,0
355048,Asmundvåg,,Hitra,Trøndelag,63.582928,8.657783,0,0,"Asmundvåg, Hitra, Tø",0,,1,0
356967,Auka,Aukaøya,Frøya,Trøndelag,63.771222,8.738092,0,0,"Auka, Aukaøya, Frøya, Tø",0,,1,0
456270,Aukaøya,,Frøya,Trøndelag,63.777304,8.738955,0,0,"Aukaøya, Frøya, Tø",0,,1,0
355665,Aukneset,Sørleksa,Orkland,Trøndelag,63.576393,9.295614,0,0,"Aukneset, Sørleksa, Orkland, Tø",0,,1,0
361630,Aune,Svellingen,Frøya,Trøndelag,63.794446,8.798109,0,0,"Aune, Svellingen, Frøya, Tø",0,,1,0
353341,Aunet,Valslagvågen,Hitra,Trøndelag,63.515505,9.238607,0,0,"Aunet, Valslagvågen, Hitra, Tø",0,,1,0
414493,Aunholmen,Båtsvika,Hitra,Trøndelag,63.481902,8.802232,0,0,"Aunholmen, Båtsvika, Hitra, Tø",100,,1,0
352404,Aunvatnet,,Frøya,Trøndelag,63.716584,8.617071,0,0,"Aunvatnet, Frøya, Tø",0,,1,0
440102,Aunvatnet-Grytelva,Grytelva naturreservat,Hitra,Trøndelag,63.535629,8.521706,0,0,"Aunvatnet-Grytelva, Grytelva naturreservat, Hitra, Tø",0,,1,0
366837,Aunvågen,Fillingsnes,Frøya,Trøndelag,63.666813,8.481138,0,0,"Aunvågen, Fillingsnes, Frøya, Tø",0,,1,0
646052,Aunvågen,,Hitra,Trøndelag,63.561746,9.132596,0,0,"Aunvågen, Hitra, Tø",394,"POLYGON((9.134938 63.563517, 9.128414 63.562008, 9.125282 63.559715, 9.132792 63.559734, 9.134551 63.561625, 9.137255 63.562103, 9.134938 63.563517))",1,0
440154,Aunøya,Sandstad,Hitra,Trøndelag,63.523468,9.1255,0,0,"Aunøya, Sandstad, Hitra, Tø",0,,1,0
434871,Aurebon,Fjellværsøya,Hitra,Trøndelag,63.655729,9.103276,0,0,"Aurebon, Fjellværsøya, Hitra, Tø",0,,1,0
642005,Aursøysund,Mausundvær,Frøya,Trøndelag,63.871776,8.636535,0,0,"Aursøysund, Mausundvær, Frøya, Tø",642,"POLYGON((8.626467 63.871294, 8.628398 63.872078, 8.632196 63.87238, 8.633248 63.872815, 8.635801 63.872258, 8.636316 63.872551, 8.640822 63.872862, 8.640543 63.873127, 8.646401 63.87428, 8.648847 63.872133, 8.645586 63.871984, 8.642689 63.871492, 8.641337 63.871936, 8.639492 63.871785, 8.638848 63.871511, 8.639149 63.871112, 8.638505 63.870999, 8.638591 63.871339, 8.637432 63.871661, 8.633827 63.871377, 8.633484 63.871075, 8.631467 63.871037, 8.629514 63.870405, 8.627948 63.869619, 8.626467 63.871294))",1,0
646066,Aurtjørna,Fillan,Hitra,Trøndelag,63.60581,8.977946,0,0,"Aurtjørna, Fillan, Hitra, Tø",94,"POLYGON((8.977921 63.606394, 8.976462 63.605506, 8.977642 63.604991, 8.979144 63.605287, 8.978586 63.606289, 8.977921 63.606394))",1,0
434947,Austervågen,,Hitra,Trøndelag,63.63514,8.895998,0,0,"Austervågen, Hitra, Tø",0,,1,0
386730,Austre Skarvflesa,Vingleia - Skarvflesan,Frøya,Trøndelag,63.91097,8.697812,0,0,"Austre Skarvflesa, Vingleia - Skarvflesan, Frøya, Tø",0,,1,0
748348,Avløsvalan,Inntian,Frøya,Trøndelag,63.737074,8.883925,0,0,"Avløsvalan, Inntian, Frøya, Tø",200,,1,0
380414,Avløysa,,Frøya,Trøndelag,63.670758,8.555833,0,0,"Avløysa, Frøya, Tø",0,,1,0
376117,Badstuvik,,Hitra,Trøndelag,63.537202,9.136163,0,0,"Badstuvik, Hitra, Tø",0,,1,0
355049,Bakkan,Asmundvåg,Hitra,Trøndelag,63.581841,8.653579,0,0,"Bakkan, Asmundvåg, Hitra, Tø",0,,1,0
435499,Bakkeli,Ervika (Frøya),Frøya,Trøndelag,63.748357,8.829801,0,0,"Bakkeli, Ervika (Frøya), Frøya, Tø",0,,1,0
841476,Bakken,Ulvøya,Hitra,Trøndelag,63.677138,9.054946,0,0,"Bakken, Ulvøya, Hitra, Tø",801,"POLYGON((9.0438 63.674882, 9.05028 63.679335, 9.067189 63.680362, 9.06942 63.679068, 9.065815 63.677013, 9.044315 63.674425, 9.0438 63.674882))",1,0
353516,Ballsnes skoger,Balsnes (Hitra),Hitra,Trøndelag,63.511475,8.888237,0,0,"Ballsnes skoger, Balsnes (Hitra), Hitra, Tø",0,,1,0
383720,Ballsnesbugen,,Hitra,Trøndelag,63.477029,8.795171,0,0,"Ballsnesbugen, Hitra, Tø",0,,1,0
355079,Balsnes (Hitra),,Hitra,Trøndelag,63.479801,8.847148,0,0,"Balsnes (Hitra), Hitra, Tø",0,,1,0
460625,Barlifjellet,,Hitra,Trøndelag,63.523728,8.857461,0,0,"Barlifjellet, Hitra, Tø",0,,1,0
1097368,Barman,,Hitra,Trøndelag,63.627874,8.854667,0,0,"Barman, Hitra, Tø",150,,1,0
355077,Barmfjorden,,Hitra,Trøndelag,63.61925,8.875714,0,0,"Barmfjorden, Hitra, Tø",0,,1,0
1094454,Barmfjorden utenfor Aunestrømmen,Barmfjorden,Hitra,Trøndelag,63.619572,8.852755,0,0,"Barmfjorden utenfor Aunestrømmen, Barmfjorden, Hitra, Tø",377,"POLYGON((8.847412 63.618412, 8.849386 63.619976, 8.857153 63.621482, 8.858655 63.620948, 8.85651 63.618202, 8.847412 63.618412))",1,0
1094456,Barmfjorden utenfor Aunet,Barmfjorden,Hitra,Trøndelag,63.61378,8.850916,0,0,"Barmfjorden utenfor Aunet, Barmfjorden, Hitra, Tø",471,"POLYGON((8.857003 63.61339, 8.852755 63.617014, 8.85327 63.618025, 8.851124 63.617872, 8.848334 63.61524, 8.849193 63.614573, 8.847133 63.613619, 8.846231 63.61381, 8.844944 63.613486, 8.844644 63.613085, 8.847562 63.612551, 8.848892 63.612818, 8.850094 63.612608, 8.850223 63.612227, 8.849579 63.611941, 8.853184 63.61175, 8.855115 63.612475, 8.856059 63.612532, 8.855973 63.6132, 8.857003 63.61339))",1,0
406248,Barmvatnet,,Hitra,Trøndelag,63.626769,8.817602,0,0,"Barmvatnet, Hitra, Tø",0,,1,0
3339571,beite v/Klubben,Klubben,Frøya,Trøndelag,63.756035,8.7021,0,0,"beite v/Klubben, Klubben, Frøya, Tø",203,"POLYGON((8.699415 63.75532, 8.701558 63.754955, 8.705388 63.756014, 8.703852 63.757327, 8.703059 63.757021, 8.702013 63.75629, 8.699415 63.75532))",1,0
1516443,bekk fra Tungvågvatnet,,Frøya,Trøndelag,63.73796,8.672275,0,0,"bekk fra Tungvågvatnet, Frøya, Tø",200,"POLYGON((8.669553 63.737707, 8.67265 63.738263, 8.676251 63.738581, 8.676385 63.738352, 8.671897 63.73764, 8.669636 63.73747, 8.669553 63.737707))",1,0
379544,Bekkamyran,Bekken,Frøya,Trøndelag,63.676893,8.575902,0,0,"Bekkamyran, Bekken, Frøya, Tø",300,,1,0
2114177,Bekkaskaget,Sistranda,Frøya,Trøndelag,63.725946,8.835545,0,0,"Bekkaskaget, Sistranda, Frøya, Tø",283,"POLYGON((8.836151 63.724171, 8.832072 63.727329, 8.834825 63.728111, 8.835809 63.727782, 8.836874 63.725701, 8.836935 63.724358, 8.836151 63.724171))",1,0
3346811,bekkedal v/Ulvan,Ulvøya,Hitra,Trøndelag,63.674063,9.039429,0,0,"bekkedal v/Ulvan, Ulvøya, Hitra, Tø",190,"POLYGON((9.037728 63.674039, 9.037146 63.673543, 9.03759 63.67334, 9.039217 63.673488, 9.039842 63.673791, 9.042823 63.674305, 9.042075 63.674441, 9.041268 63.674444, 9.040854 63.674434, 9.040338 63.674373, 9.039757 63.674289, 9.039227 63.674154, 9.038057 63.674167, 9.037781 63.674093, 9.037728 63.674039))",1,0
352427,Bekken,,Frøya,Trøndelag,63.673328,8.576935,0,0,"Bekken, Frøya, Tø",0,,1,0
398048,Bekkvika,Fjellværsøya,Hitra,Trøndelag,63.656184,9.114127,0,0,"Bekkvika, Fjellværsøya, Hitra, Tø",0,,1,0
421401,Bekkvika,Balsnes (Hitra),Hitra,Trøndelag,63.484469,8.87946,0,0,"Bekkvika, Balsnes (Hitra), Hitra, Tø",0,,1,0
384506,Bekkvikranda,Balsnes (Hitra),Hitra,Trøndelag,63.487112,8.890896,0,0,"Bekkvikranda, Balsnes (Hitra), Hitra, Tø",0,,1,0
389784,Bergli,,Frøya,Trøndelag,63.714806,8.590921,0,0,"Bergli, Frøya, Tø",0,,1,0
792306,Besselvassheia,,Frøya,Trøndelag,63.714519,8.739647,0,0,"Besselvassheia, Frøya, Tø",300,,1,0
354310,Bispøyan,,Hitra,Trøndelag,63.601766,8.430851,0,0,"Bispøyan, Hitra, Tø",0,,1,0
646054,Bjørkedalsvatnet,,Hitra,Trøndelag,63.579061,9.105111,0,0,"Bjørkedalsvatnet, Hitra, Tø",467,"POLYGON((9.101592 63.581406, 9.098588 63.578885, 9.109317 63.575639, 9.114467 63.577969, 9.101592 63.581406))",1,0
373720,Bjørnavågen,,Hitra,Trøndelag,63.56247,9.147688,0,0,"Bjørnavågen, Hitra, Tø",0,,1,0
386734,Bjørnholmen,Bjørnholmen - Kløftholmen,Frøya,Trøndelag,63.915434,8.899349,0,0,"Bjørnholmen, Bjørnholmen - Kløftholmen, Frøya, Tø",0,,1,0
386733,Bjørnholmen - Kløftholmen,,Frøya,Trøndelag,63.914466,8.892216,0,0,"Bjørnholmen - Kløftholmen, Frøya, Tø",0,,1,0
352408,Blåbærvatnet,,Frøya,Trøndelag,63.70928,8.663613,0,0,"Blåbærvatnet, Frøya, Tø",0,,1,0
642923,Blåskogsvatnet,,Hitra,Trøndelag,63.575045,8.903588,0,0,"Blåskogsvatnet, Hitra, Tø",2370,"POLYGON((8.876857 63.585792, 8.876256 63.574529, 8.890504 63.563603, 8.905267 63.563832, 8.913507 63.569181, 8.943376 63.576745, 8.936509 63.580335, 8.913163 63.575599, 8.876857 63.585792))",1,0
353352,Bogøyvær,,Frøya,Trøndelag,63.871343,8.553363,0,0,"Bogøyvær, Frøya, Tø",0,,1,0
381451,Bondenget,Kvaløya,Frøya,Trøndelag,63.764977,8.686529,0,0,"Bondenget, Kvaløya, Frøya, Tø",0,,1,0
1168453,Brakkmark S av kapell,Titran,Frøya,Trøndelag,63.669106,8.309238,0,0,"Brakkmark S av kapell, Titran, Frøya, Tø",86,"POLYGON((8.30795 63.669138, 8.308412 63.669217, 8.308653 63.669193, 8.309012 63.669217, 8.309511 63.669305, 8.309903 63.669348, 8.310327 63.669379, 8.310767 63.669353, 8.310954 63.669222, 8.310166 63.668981, 8.309726 63.668865, 8.309372 63.668796, 8.309109 63.668705, 8.309034 63.668843, 8.308267 63.668955, 8.307934 63.669143, 8.30795 63.669138))",1,0
358021,Brattstigheia,,Frøya,Trøndelag,63.72624,8.671123,0,0,"Brattstigheia, Frøya, Tø",0,,1,0
358015,Brattåstjørna,,Hitra,Trøndelag,63.529847,9.059007,0,0,"Brattåstjørna, Hitra, Tø",0,,1,0
439565,Breivika,Sørdyrøya,Frøya,Trøndelag,63.79357,8.662841,0,0,"Breivika, Sørdyrøya, Frøya, Tø",0,,1,0
353348,Bremnesstuva,,Frøya,Trøndelag,63.744975,8.671554,0,0,"Bremnesstuva, Frøya, Tø",0,,1,0
352412,Brenna,,Frøya,Trøndelag,63.707012,8.685748,0,0,"Brenna, Frøya, Tø",0,,1,0
666352,Bringebærhagen,Titran,Frøya,Trøndelag,63.669077,8.312096,0,0,"Bringebærhagen, Titran, Frøya, Tø",58,"POLYGON((8.310916 63.66904, 8.311077 63.668888, 8.311324 63.668692, 8.311914 63.668759, 8.312494 63.668873, 8.312815 63.668959, 8.312848 63.669021, 8.312794 63.669078, 8.31274 63.669125, 8.312762 63.669202, 8.312773 63.669311, 8.312612 63.669354, 8.312558 63.669373, 8.312086 63.669463, 8.310906 63.669049, 8.310916 63.66904))",1,0
358020,Brusbakkvatnet,,Frøya,Trøndelag,63.730229,8.663523,0,0,"Brusbakkvatnet, Frøya, Tø",0,,1,0
382222,Brøttingsvågen,Fjellværsøya,Hitra,Trøndelag,63.62222,9.039351,0,0,"Brøttingsvågen, Fjellværsøya, Hitra, Tø",0,,1,0
643200,Bua,,Frøya,Trøndelag,63.673338,8.441315,0,0,"Bua, Frøya, Tø",574,"POLYGON((8.445149 63.676662, 8.450127 63.672818, 8.436222 63.669658, 8.433819 63.670115, 8.437424 63.674112, 8.445149 63.676662))",1,0
432013,"Budalsvatnet, sone 2A",Havmyran naturreservat,Hitra,Trøndelag,63.499204,8.670036,0,0,"Budalsvatnet, sone 2A, Havmyran naturreservat, Hitra, Tø",0,,1,0
352390,Bukta,Strømøya,Frøya,Trøndelag,63.80178,8.773504,0,0,"Bukta, Strømøya, Frøya, Tø",0,,1,0
423986,Bukta,Hestvika,Hitra,Trøndelag,63.550557,9.1763,0,0,"Bukta, Hestvika, Hitra, Tø",0,,1,0
355067,Burøya,Bispøyan,Hitra,Trøndelag,63.581205,8.394649,0,0,"Burøya, Bispøyan, Hitra, Tø",0,,1,0
425907,Burøysundet,,Hitra,Trøndelag,63.571291,8.402212,0,0,"Burøysundet, Hitra, Tø",400,,1,0
427711,Bustbergvatnet,,Frøya,Trøndelag,63.781956,8.787886,0,0,"Bustbergvatnet, Frøya, Tø",0,,1,0
362873,Bustlisundet,,Orkland,Trøndelag,63.472672,9.328977,0,0,"Bustlisundet, Orkland, Tø",0,,1,0
351720,Bustvika,,Frøya,Trøndelag,63.675837,8.385099,0,0,"Bustvika, Frøya, Tø",0,,1,0
381882,Buttulsvågen,Kvenvær,Hitra,Trøndelag,63.550461,8.469334,0,0,"Buttulsvågen, Kvenvær, Hitra, Tø",0,,1,0
439686,Bårbukta,Dolmsundet vest,Hitra,Trøndelag,63.623756,8.691551,0,0,"Bårbukta, Dolmsundet vest, Hitra, Tø",0,,1,0
381453,Bårdsenget,Aukaøya,Frøya,Trøndelag,63.769555,8.730259,0,0,"Bårdsenget, Aukaøya, Frøya, Tø",0,,1,0
3294476,Båthamna,Uttian,Frøya,Trøndelag,63.770218,8.852403,0,0,"Båthamna, Uttian, Frøya, Tø",100,,0,1
3339550,Båthamna,Uttian,Frøya,Trøndelag,63.768657,8.85315,0,0,"Båthamna, Uttian, Frøya, Tø",324,"POLYGON((8.851059 63.770061, 8.849535 63.768691, 8.848782 63.766761, 8.849638 63.766565, 8.853268 63.7677, 8.855597 63.768252, 8.858371 63.768404, 8.857258 63.768903, 8.856539 63.76941, 8.853542 63.770424, 8.851059 63.770061))",1,0
414492,Båtsvika,,Hitra,Trøndelag,63.484124,8.804667,0,0,"Båtsvika, Hitra, Tø",100,,1,0
414494,Båtsvikvågen,Båtsvika,Hitra,Trøndelag,63.483021,8.80225,0,0,"Båtsvikvågen, Båtsvika, Hitra, Tø",0,,1,0
381334,Båtvika,Norddyrøya,Frøya,Trøndelag,63.800689,8.699213,0,0,"Båtvika, Norddyrøya, Frøya, Tø",0,,1,0
646043,Børøya,Hestvika,Hitra,Trøndelag,63.572335,9.206969,0,0,"Børøya, Hestvika, Hitra, Tø",763,"POLYGON((9.194075 63.575842, 9.202486 63.566902, 9.206692 63.567396, 9.211499 63.568963, 9.213473 63.57007, 9.216133 63.569765, 9.217593 63.570647, 9.213644 63.572175, 9.209353 63.572557, 9.210383 63.575154, 9.203173 63.577675, 9.198023 63.577369, 9.194075 63.575842))",1,0
646045,Børøysundet,Hestvika,Hitra,Trøndelag,63.570663,9.193494,0,0,"Børøysundet, Hestvika, Hitra, Tø",1019,"POLYGON((9.202229 63.566861, 9.193817 63.5758, 9.184548 63.575609, 9.18429 63.574234, 9.187294 63.573661, 9.189011 63.57305, 9.189268 63.571675, 9.19047 63.572286, 9.192358 63.571981, 9.192702 63.571255, 9.191157 63.571446, 9.191243 63.570758, 9.191843 63.569994, 9.193302 63.569536, 9.195019 63.569612, 9.196392 63.569306, 9.19665 63.569001, 9.198366 63.568886, 9.199911 63.56732, 9.201285 63.564798, 9.202229 63.566861))",1,0
1094452,Bøstintvågen,Barmfjorden,Hitra,Trøndelag,63.618799,8.842596,0,0,"Bøstintvågen, Barmfjorden, Hitra, Tø",426,"POLYGON((8.844236 63.618584, 8.840459 63.618622, 8.837541 63.617973, 8.832649 63.618603, 8.842433 63.61988, 8.845094 63.619728, 8.844923 63.619022, 8.84724 63.618603, 8.847154 63.618393, 8.844236 63.618584))",1,0
946831,dal mellom Aunhesten og Toreheia,,Hitra,Trøndelag,63.508725,9.227634,0,0,"dal mellom Aunhesten og Toreheia, Hitra, Tø",680,"POLYGON((9.235273 63.511129, 9.237591 63.508679, 9.216305 63.505233, 9.21373 63.507454, 9.235273 63.511129))",1,0
439910,Dalasundet,Gurvikdalen,Frøya,Trøndelag,63.768026,8.733637,0,0,"Dalasundet, Gurvikdalen, Frøya, Tø",0,,1,0
356981,Dalen,Melandsjø,Hitra,Trøndelag,63.623437,8.720153,0,0,"Dalen, Melandsjø, Hitra, Tø",0,,1,0
352379,Dalsvik,,Frøya,Trøndelag,63.671049,8.372775,0,0,"Dalsvik, Frøya, Tø",0,,1,0
662832,Dalsvikvatnet,Dalsvik,Frøya,Trøndelag,63.672319,8.372459,0,0,"Dalsvikvatnet, Dalsvik, Frøya, Tø",137,"POLYGON((8.374909 63.672111, 8.374823 63.672197, 8.374619 63.67223, 8.374523 63.672235, 8.374319 63.672273, 8.374094 63.67223, 8.373879 63.672206, 8.373729 63.672211, 8.373643 63.672211, 8.373321 63.672282, 8.372903 63.672397, 8.372645 63.672501, 8.372527 63.672606, 8.372495 63.672696, 8.37227 63.67273, 8.372044 63.67273, 8.371969 63.672753, 8.371841 63.672787, 8.371765 63.672844, 8.371583 63.672825, 8.371379 63.672868, 8.371218 63.672891, 8.371079 63.672901, 8.370929 63.672939, 8.370768 63.672953, 8.370671 63.672844, 8.370907 63.67282, 8.371047 63.672787, 8.370971 63.672772, 8.370768 63.672772, 8.370746 63.672744, 8.370961 63.67273, 8.371165 63.672696, 8.371175 63.672625, 8.371079 63.672554, 8.371068 63.672468, 8.370971 63.672387, 8.370864 63.672335, 8.371014 63.672311, 8.371068 63.67233, 8.371089 63.672363, 8.371111 63.672401, 8.371229 63.67242, 8.371272 63.672501, 8.371304 63.672573, 8.371379 63.672506, 8.371422 63.672416, 8.371529 63.672354, 8.371497 63.672221, 8.371562 63.672173, 8.371626 63.67213, 8.371637 63.672049, 8.371519 63.671968, 8.371486 63.671868, 8.37168 63.671868, 8.371883 63.67184, 8.372463 63.671835, 8.372817 63.671854, 8.373289 63.671921, 8.373428 63.671916, 8.373622 63.671873, 8.373836 63.671821, 8.373976 63.671778, 8.374115 63.671654, 8.374201 63.671645, 8.374297 63.671664, 8.374287 63.671754, 8.374244 63.671802, 8.374426 63.671864, 8.374448 63.671902, 8.374576 63.67193, 8.374737 63.671968, 8.374855 63.672049, 8.374898 63.672121, 8.374909 63.672111))",1,0
350929,Daløya,,Frøya,Trøndelag,63.680374,8.392969,0,0,"Daløya, Frøya, Tø",0,,1,0
382705,Daløysundet,Daløya,Frøya,Trøndelag,63.677534,8.397047,0,0,"Daløysundet, Daløya, Frøya, Tø",200,,1,0
659888,dam Kjervågsund øst,Titran,Frøya,Trøndelag,63.685489,8.346713,0,0,"dam Kjervågsund øst, Titran, Frøya, Tø",56,"POLYGON((8.346964 63.685755, 8.346803 63.685798, 8.346739 63.685802, 8.3466 63.685721, 8.346535 63.685617, 8.346396 63.685617, 8.346235 63.685593, 8.346117 63.685569, 8.346042 63.685531, 8.34602 63.685498, 8.345956 63.685441, 8.345913 63.685379, 8.345945 63.685341, 8.345924 63.685274, 8.346009 63.685232, 8.346095 63.685213, 8.346138 63.685122, 8.346288 63.685108, 8.346299 63.685194, 8.34646 63.685203, 8.346621 63.685279, 8.346782 63.685293, 8.346975 63.685317, 8.347104 63.685355, 8.347243 63.685389, 8.347286 63.685436, 8.347458 63.685479, 8.347565 63.685479, 8.34763 63.685526, 8.347662 63.68556, 8.347565 63.685607, 8.34749 63.685612, 8.347355 63.685649, 8.347162 63.685672, 8.347033 63.68571, 8.346793 63.685707, 8.346932 63.685745, 8.346964 63.685755))",1,0
950760,dam ved Storvalen,Dolmøya,Hitra,Trøndelag,63.651344,8.781858,0,0,"dam ved Storvalen, Dolmøya, Hitra, Tø",50,,1,0
646072,"Dammen, Steinvika",Ansnes,Hitra,Trøndelag,63.641385,8.99006,0,0,"Dammen, Steinvika, Ansnes, Hitra, Tø",88,"POLYGON((8.991139 63.64115, 8.990281 63.642074, 8.989186 63.641931, 8.988371 63.641455, 8.989573 63.641055, 8.990731 63.640883, 8.991139 63.64115))",1,0
430775,Dolm,Dolmøya,Hitra,Trøndelag,63.632255,8.706777,0,0,"Dolm, Dolmøya, Hitra, Tø",0,,1,0
646077,Dolm kirke,Dolmøya,Hitra,Trøndelag,63.633091,8.707629,0,0,"Dolm kirke, Dolmøya, Hitra, Tø",119,"POLYGON((8.706213 63.632926, 8.706385 63.632706, 8.710183 63.633307, 8.709861 63.633516, 8.706921 63.633164, 8.706213 63.632926))",1,0
355044,Dolmsundet,,Hitra,Trøndelag,63.637789,8.781526,0,0,"Dolmsundet, Hitra, Tø",0,,1,0
441747,Dolmsundet vest,,Hitra,Trøndelag,63.625795,8.67265,0,0,"Dolmsundet vest, Hitra, Tø",0,,1,0
355078,Dolmsundtjernet,Dolmsundet,Hitra,Trøndelag,63.636724,8.785434,0,0,"Dolmsundtjernet, Dolmsundet, Hitra, Tø",0,,1,0
351721,Dolmøya,,Hitra,Trøndelag,63.647301,8.779909,0,0,"Dolmøya, Hitra, Tø",0,,1,0
366838,Doretstua,Fillingsnes,Frøya,Trøndelag,63.664729,8.504737,0,0,"Doretstua, Fillingsnes, Frøya, Tø",0,,1,0
437248,Draget,Titran,Frøya,Trøndelag,63.672192,8.295987,0,0,"Draget, Titran, Frøya, Tø",200,,1,0
356970,Dragsneset,Kvaløya,Frøya,Trøndelag,63.788836,8.744255,0,0,"Dragsneset, Kvaløya, Frøya, Tø",0,,1,0
449069,Dragsnesskogen,Strømøya,Frøya,Trøndelag,63.783067,8.792755,0,0,"Dragsnesskogen, Strømøya, Frøya, Tø",0,,1,0
773074,Dragvatnet,Fjellværsøya,Hitra,Trøndelag,63.636856,9.094732,0,0,"Dragvatnet, Fjellværsøya, Hitra, Tø",1253,"POLYGON((9.110844 63.639394, 9.095051 63.641223, 9.068615 63.636116, 9.079945 63.629712, 9.086811 63.63543, 9.111015 63.636726, 9.110844 63.639394))",1,0
646049,Drågavatnet,,Hitra,Trøndelag,63.56914,9.130566,0,0,"Drågavatnet, Hitra, Tø",347,"POLYGON((9.13335 63.571225, 9.126054 63.570461, 9.125367 63.568016, 9.129144 63.566296, 9.13232 63.567175, 9.13438 63.569582, 9.13335 63.571225))",1,0
3338715,dyrket mark v/Langrumpa,Uttian,Frøya,Trøndelag,63.768196,8.868006,0,0,"dyrket mark v/Langrumpa, Uttian, Frøya, Tø",282,"POLYGON((8.86935 63.770031, 8.870121 63.770024, 8.869699 63.769066, 8.869008 63.76784, 8.868354 63.767357, 8.86815 63.766798, 8.867728 63.766882, 8.867205 63.766792, 8.866114 63.767248, 8.86498 63.76791, 8.865329 63.76809, 8.868005 63.768167, 8.868688 63.768502, 8.86935 63.770031))",1,0
3338785,"dyrket mark, Siholmen nord",Sistranda,Frøya,Trøndelag,63.737199,8.835261,0,0,"dyrket mark, Siholmen nord, Sistranda, Frøya, Tø",94,"POLYGON((8.834099 63.736781, 8.83459 63.736733, 8.835357 63.736738, 8.835526 63.737175, 8.835915 63.737419, 8.836626 63.737501, 8.836636 63.737584, 8.835311 63.737648, 8.835081 63.737591, 8.834631 63.737233, 8.834099 63.736781))",1,0
3338786,"dyrket mark, Siholmen sør",Sistranda,Frøya,Trøndelag,63.736174,8.834735,0,0,"dyrket mark, Siholmen sør, Sistranda, Frøya, Tø",82,"POLYGON((8.835317 63.736687, 8.834008 63.736709, 8.833322 63.736083, 8.833849 63.735648, 8.834683 63.735639, 8.835112 63.735691, 8.835194 63.735748, 8.835163 63.736191, 8.835383 63.73666, 8.835317 63.736687))",1,0
352398,Dyrvik,,Frøya,Trøndelag,63.757041,8.821267,0,0,"Dyrvik, Frøya, Tø",0,,1,0
352376,Dørvik,Haugen (Frøya),Frøya,Trøndelag,63.679574,8.427698,0,0,"Dørvik, Haugen (Frøya), Frøya, Tø",0,,1,0
438624,Dørviksvaet,Dyrvik,Frøya,Trøndelag,63.76062,8.829074,0,0,"Dørviksvaet, Dyrvik, Frøya, Tø",0,,1,0
398005,Eid,,Hitra,Trøndelag,63.621737,8.930233,0,0,"Eid, Hitra, Tø",0,,1,0
391054,Eidsvatn,,Hitra,Trøndelag,63.607505,8.923595,0,0,"Eidsvatn, Hitra, Tø",0,,1,0
432003,Einskogvatnet,,Hitra,Trøndelag,63.500867,8.566658,0,0,"Einskogvatnet, Hitra, Tø",0,,1,0
435496,Einvika,Fjellværsøya,Hitra,Trøndelag,63.629235,9.119337,0,0,"Einvika, Fjellværsøya, Hitra, Tø",0,,1,0
3339569,Ellingsholmen,Uttian,Frøya,Trøndelag,63.763717,8.823029,0,0,"Ellingsholmen, Uttian, Frøya, Tø",105,"POLYGON((8.821466 63.763679, 8.821577 63.763385, 8.822235 63.762999, 8.824423 63.763366, 8.825149 63.763789, 8.824765 63.76414, 8.823696 63.764367, 8.822483 63.764053, 8.821466 63.763679))",1,0
3343132,Ellingsundet,,Frøya,Trøndelag,63.76564,8.826864,0,0,"Ellingsundet, Frøya, Tø",100,,0,1
436421,Ellingsundet,Uttian,Frøya,Trøndelag,63.76564,8.826855,0,0,"Ellingsundet, Uttian, Frøya, Tø",100,,1,0
357651,Engdal,,Frøya,Trøndelag,63.691325,8.595251,0,0,"Engdal, Frøya, Tø",0,,1,0
358014,Engdalsheia,,Frøya,Trøndelag,63.694184,8.602788,0,0,"Engdalsheia, Frøya, Tø",0,,1,0
437898,Englia,Akset,Hitra,Trøndelag,63.516975,8.989423,0,0,"Englia, Akset, Hitra, Tø",0,,1,0
792855,Engvollhaugen,Fillingsnes,Frøya,Trøndelag,63.665813,8.503075,0,0,"Engvollhaugen, Fillingsnes, Frøya, Tø",75,,1,0
352397,Ervika (Frøya),,Frøya,Trøndelag,63.74875,8.832649,0,0,"Ervika (Frøya), Frøya, Tø",0,,1,0
439470,Ervikvatnet,Ervika (Frøya),Frøya,Trøndelag,63.742674,8.81515,0,0,"Ervikvatnet, Ervika (Frøya), Frøya, Tø",0,,1,0
428395,Ervikvatnet øst,Ervika (Frøya),Frøya,Trøndelag,63.745345,8.827232,0,0,"Ervikvatnet øst, Ervika (Frøya), Frøya, Tø",0,,1,0
437247,Esnesbulandet,Titran,Frøya,Trøndelag,63.669387,8.319657,0,0,"Esnesbulandet, Titran, Frøya, Tø",250,,1,0
358006,Espnesdalen,,Frøya,Trøndelag,63.710274,8.603363,0,0,"Espnesdalen, Frøya, Tø",0,,1,0
352407,Espnesdalstjørna,,Frøya,Trøndelag,63.706582,8.626135,0,0,"Espnesdalstjørna, Frøya, Tø",0,,1,0
440320,Espneset,,Frøya,Trøndelag,63.718195,8.591532,0,0,"Espneset, Frøya, Tø",0,,1,0
2352984,Etiopianettet,Titran,Frøya,Trøndelag,63.67127,8.332951,0,0,"Etiopianettet, Titran, Frøya, Tø",91,"POLYGON((8.331939 63.671644, 8.332282 63.671435, 8.332068 63.670932, 8.332226 63.670633, 8.33301 63.670677, 8.333528 63.67105, 8.33437 63.671362, 8.33443 63.671591, 8.33372 63.671736, 8.331939 63.671644))",1,0
436674,Fagerstranda,Strømøya,Frøya,Trøndelag,63.776629,8.763721,0,0,"Fagerstranda, Strømøya, Frøya, Tø",0,,1,0
360428,Fausland,Barmfjorden,Hitra,Trøndelag,63.606482,8.856643,0,0,"Fausland, Barmfjorden, Hitra, Tø",0,,1,0
603130,Fehaugen,Titran,Frøya,Trøndelag,63.672838,8.324822,0,0,"Fehaugen, Titran, Frøya, Tø",50,,1,0
384555,Fergeleiet,Norddyrøya,Frøya,Trøndelag,63.799123,8.681615,0,0,"Fergeleiet, Norddyrøya, Frøya, Tø",0,,1,0
874921,FFK-senter,Sistranda,Frøya,Trøndelag,63.73098,8.831167,0,0,"FFK-senter, Sistranda, Frøya, Tø",100,,1,0
355036,Fillan,,Hitra,Trøndelag,63.602149,8.976299,0,0,"Fillan, Hitra, Tø",0,,1,0
380666,Fillfjorden,,Hitra,Trøndelag,63.609984,9.012833,0,0,"Fillfjorden, Hitra, Tø",0,,1,0
451706,Fillheia,Fillan,Hitra,Trøndelag,63.611713,8.974367,0,0,"Fillheia, Fillan, Hitra, Tø",0,,1,0
646067,Fillholmen,Fillan,Hitra,Trøndelag,63.606635,8.988042,0,0,"Fillholmen, Fillan, Hitra, Tø",131,"POLYGON((8.986204 63.606997, 8.988307 63.607169, 8.98998 63.606845, 8.98998 63.606005, 8.987577 63.605796, 8.986204 63.606997))",1,0
349599,Fillingsnes,,Frøya,Trøndelag,63.665064,8.49817,0,0,"Fillingsnes, Frøya, Tø",0,,1,0
646061,Fillvatnet,Fillan,Hitra,Trøndelag,63.607719,8.952517,0,0,"Fillvatnet, Fillan, Hitra, Tø",409,"POLYGON((8.959199 63.607277, 8.955165 63.60888, 8.950101 63.608651, 8.945552 63.608994, 8.945037 63.60743, 8.953363 63.605522, 8.959199 63.607277))",1,0
451435,Fillvågen,Fillan,Hitra,Trøndelag,63.6099,8.980135,0,0,"Fillvågen, Fillan, Hitra, Tø",0,,1,0
355071,Finnsøya,Bispøyan,Hitra,Trøndelag,63.612144,8.414753,0,0,"Finnsøya, Bispøyan, Hitra, Tø",0,,1,0
355024,Fjellvær,Fjellværsøya,Hitra,Trøndelag,63.633141,9.143224,0,0,"Fjellvær, Fjellværsøya, Hitra, Tø",0,,1,0
398006,Fjellvær gjestegård,Fjellværsøya,Hitra,Trøndelag,63.635176,9.151632,0,0,"Fjellvær gjestegård, Fjellværsøya, Hitra, Tø",0,,1,0
398007,Fjellvær sørøst,Fjellværsøya,Hitra,Trøndelag,63.632754,9.158288,0,0,"Fjellvær sørøst, Fjellværsøya, Hitra, Tø",0,,1,0
355031,Fjellværsvatnet,Fjellværsøya,Hitra,Trøndelag,63.639288,9.132013,0,0,"Fjellværsvatnet, Fjellværsøya, Hitra, Tø",0,,1,0
355025,Fjellværsøya,,Hitra,Trøndelag,63.640964,9.109654,0,0,"Fjellværsøya, Hitra, Tø",0,,1,0
3131452,fjære ved Saltnesvågen,Uttian,Frøya,Trøndelag,63.767049,8.861876,0,0,"fjære ved Saltnesvågen, Uttian, Frøya, Tø",196,"POLYGON((8.860025 63.76591, 8.865546 63.767494, 8.864126 63.768042, 8.862098 63.767882, 8.859439 63.767056, 8.860025 63.76591))",1,0
379543,Fjære ved Stakstuvollan,Kvaløya,Frøya,Trøndelag,63.782035,8.72972,0,0,"Fjære ved Stakstuvollan, Kvaløya, Frøya, Tø",100,,1,0
2290250,Fjølværet,,Frøya,Trøndelag,63.819931,8.617317,0,0,"Fjølværet, Frøya, Tø",1245,"POLYGON((8.609196 63.825382, 8.6171 63.825734, 8.633085 63.824951, 8.636194 63.822483, 8.627224 63.81006, 8.620119 63.808336, 8.601825 63.814724, 8.601914 63.822326, 8.609196 63.825382))",1,0
386726,Flatmåskjæret,Tidbreddskj - Flatmåsskj,Frøya,Trøndelag,63.900863,8.83874,0,0,"Flatmåskjæret, Tidbreddskj - Flatmåsskj, Frøya, Tø",0,,1,0
387458,Flatmåsskjæret vinter,Sallåtholman - Tromsa,Frøya,Trøndelag,63.902551,8.840518,0,0,"Flatmåsskjæret vinter, Sallåtholman - Tromsa, Frøya, Tø",0,,1,0
383721,Flatskjæret,Ballsnesbugen,Hitra,Trøndelag,63.475629,8.813362,0,0,"Flatskjæret, Ballsnesbugen, Hitra, Tø",0,,1,0
352419,Flatval,,Frøya,Trøndelag,63.688665,8.757433,0,0,"Flatval, Frøya, Tø",0,,1,0
356986,Flatøya,Flatval,Frøya,Trøndelag,63.690784,8.773181,0,0,"Flatøya, Flatval, Frøya, Tø",0,,1,0
643203,Flatøya,,Frøya,Trøndelag,63.668575,8.398984,0,0,"Flatøya, Frøya, Tø",663,"POLYGON((8.395195 63.671931, 8.390045 63.665573, 8.394508 63.664735, 8.410816 63.665954, 8.409185 63.668238, 8.397942 63.671664, 8.395195 63.671931))",1,0
386743,Flatøyan,Tromsa,Frøya,Trøndelag,63.914036,8.848154,0,0,"Flatøyan, Tromsa, Frøya, Tø",0,,1,0
430373,Flatøysand,Flatval,Frøya,Trøndelag,63.691624,8.776343,0,0,"Flatøysand, Flatval, Frøya, Tø",0,,1,0
428129,Fleinskallen,Sandstad,Hitra,Trøndelag,63.519142,9.061154,0,0,"Fleinskallen, Sandstad, Hitra, Tø",0,,1,0
403255,"Flesa, Fjellværøya øst",,Hitra,Trøndelag,63.64409,9.225635,0,0,"Flesa, Fjellværøya øst, Hitra, Tø",0,,1,0
386736,Flotra,,Frøya,Trøndelag,63.915229,8.969283,0,0,"Flotra, Frøya, Tø",0,,1,0
387475,Flotra vinter,Gjæsingbogen,Frøya,Trøndelag,63.916105,8.962923,0,0,"Flotra vinter, Gjæsingbogen, Frøya, Tø",0,,1,0
432838,Fløosen,Fløosvatnet,Hitra,Trøndelag,63.484678,8.813075,0,0,"Fløosen, Fløosvatnet, Hitra, Tø",0,,1,0
428383,Fløosvatnet,,Hitra,Trøndelag,63.485432,8.816578,0,0,"Fløosvatnet, Hitra, Tø",0,,1,0
357994,Fløtjønna,,Frøya,Trøndelag,63.715203,8.681741,0,0,"Fløtjønna, Frøya, Tø",0,,1,0
352438,Fossdalen,,Orkland,Trøndelag,63.483751,9.324558,0,0,"Fossdalen, Orkland, Tø",0,,1,0
398046,Fotballbane,Fjellværsøya,Hitra,Trøndelag,63.640609,9.127279,0,0,"Fotballbane, Fjellværsøya, Hitra, Tø",0,,1,0
641986,fotballbanen,Sula,Frøya,Trøndelag,63.84511,8.454144,0,0,"fotballbanen, Sula, Frøya, Tø",92,"POLYGON((8.455616 63.844873, 8.453245 63.844547, 8.452472 63.845289, 8.452848 63.84545, 8.455069 63.84563, 8.455616 63.844873))",1,0
3343068,Fredagsvika,,Frøya,Trøndelag,63.743966,8.835721,0,0,"Fredagsvika, Frøya, Tø",200,,0,1
356980,Fredly,Melandsjø,Hitra,Trøndelag,63.623884,8.705924,0,0,"Fredly, Melandsjø, Hitra, Tø",0,,1,0
355817,Frohavet,,Frøya,Trøndelag,63.922531,9.22612,0,0,"Frohavet, Frøya, Tø",0,,1,0
364990,Frøya renovasjonsanlegg,Høgset,Frøya,Trøndelag,63.694924,8.43359,0,0,"Frøya renovasjonsanlegg, Høgset, Frøya, Tø",0,,1,0
352418,Frøya småflyplass,,Frøya,Trøndelag,63.699434,8.756472,0,0,"Frøya småflyplass, Frøya, Tø",0,,1,0
1615598,Frøya vindkraftverk,,Frøya,Trøndelag,63.696189,8.648764,0,0,"Frøya vindkraftverk, Frøya, Tø",2637,"POLYGON((8.612737 63.695996, 8.679109 63.711755, 8.696156 63.702039, 8.692747 63.696902, 8.634444 63.684511, 8.613419 63.686123, 8.612737 63.695996))",1,0
457827,Frøyfjorden,,Frøya,Trøndelag,63.640385,8.331407,0,0,"Frøyfjorden, Frøya, Tø",0,,1,0
2732742,Frøyfjorden ved Stabben,Titran,Frøya,Trøndelag,63.651976,8.328313,0,0,"Frøyfjorden ved Stabben, Titran, Frøya, Tø",3434,"POLYGON((8.270601 63.654822, 8.321407 63.661563, 8.34017 63.662525, 8.356964 63.661099, 8.382512 63.656259, 8.378855 63.640524, 8.332525 63.639084, 8.301186 63.637086, 8.270601 63.654822))",1,0
2385622,Frøyhavet nord for Kjervågsund,Titran,Frøya,Trøndelag,63.709642,8.324912,0,0,"Frøyhavet nord for Kjervågsund, Titran, Frøya, Tø",2000,,1,0
641984,Fyrskogen,Sula,Frøya,Trøndelag,63.846817,8.454947,0,0,"Fyrskogen, Sula, Frøya, Tø",93,"POLYGON((8.454827 63.847435, 8.455782 63.846485, 8.454795 63.846182, 8.454505 63.846546, 8.454827 63.847435))",1,0
641992,Følingen,Sula,Frøya,Trøndelag,63.850898,8.470813,0,0,"Følingen, Sula, Frøya, Tø",1066,"POLYGON((8.476263 63.855626, 8.482443 63.848099, 8.468968 63.840797, 8.456952 63.850255, 8.46399 63.854983, 8.476263 63.855626))",1,0
580499,Gamle gravplassen,Titran,Frøya,Trøndelag,63.669774,8.310539,0,0,"Gamle gravplassen, Titran, Frøya, Tø",50,,1,0
3339564,Gamle minkfarmen,Uttian,Frøya,Trøndelag,63.777448,8.881331,0,0,"Gamle minkfarmen, Uttian, Frøya, Tø",137,"POLYGON((8.879967 63.778107, 8.879939 63.777103, 8.882658 63.776531, 8.883844 63.776962, 8.881609 63.777881, 8.879967 63.778107))",1,0
452694,Gammelsagtjønna,Straum (Hitra),Hitra,Trøndelag,63.558826,8.794111,0,0,"Gammelsagtjønna, Straum (Hitra), Hitra, Tø",0,,1,0
355659,Gangstøa,Sørleksa,Orkland,Trøndelag,63.579103,9.312161,0,0,"Gangstøa, Sørleksa, Orkland, Tø",0,,1,0
356973,Garnvika,Kvaløya,Frøya,Trøndelag,63.795101,8.719111,0,0,"Garnvika, Kvaløya, Frøya, Tø",0,,1,0
374998,Gauklia,,Hitra,Trøndelag,63.557266,9.05368,0,0,"Gauklia, Hitra, Tø",0,,1,0
359053,Gauklivatnet,,Hitra,Trøndelag,63.549288,9.054542,0,0,"Gauklivatnet, Hitra, Tø",0,,1,0
642006,Geitøya,Mausundvær,Frøya,Trøndelag,63.870881,8.649156,0,0,"Geitøya, Mausundvær, Frøya, Tø",276,"POLYGON((8.647174 63.872011, 8.65198 63.872238, 8.652409 63.86946, 8.647045 63.868685, 8.647174 63.872011))",1,0
355033,Gjertrudvatnet,Fjellværsøya,Hitra,Trøndelag,63.621441,9.091624,0,0,"Gjertrudvatnet, Fjellværsøya, Hitra, Tø",0,,1,0
387474,Gjæsingbogen sør,Gjæsingbogen,Frøya,Trøndelag,63.92828,8.937554,0,0,"Gjæsingbogen sør, Gjæsingbogen, Frøya, Tø",0,,1,0
349927,Gjæsingen,Ytre Gjæsingen,Frøya,Trøndelag,63.928679,8.90252,0,0,"Gjæsingen, Ytre Gjæsingen, Frøya, Tø",0,,1,0
368498,Gjæsingen - Kløftholmen,,Frøya,Trøndelag,63.91964,8.888264,0,0,"Gjæsingen - Kløftholmen, Frøya, Tø",0,,1,0
434949,Glaupa,Kjølsøya,Hitra,Trøndelag,63.636644,8.873918,0,0,"Glaupa, Kjølsøya, Hitra, Tø",0,,1,0
434951,Gløstad,,Hitra,Trøndelag,63.630743,8.897445,0,0,"Gløstad, Hitra, Tø",0,,1,0
441447,Golan - Hestvika,Hestvika,Hitra,Trøndelag,63.557414,9.185579,0,0,"Golan - Hestvika, Hestvika, Hitra, Tø",0,,1,0
603140,Granplanting NØ av kapell,Titran,Frøya,Trøndelag,63.6703,8.311761,0,0,"Granplanting NØ av kapell, Titran, Frøya, Tø",50,,1,0
642009,granplantningen,Sula,Frøya,Trøndelag,63.846207,8.450865,0,0,"granplantningen, Sula, Frøya, Tø",81,"POLYGON((8.451823 63.846014, 8.451351 63.846761, 8.450064 63.846713, 8.449398 63.845947, 8.450729 63.845796, 8.451823 63.846014))",1,0
662840,Grasbergvatnet,Titran,Frøya,Trøndelag,63.675082,8.336608,0,0,"Grasbergvatnet, Titran, Frøya, Tø",401,"POLYGON((8.340949 63.677108, 8.340821 63.676737, 8.340627 63.676547, 8.340284 63.67648, 8.340155 63.676376, 8.339876 63.676319, 8.339791 63.676252, 8.339469 63.676166, 8.339276 63.6761, 8.33904 63.675967, 8.338653 63.675948, 8.338525 63.675805, 8.338203 63.6757, 8.338074 63.675719, 8.337881 63.675653, 8.337774 63.675548, 8.337559 63.675377, 8.337323 63.675253, 8.337044 63.675063, 8.337023 63.674977, 8.337237 63.67492, 8.337473 63.674958, 8.337709 63.674891, 8.337859 63.674872, 8.338053 63.674929, 8.338396 63.674891, 8.338482 63.675072, 8.338868 63.675072, 8.339276 63.675034, 8.339297 63.67491, 8.339705 63.674834, 8.339683 63.674739, 8.339555 63.674606, 8.339083 63.674454, 8.338889 63.674577, 8.338761 63.674558, 8.338568 63.674406, 8.338332 63.674368, 8.338117 63.674225, 8.338503 63.674197, 8.338782 63.674301, 8.339361 63.674368, 8.33964 63.674263, 8.339726 63.674216, 8.339254 63.674092, 8.338761 63.673911, 8.338503 63.673797, 8.338267 63.673645, 8.337838 63.673626, 8.337666 63.673816, 8.337817 63.673987, 8.337559 63.674168, 8.337731 63.674273, 8.33625 63.674063, 8.335885 63.674025, 8.335671 63.673949, 8.335177 63.673873, 8.334898 63.673807, 8.334619 63.673787, 8.33434 63.673569, 8.33434 63.673435, 8.334061 63.673426, 8.333911 63.673616, 8.333804 63.67373, 8.333933 63.673816, 8.33374 63.674054, 8.333504 63.67413, 8.333096 63.674168, 8.332817 63.674149, 8.332645 63.674197, 8.332173 63.674044, 8.332216 63.674206, 8.332302 63.674349, 8.331787 63.674377, 8.331293 63.674435, 8.330821 63.67452, 8.330843 63.674749, 8.3308 63.675034, 8.330778 63.675262, 8.331229 63.675291, 8.331529 63.675186, 8.331637 63.675329, 8.331787 63.675396, 8.332087 63.67551, 8.332602 63.675519, 8.332946 63.675453, 8.333482 63.675443, 8.333868 63.675443, 8.333911 63.675576, 8.334147 63.675681, 8.334512 63.675681, 8.334448 63.675538, 8.334684 63.675386, 8.334963 63.67531, 8.335048 63.675215, 8.335413 63.675224, 8.335542 63.675072, 8.335757 63.675091, 8.335714 63.675291, 8.335649 63.675472, 8.336036 63.675681, 8.336186 63.675805, 8.336443 63.675938, 8.336872 63.676024, 8.337344 63.676005, 8.337795 63.675881, 8.338031 63.675862, 8.338267 63.676005, 8.338696 63.676233, 8.338975 63.676423, 8.339104 63.67669, 8.339233 63.676852, 8.339533 63.67688, 8.340155 63.677023, 8.340735 63.677165, 8.340992 63.677127, 8.340949 63.677108))",1,0
352410,Grasdalsvatnet,Stutvassdalen,Frøya,Trøndelag,63.704469,8.702663,0,0,"Grasdalsvatnet, Stutvassdalen, Frøya, Tø",0,,1,0
380665,Grefsnes,,Hitra,Trøndelag,63.555682,8.483267,0,0,"Grefsnes, Hitra, Tø",0,,1,0
398050,Grindskarvatnet,Ulvøya,Hitra,Trøndelag,63.671228,9.051694,0,0,"Grindskarvatnet, Ulvøya, Hitra, Tø",0,,1,0
646046,Grindvika,Hestvika,Hitra,Trøndelag,63.56285,9.199466,0,0,"Grindvika, Hestvika, Hitra, Tø",221,"POLYGON((9.199268 63.561923, 9.197594 63.562019, 9.197122 63.562515, 9.196907 63.563127, 9.200941 63.564942, 9.20283 63.564464, 9.2018 63.561885, 9.199268 63.561923))",1,0
990861,Grubba,,Frøya,Trøndelag,63.679299,8.660056,0,0,"Grubba, Frøya, Tø",150,,1,0
355061,Gryta,,Hitra,Trøndelag,63.545671,8.551953,0,0,"Gryta, Hitra, Tø",0,,1,0
653631,Grytelva naturreservat,,Hitra,Trøndelag,63.538721,8.533045,0,0,"Grytelva naturreservat, Hitra, Tø",2323,"POLYGON((8.547296 63.545709, 8.548991 63.544944, 8.547862 63.54461, 8.54573 63.5434, 8.544045 63.542807, 8.544901 63.542181, 8.545418 63.542463, 8.546277 63.543085, 8.548412 63.543515, 8.551094 63.544361, 8.551233 63.54428, 8.551512 63.544375, 8.551384 63.544457, 8.552371 63.544767, 8.563443 63.545064, 8.566801 63.543085, 8.560889 63.540054, 8.549708 63.534245, 8.543895 63.537382, 8.539346 63.535426, 8.540923 63.531797, 8.541524 63.528928, 8.536074 63.526302, 8.52094 63.52763, 8.519444 63.532399, 8.516064 63.533203, 8.496248 63.529439, 8.489253 63.532768, 8.492772 63.533198, 8.497321 63.534312, 8.497643 63.536148, 8.499188 63.536378, 8.49996 63.536464, 8.501827 63.53676, 8.50461 63.537911, 8.518901 63.538551, 8.529437 63.540521, 8.538724 63.541498, 8.547296 63.545709))",1,0
452399,Grytlia,Gryta,Hitra,Trøndelag,63.544346,8.547147,0,0,"Grytlia, Gryta, Hitra, Tø",0,,1,0
420807,Grønnbakken nedre,Sandstad,Hitra,Trøndelag,63.526876,9.108576,0,0,"Grønnbakken nedre, Sandstad, Hitra, Tø",0,,1,0
2352980,"Grønnhaugen, Stabben",Titran,Frøya,Trøndelag,63.665222,8.317637,0,0,"Grønnhaugen, Stabben, Titran, Frøya, Tø",111,"POLYGON((8.317279 63.66587, 8.31696 63.665514, 8.316752 63.665314, 8.316481 63.665156, 8.316309 63.665029, 8.316343 63.66475, 8.317061 63.664601, 8.317975 63.66467, 8.318743 63.664644, 8.319543 63.66471, 8.319522 63.664812, 8.318585 63.665366, 8.318162 63.6655, 8.317669 63.66584, 8.317533 63.665912, 8.317279 63.66587))",1,0
2352982,"Grønnhaugvågen, Stabben",Titran,Frøya,Trøndelag,63.664113,8.320573,0,0,"Grønnhaugvågen, Stabben, Titran, Frøya, Tø",325,"POLYGON((8.320052 63.662544, 8.320142 63.66288, 8.319791 63.663111, 8.31972 63.663368, 8.319818 63.663893, 8.319865 63.664087, 8.319639 63.664298, 8.319734 63.664794, 8.319245 63.665126, 8.318814 63.665385, 8.318363 63.665535, 8.318104 63.665706, 8.31777 63.665886, 8.317992 63.665986, 8.318565 63.665841, 8.318788 63.665632, 8.319354 63.665566, 8.319673 63.665376, 8.320073 63.664978, 8.320423 63.664975, 8.320494 63.664811, 8.320339 63.664642, 8.320294 63.664282, 8.320603 63.663769, 8.321262 63.663653, 8.321549 63.663545, 8.321926 63.663536, 8.322219 63.663771, 8.322592 63.663777, 8.322872 63.663613, 8.32275 63.663508, 8.322431 63.663589, 8.32234 63.663444, 8.322727 63.663293, 8.322899 63.663077, 8.322787 63.662868, 8.322464 63.662722, 8.322238 63.662664, 8.322137 63.662463, 8.320052 63.662544))",1,0
386722,Grønnholmen,Higersteinen - Grønnholmen,Frøya,Trøndelag,63.883236,8.781014,0,0,"Grønnholmen, Higersteinen - Grønnholmen, Frøya, Tø",0,,1,0
452279,Gunnarvassdalen,Titran,Frøya,Trøndelag,63.671168,8.347703,0,0,"Gunnarvassdalen, Titran, Frøya, Tø",0,,1,0
406285,Gunnhildøya,Straumfjorden,Hitra,Trøndelag,63.570884,8.622371,0,0,"Gunnhildøya, Straumfjorden, Hitra, Tø",500,,1,0
353349,Gurvikdalen,,Frøya,Trøndelag,63.765723,8.734939,0,0,"Gurvikdalen, Frøya, Tø",0,,1,0
362723,Gurvikdalen sør,Gurvikdalen,Frøya,Trøndelag,63.763146,8.742943,0,0,"Gurvikdalen sør, Gurvikdalen, Frøya, Tø",0,,1,0
437246,Gården,Titran,Frøya,Trøndelag,63.670061,8.308967,0,0,"Gården, Titran, Frøya, Tø",50,,1,0
641997,Gårdsøya,Mausundvær,Frøya,Trøndelag,63.869526,8.669603,0,0,"Gårdsøya, Mausundvær, Frøya, Tø",531,"POLYGON((8.663374 63.870293, 8.66655 63.868063, 8.667666 63.86674, 8.671271 63.865871, 8.680626 63.871692, 8.674361 63.873733, 8.663374 63.870293))",1,0
3294481,Gåsvika,Uttian,Frøya,Trøndelag,63.769813,8.859859,0,0,"Gåsvika, Uttian, Frøya, Tø",300,,0,1
434952,Gåsvikvågen,Gløstad,Hitra,Trøndelag,63.629391,8.892998,0,0,"Gåsvikvågen, Gløstad, Hitra, Tø",0,,1,0
643195,Hallaren kirke,Storhallaren,Frøya,Trøndelag,63.677049,8.618645,0,0,"Hallaren kirke, Storhallaren, Frøya, Tø",100,"POLYGON((8.617105 63.677527, 8.618982 63.677494, 8.619755 63.676889, 8.619766 63.676647, 8.619133 63.676685, 8.618671 63.676575, 8.617105 63.677527))",1,0
399547,Hallarn,,Frøya,Trøndelag,63.672822,8.616631,0,0,"Hallarn, Frøya, Tø",50,,1,0
643196,Hallarvatnet,Storhallaren,Frøya,Trøndelag,63.677959,8.60837,0,0,"Hallarvatnet, Storhallaren, Frøya, Tø",497,"POLYGON((8.61387 63.679446, 8.608248 63.680112, 8.606918 63.679484, 8.604729 63.680093, 8.597863 63.679237, 8.598335 63.677639, 8.604085 63.678305, 8.606489 63.677068, 8.60606 63.676383, 8.606746 63.676192, 8.607776 63.676649, 8.610523 63.676763, 8.610866 63.676288, 8.61357 63.676269, 8.613484 63.67703, 8.611252 63.677563, 8.610394 63.678666, 8.613956 63.67859, 8.61387 63.679446))",1,0
777813,Hallarvika,Dolmøya,Hitra,Trøndelag,63.641755,8.69459,0,0,"Hallarvika, Dolmøya, Hitra, Tø",165,"POLYGON((8.694246 63.642449, 8.691629 63.641305, 8.695791 63.640886, 8.697036 63.641686, 8.694246 63.642449))",1,0
372502,Halsen,Vingvågen,Hitra,Trøndelag,63.523941,9.325438,0,0,"Halsen, Vingvågen, Hitra, Tø",0,,1,0
432434,Halten (Hitra),Sandstad,Hitra,Trøndelag,63.526696,9.114684,0,0,"Halten (Hitra), Sandstad, Hitra, Tø",0,,1,0
1168458,Hamburglandet,Titran,Frøya,Trøndelag,63.671027,8.304781,0,0,"Hamburglandet, Titran, Frøya, Tø",279,"POLYGON((8.309009 63.670646, 8.309009 63.671312, 8.309331 63.67156, 8.309116 63.671931, 8.308709 63.671988, 8.308065 63.671997, 8.306885 63.671588, 8.306391 63.671541, 8.305983 63.671664, 8.305662 63.672397, 8.305833 63.672502, 8.305769 63.672549, 8.304288 63.672407, 8.303838 63.672321, 8.3027 63.672093, 8.302271 63.671988, 8.302078 63.671883, 8.302057 63.671702, 8.302443 63.671226, 8.302658 63.670855, 8.302937 63.670903, 8.303666 63.671046, 8.303773 63.67095, 8.303537 63.670722, 8.302894 63.670627, 8.3024 63.670475, 8.302164 63.670275, 8.302379 63.670123, 8.301971 63.670065, 8.301434 63.670075, 8.301177 63.669799, 8.301885 63.669628, 8.302636 63.66977, 8.303301 63.669885, 8.303709 63.669856, 8.303838 63.670056, 8.304589 63.66998, 8.306348 63.670303, 8.307829 63.670494, 8.308237 63.670655, 8.308988 63.670636, 8.309009 63.670646))",1,0
1360503,Hammaren,Hammarvika,Frøya,Trøndelag,63.701296,8.815381,0,0,"Hammaren, Hammarvika, Frøya, Tø",81,"POLYGON((8.815015 63.701706, 8.814114 63.701419, 8.814761 63.70097, 8.815635 63.700758, 8.81617 63.70072, 8.816142 63.701032, 8.815944 63.701344, 8.815663 63.701581, 8.815353 63.701719, 8.815015 63.701706))",1,0
427266,Hammarstaddalen,,Hitra,Trøndelag,63.60778,8.887536,0,0,"Hammarstaddalen, Hitra, Tø",0,,1,0
2398790,Hammarvasskogen,,Frøya,Trøndelag,63.725749,8.806924,0,0,"Hammarvasskogen, Frøya, Tø",222,"POLYGON((8.804362 63.726222, 8.805386 63.725422, 8.806331 63.725137, 8.805648 63.72447, 8.80613 63.724008, 8.810871 63.724746, 8.810931 63.72568, 8.809686 63.726782, 8.808139 63.726942, 8.807315 63.726596, 8.805828 63.726187, 8.805025 63.72632, 8.804362 63.726222))",1,0
352425,Hammarvatnet,,Frøya,Trøndelag,63.718951,8.804262,0,0,"Hammarvatnet, Frøya, Tø",0,,1,0
352423,Hammarvika,,Frøya,Trøndelag,63.698471,8.808655,0,0,"Hammarvika, Frøya, Tø",0,,1,0
792710,Hammarvikbukta,Hammarvika,Frøya,Trøndelag,63.695971,8.81376,0,0,"Hammarvikbukta, Hammarvika, Frøya, Tø",144,"POLYGON((8.814886 63.695001, 8.811818 63.69599, 8.81214 63.696864, 8.812655 63.696921, 8.816174 63.696047, 8.814886 63.695001))",1,0
383507,Hamn,Akset,Hitra,Trøndelag,63.496213,8.949322,0,0,"Hamn, Akset, Hitra, Tø",0,,1,0
383722,Hamnaholmen,Akset,Hitra,Trøndelag,63.499869,8.973658,0,0,"Hamnaholmen, Akset, Hitra, Tø",0,,1,0
384587,Hamnaskjæret,Akset,Hitra,Trøndelag,63.496281,8.963273,0,0,"Hamnaskjæret, Akset, Hitra, Tø",0,,1,0
397136,Hansbrygga,Nordskaget,Frøya,Trøndelag,63.707234,8.566056,0,0,"Hansbrygga, Nordskaget, Frøya, Tø",0,,1,0
437245,Hanshaugen,Titran,Frøya,Trøndelag,63.667901,8.309075,0,0,"Hanshaugen, Titran, Frøya, Tø",100,,1,0
425355,Hatthaugen,Storfjordkastet,Frøya,Trøndelag,63.691568,8.574105,0,0,"Hatthaugen, Storfjordkastet, Frøya, Tø",0,,1,0
398608,Haugen,Dolmøya,Hitra,Trøndelag,63.654585,8.797947,0,0,"Haugen, Dolmøya, Hitra, Tø",0,,1,0
666361,Haugen,Titran,Frøya,Trøndelag,63.67151,8.312978,0,0,"Haugen, Titran, Frøya, Tø",96,"POLYGON((8.311271 63.671701, 8.311421 63.671586, 8.311485 63.671505, 8.311646 63.67142, 8.311828 63.671358, 8.311828 63.67131, 8.311979 63.671267, 8.312129 63.67121, 8.312215 63.671196, 8.312419 63.671196, 8.312526 63.671201, 8.31259 63.671267, 8.312655 63.671234, 8.312805 63.671196, 8.312944 63.67121, 8.313019 63.67121, 8.313212 63.671215, 8.313459 63.671201, 8.313534 63.671206, 8.313609 63.671244, 8.31377 63.671282, 8.313878 63.671296, 8.313996 63.671301, 8.314146 63.671277, 8.3142 63.671287, 8.314081 63.671334, 8.314049 63.671429, 8.314039 63.671501, 8.314081 63.671543, 8.314178 63.671563, 8.314242 63.671558, 8.314253 63.67161, 8.314382 63.671605, 8.314478 63.671605, 8.314629 63.671624, 8.314124 63.671896, 8.313899 63.672076, 8.313373 63.67201, 8.313245 63.672, 8.312912 63.671986, 8.312805 63.671986, 8.312612 63.671953, 8.312354 63.671891, 8.312064 63.671819, 8.311914 63.671777, 8.311657 63.671739, 8.311431 63.671715, 8.311292 63.671715, 8.311271 63.671701))",1,0
352373,Haugen (Frøya),,Frøya,Trøndelag,63.678379,8.43315,0,0,"Haugen (Frøya), Frøya, Tø",0,,1,0
2780853,havet nord for Sula,Sula,Frøya,Trøndelag,63.864183,8.433223,0,0,"havet nord for Sula, Sula, Frøya, Tø",2658,"POLYGON((8.437676 63.847477, 8.387002 63.863996, 8.407876 63.877241, 8.437951 63.882501, 8.469537 63.87972, 8.454842 63.850866, 8.437676 63.847477))",1,0
3060295,Havet NV av Slettringen,,Frøya,Trøndelag,63.7409,8.057081,0,0,"Havet NV av Slettringen, Frøya, Tø",3155,"POLYGON((8.036902 63.752035, 8.011478 63.742656, 8.01185 63.726844, 8.049555 63.721163, 8.104441 63.721056, 8.111183 63.738761, 8.093878 63.755719, 8.05754 63.75783, 8.036902 63.752035))",1,0
3338392,havet sørvest av Sula,Sula,Frøya,Trøndelag,63.827498,8.436249,0,0,"havet sørvest av Sula, Sula, Frøya, Tø",1273,"POLYGON((8.423811 63.827604, 8.432269 63.819264, 8.463612 63.826463, 8.437742 63.836555, 8.423811 63.827604))",1,0
2880162,Havet utenfor Sula,,Frøya,Trøndelag,63.849223,8.346589,0,0,"Havet utenfor Sula, Frøya, Tø",1,,1,0
874906,havet V for Kya,,Frøya,Trøndelag,63.802859,8.201044,0,0,"havet V for Kya, Frøya, Tø",2000,,1,0
642350,Havmyran naturreservat,,Hitra,Trøndelag,63.507201,8.600439,0,0,"Havmyran naturreservat, Hitra, Tø",5469,"POLYGON((8.696428 63.485951, 8.701384 63.494587, 8.70353 63.500294, 8.702996 63.500632, 8.703446 63.50182, 8.703103 63.502203, 8.703446 63.50244, 8.703446 63.503283, 8.70394 63.503476, 8.703691 63.507954, 8.705944 63.516529, 8.700279 63.523102, 8.661977 63.524929, 8.660411 63.5247, 8.658823 63.525063, 8.657997 63.5257, 8.658909 63.526144, 8.655733 63.526651, 8.654059 63.527856, 8.650304 63.528927, 8.646356 63.530773, 8.642537 63.531787, 8.642794 63.532543, 8.639618 63.532648, 8.637172 63.533977, 8.635949 63.533633, 8.634769 63.533652, 8.634318 63.532849, 8.63258 63.532973, 8.632516 63.534446, 8.630971 63.535077, 8.629447 63.536148, 8.627345 63.535813, 8.626036 63.535106, 8.624705 63.535144, 8.623375 63.534503, 8.622667 63.534608, 8.622302 63.535593, 8.61962 63.535851, 8.617946 63.536722, 8.61874 63.537381, 8.622431 63.538347, 8.621916 63.54003, 8.603119 63.540948, 8.588335 63.539896, 8.588034 63.532237, 8.581768 63.522193, 8.578679 63.513515, 8.578786 63.512935, 8.578271 63.512792, 8.577284 63.512266, 8.577091 63.511978, 8.577305 63.511787, 8.577885 63.511854, 8.578818 63.511726, 8.578936 63.511471, 8.579494 63.511242, 8.579537 63.510763, 8.580181 63.509863, 8.580481 63.509739, 8.580395 63.509433, 8.580095 63.509404, 8.58003 63.509145, 8.580653 63.509078, 8.58106 63.508657, 8.580073 63.507174, 8.580728 63.506391, 8.580556 63.505989, 8.580792 63.505769, 8.580299 63.505357, 8.580342 63.504793, 8.580942 63.504189, 8.580449 63.503743, 8.57929 63.503759, 8.578561 63.503596, 8.576565 63.503686, 8.575342 63.503366, 8.57502 63.502859, 8.574376 63.502725, 8.571866 63.501461, 8.571222 63.501327, 8.571007 63.500992, 8.564849 63.499048, 8.564892 63.498799, 8.563304 63.498516, 8.56309 63.498311, 8.563519 63.498187, 8.563154 63.497708, 8.562296 63.497564, 8.562296 63.497421, 8.56148 63.497162, 8.5606 63.496492, 8.558669 63.495869, 8.554313 63.493096, 8.552672 63.492616, 8.552028 63.492625, 8.551384 63.492348, 8.548016 63.491294, 8.546986 63.491103, 8.546138 63.490836, 8.544711 63.490739, 8.544078 63.490616, 8.542308 63.489867, 8.541246 63.489131, 8.54072 63.488258, 8.540108 63.487905, 8.538714 63.48802, 8.55 63.477501, 8.552962 63.477808, 8.553434 63.478143, 8.556631 63.478488, 8.55721 63.478267, 8.561545 63.478066, 8.566416 63.476207, 8.567982 63.476485, 8.56957 63.47729, 8.570428 63.476849, 8.570707 63.477482, 8.571673 63.477453, 8.572445 63.477884, 8.574398 63.47752, 8.5865 63.477999, 8.61624 63.474291, 8.649113 63.48096, 8.696428 63.485951))",1,0
3338798,havn v/FKK-senter,Sistranda,Frøya,Trøndelag,63.730675,8.833857,0,0,"havn v/FKK-senter, Sistranda, Frøya, Tø",140,"POLYGON((8.832326 63.730554, 8.832317 63.730222, 8.833271 63.730251, 8.833187 63.730505, 8.836391 63.730607, 8.836419 63.730894, 8.835909 63.731206, 8.833243 63.731337, 8.833178 63.730624, 8.832326 63.730554))",1,0
355041,Heggåsen,Dolmøya,Hitra,Trøndelag,63.644613,8.834149,0,0,"Heggåsen, Dolmøya, Hitra, Tø",0,,1,0
350921,Heia,Titran,Frøya,Trøndelag,63.667749,8.298089,0,0,"Heia, Titran, Frøya, Tø",300,,1,0
724758,Heiavalen,Titran,Frøya,Trøndelag,63.667474,8.29739,0,0,"Heiavalen, Titran, Frøya, Tø",35,"POLYGON((8.297135 63.66766, 8.297746 63.667603, 8.297703 63.66727, 8.297231 63.667175, 8.297135 63.66766))",1,0
460903,Heimerøya,Ulvøya,Hitra,Trøndelag,63.673917,9.113337,0,0,"Heimerøya, Ulvøya, Hitra, Tø",0,,1,0
354311,Helgebostadøya,,Hitra,Trøndelag,63.571263,8.548485,0,0,"Helgebostadøya, Hitra, Tø",0,,1,0
653632,Helgebostadøya naturreservat,,Hitra,Trøndelag,63.564994,8.605333,0,0,"Helgebostadøya naturreservat, Hitra, Tø",551,"POLYGON((8.611824 63.56801, 8.599614 63.564214, 8.596664 63.563267, 8.596245 63.562967, 8.597028 63.562557, 8.597136 63.562409, 8.597189 63.562184, 8.598123 63.562504, 8.598305 63.562619, 8.598584 63.562662, 8.598702 63.562772, 8.599818 63.563144, 8.600236 63.563345, 8.600633 63.563426, 8.601052 63.563445, 8.601395 63.563498, 8.602017 63.563531, 8.602275 63.56367, 8.603519 63.564105, 8.603777 63.564147, 8.603927 63.564291, 8.604367 63.564496, 8.605998 63.564778, 8.606191 63.564912, 8.606577 63.565036, 8.607446 63.565198, 8.607983 63.565351, 8.608777 63.565678, 8.609485 63.565843, 8.609871 63.565982, 8.610225 63.566206, 8.610515 63.566235, 8.611212 63.566435, 8.611502 63.56644, 8.611673 63.566583, 8.611652 63.566942, 8.611534 63.567118, 8.611534 63.567257, 8.61133 63.567405, 8.611523 63.567562, 8.611802 63.56773, 8.611727 63.567835, 8.611845 63.56793, 8.611824 63.56801))",1,0
372624,Hellesvika,,Frøya,Trøndelag,63.780019,8.810245,0,0,"Hellesvika, Frøya, Tø",0,,1,0
355669,Hemnskjel,,Hitra,Trøndelag,63.495131,9.137744,0,0,"Hemnskjel, Hitra, Tø",0,,1,0
401559,Hemnskjelbrua,Sunde,Hitra,Trøndelag,63.49671,9.171044,0,0,"Hemnskjelbrua, Sunde, Hitra, Tø",0,,1,0
355064,Henriksøya,Bispøyan,Hitra,Trøndelag,63.580518,8.47132,0,0,"Henriksøya, Bispøyan, Hitra, Tø",0,,1,0
382197,Hernes,,Hitra,Trøndelag,63.500887,8.347092,0,0,"Hernes, Hitra, Tø",0,,1,0
459016,Hernes nord,,Hitra,Trøndelag,63.50126,8.339222,0,0,"Hernes nord, Hitra, Tø",0,,1,0
440779,Herøysvaet,Fjellværsøya,Hitra,Trøndelag,63.656,9.137789,0,0,"Herøysvaet, Fjellværsøya, Hitra, Tø",0,,1,0
355059,Hestnes,,Hitra,Trøndelag,63.585789,8.608996,0,0,"Hestnes, Hitra, Tø",0,,1,0
368595,Hestneset,Kråkvåg,Ørland,Trøndelag,63.637589,9.322518,0,0,"Hestneset, Kråkvåg, Ørland, Tø",0,,1,0
381884,Hestnesfjellet,Hestnes,Hitra,Trøndelag,63.59295,8.610963,0,0,"Hestnesfjellet, Hestnes, Hitra, Tø",0,,1,0
355082,Hestvika,,Hitra,Trøndelag,63.564398,9.198793,0,0,"Hestvika, Hitra, Tø",0,,1,0
1094421,Hestøya,Uttian,Frøya,Trøndelag,63.763243,8.858307,0,0,"Hestøya, Uttian, Frøya, Tø",368,"POLYGON((8.862585 63.764052, 8.859666 63.765684, 8.850568 63.762611, 8.854087 63.760979, 8.860353 63.762079, 8.862585 63.764052))",1,0
366287,Higersteinen,Higersteinen - Grønnholmen,Frøya,Trøndelag,63.882089,8.752349,0,0,"Higersteinen, Higersteinen - Grønnholmen, Frøya, Tø",0,,1,0
386721,Higersteinen - Grønnholmen,,Frøya,Trøndelag,63.881286,8.766749,0,0,"Higersteinen - Grønnholmen, Frøya, Tø",0,,1,0
387155,Higersteinen - Rotholmen,,Frøya,Trøndelag,63.887779,8.774645,0,0,"Higersteinen - Rotholmen, Frøya, Tø",0,,1,0
387157,Higersteinen vinter,Higersteinen - Rotholmen,Frøya,Trøndelag,63.880507,8.756382,0,0,"Higersteinen vinter, Higersteinen - Rotholmen, Frøya, Tø",0,,1,0
3055708,Hitra kirke,Melandsjø,Hitra,Trøndelag,63.628293,8.726908,0,0,"Hitra kirke, Melandsjø, Hitra, Tø",75,,1,0
1168455,Hjellholmen,Titran,Frøya,Trøndelag,63.67067,8.314527,0,0,"Hjellholmen, Titran, Frøya, Tø",169,"POLYGON((8.312301 63.670503, 8.312408 63.670598, 8.312408 63.670684, 8.312269 63.670822, 8.312505 63.670946, 8.313352 63.67106, 8.314221 63.671169, 8.314919 63.671217, 8.315305 63.671279, 8.316078 63.671203, 8.317097 63.671088, 8.317376 63.671069, 8.317558 63.671027, 8.317644 63.670903, 8.317236 63.670827, 8.316979 63.670665, 8.316603 63.670608, 8.316174 63.670598, 8.315895 63.670556, 8.315434 63.670565, 8.315209 63.670584, 8.314887 63.670556, 8.314565 63.670532, 8.314103 63.670475, 8.31376 63.670384, 8.313664 63.67028, 8.313277 63.670346, 8.313073 63.670189, 8.313191 63.67008, 8.31288 63.66997, 8.312408 63.670322, 8.312322 63.670489, 8.312301 63.670503))",1,0
360793,"Hjortvikneset, Storfjorden",,Frøya,Trøndelag,63.676399,8.497793,0,0,"Hjortvikneset, Storfjorden, Frøya, Tø",0,,1,0
355052,Hofstad,Straumfjorden,Hitra,Trøndelag,63.571567,8.670728,0,0,"Hofstad, Straumfjorden, Hitra, Tø",0,,1,0
2426770,Hokkøya - Remingen,Sulfjorden,Frøya,Trøndelag,63.846849,8.602957,0,0,"Hokkøya - Remingen, Sulfjorden, Frøya, Tø",968,"POLYGON((8.615361 63.848938, 8.610302 63.852127, 8.601018 63.85145, 8.588083 63.845467, 8.589364 63.840386, 8.60121 63.84064, 8.615361 63.848938))",1,0
356963,Holet,Norddyrøya,Frøya,Trøndelag,63.788979,8.682819,0,0,"Holet, Norddyrøya, Frøya, Tø",0,,1,0
2464128,Holmakeila,Titran,Frøya,Trøndelag,63.667422,8.30297,0,0,"Holmakeila, Titran, Frøya, Tø",186,"POLYGON((8.300503 63.666352, 8.299587 63.666847, 8.299995 63.666958, 8.300451 63.667186, 8.300494 63.667289, 8.300495 63.667336, 8.300571 63.667347, 8.300644 63.667242, 8.300947 63.667349, 8.301819 63.667534, 8.301929 63.667489, 8.302424 63.667585, 8.302429 63.667644, 8.302392 63.667687, 8.30247 63.667792, 8.302592 63.667792, 8.302654 63.667697, 8.30281 63.667807, 8.303169 63.667796, 8.303442 63.667798, 8.303703 63.6678, 8.304127 63.667822, 8.30423 63.66785, 8.304412 63.667959, 8.304484 63.66804, 8.304432 63.668096, 8.304495 63.668121, 8.30477 63.668087, 8.305398 63.667693, 8.305419 63.66765, 8.305361 63.667594, 8.305275 63.667584, 8.305148 63.667673, 8.305048 63.667747, 8.304968 63.667792, 8.30472 63.667828, 8.304561 63.667721, 8.304342 63.6675, 8.304415 63.667426, 8.304223 63.667427, 8.304148 63.667536, 8.304133 63.667626, 8.30399 63.667626, 8.303623 63.667465, 8.303584 63.667361, 8.303452 63.667312, 8.303454 63.667195, 8.303512 63.667168, 8.302976 63.667025, 8.302846 63.667053, 8.302751 63.667088, 8.302691 63.667134, 8.302693 63.667211, 8.302791 63.667165, 8.302861 63.667138, 8.303035 63.667133, 8.302976 63.667203, 8.302656 63.667299, 8.302203 63.66723, 8.302048 63.667193, 8.301846 63.667094, 8.301156 63.666701, 8.300987 63.666651, 8.300776 63.666558, 8.300503 63.666352))",1,0
380635,Holmen,Titran,Frøya,Trøndelag,63.666713,8.302194,0,0,"Holmen, Titran, Frøya, Tø",100,,1,0
1857120,holmer vest for Sula,Sula,Frøya,Trøndelag,63.840426,8.42283,0,0,"holmer vest for Sula, Sula, Frøya, Tø",1571,"POLYGON((8.439973 63.841002, 8.424043 63.851595, 8.403855 63.847116, 8.405778 63.833917, 8.423356 63.827921, 8.439973 63.841002))",1,0
1168457,Holmskogen,Titran,Frøya,Trøndelag,63.67215,8.306839,0,0,"Holmskogen, Titran, Frøya, Tø",78,"POLYGON((8.305928 63.67251, 8.306507 63.672577, 8.306979 63.672615, 8.307591 63.672619, 8.307891 63.672524, 8.308052 63.672358, 8.307977 63.672039, 8.307806 63.67201, 8.307602 63.671944, 8.307291 63.671829, 8.307055 63.671682, 8.306861 63.67162, 8.306572 63.671596, 8.306239 63.671615, 8.306046 63.671872, 8.305874 63.672091, 8.305799 63.672324, 8.305939 63.67251, 8.305928 63.67251))",1,0
389776,Holmvasstjønna,,Frøya,Trøndelag,63.718994,8.699743,0,0,"Holmvasstjønna, Frøya, Tø",0,,1,0
431998,"Holmvatnet, sone 2B",Havmyran naturreservat,Hitra,Trøndelag,63.494493,8.654253,0,0,"Holmvatnet, sone 2B, Havmyran naturreservat, Hitra, Tø",0,,1,0
381883,Holvika,Kvenvær,Hitra,Trøndelag,63.551629,8.459228,0,0,"Holvika, Kvenvær, Hitra, Tø",0,,1,0
439798,Hopsjø,Melandsjø,Hitra,Trøndelag,63.627356,8.719524,0,0,"Hopsjø, Melandsjø, Hitra, Tø",0,,1,0
442984,Hopsjøen sør,Melandsjø,Hitra,Trøndelag,63.625779,8.717485,0,0,"Hopsjøen sør, Melandsjø, Hitra, Tø",0,,1,0
419358,Hopsjøvatnet,Melandsjø,Hitra,Trøndelag,63.626386,8.720432,0,0,"Hopsjøvatnet, Melandsjø, Hitra, Tø",0,,1,0
1849337,Humlingsvær IBA,,Frøya,Trøndelag,63.755548,8.394321,0,0,"Humlingsvær IBA, Frøya, Tø",2928,"POLYGON((8.364346 63.751652, 8.367723 63.753355, 8.37961 63.757805, 8.408345 63.766081, 8.445897 63.769843, 8.460872 63.762672, 8.433756 63.751316, 8.384329 63.746584, 8.364494 63.74957, 8.363818 63.750496, 8.364346 63.751652))",1,0
666362,Hunddalsvatnet,Titran,Frøya,Trøndelag,63.66794,8.339896,0,0,"Hunddalsvatnet, Titran, Frøya, Tø",81,"POLYGON((8.340614 63.668414, 8.34055 63.668462, 8.340474 63.668519, 8.340303 63.668505, 8.340206 63.668481, 8.340206 63.668443, 8.34012 63.668424, 8.340045 63.668376, 8.340013 63.668357, 8.339841 63.668334, 8.339852 63.668281, 8.339777 63.668234, 8.339745 63.668167, 8.339723 63.66811, 8.339681 63.668057, 8.339659 63.66801, 8.339766 63.668005, 8.339756 63.667967, 8.339627 63.667967, 8.339659 63.667896, 8.339659 63.667853, 8.339723 63.667824, 8.339638 63.667796, 8.339541 63.667777, 8.339423 63.667796, 8.339241 63.667781, 8.339112 63.667743, 8.339101 63.667715, 8.339144 63.667639, 8.339058 63.667596, 8.339069 63.66752, 8.339273 63.667529, 8.33923 63.667486, 8.339359 63.667515, 8.339423 63.667463, 8.339509 63.667482, 8.339627 63.667463, 8.339777 63.667448, 8.339809 63.667448, 8.33982 63.667505, 8.339927 63.667544, 8.339906 63.667586, 8.339895 63.667615, 8.339992 63.667624, 8.340045 63.667667, 8.340024 63.667705, 8.340238 63.667682, 8.340271 63.667729, 8.340399 63.667805, 8.340378 63.667858, 8.340421 63.667939, 8.340432 63.668019, 8.340421 63.668053, 8.340485 63.668157, 8.340389 63.668186, 8.340346 63.668272, 8.340378 63.668338, 8.340485 63.66841, 8.340571 63.668424, 8.340614 63.668414))",1,0
355076,Husvatnet,Straum (Hitra),Hitra,Trøndelag,63.560666,8.763569,0,0,"Husvatnet, Straum (Hitra), Hitra, Tø",0,,1,0
452400,Husvatnet,Flatval,Frøya,Trøndelag,63.691691,8.747507,0,0,"Husvatnet, Flatval, Frøya, Tø",0,,1,0
372625,Husvika,Nordskaget,Frøya,Trøndelag,63.707847,8.579926,0,0,"Husvika, Nordskaget, Frøya, Tø",0,,1,0
390005,Hyllfjellet N,,Orkland,Trøndelag,63.48102,9.325438,0,0,"Hyllfjellet N, Orkland, Tø",0,,1,0
390006,Hyllfjellet S,,Orkland,Trøndelag,63.47735,9.325222,0,0,"Hyllfjellet S, Orkland, Tø",0,,1,0
397142,Hyllfjellet V,,Orkland,Trøndelag,63.479163,9.316473,0,0,"Hyllfjellet V, Orkland, Tø",0,,1,0
352377,Håvika,,Frøya,Trøndelag,63.66853,8.361186,0,0,"Håvika, Frøya, Tø",0,,1,0
662833,Håvika kirkegård,Håvika,Frøya,Trøndelag,63.671157,8.359338,0,0,"Håvika kirkegård, Håvika, Frøya, Tø",58,"POLYGON((8.359663 63.670805, 8.360135 63.671009, 8.360243 63.671119, 8.360082 63.671333, 8.359878 63.67148, 8.359492 63.671519, 8.358902 63.671457, 8.358387 63.671366, 8.358258 63.671262, 8.35829 63.670948, 8.359062 63.670776, 8.359663 63.670805))",1,0
793619,Håvikfjellet,,Hitra,Trøndelag,63.551256,8.650589,0,0,"Håvikfjellet, Hitra, Tø",1742,"POLYGON((8.672832 63.550426, 8.653434 63.55723, 8.630088 63.559294, 8.612235 63.549891, 8.640045 63.544844, 8.67266 63.546679, 8.672832 63.550426))",1,0
440098,Håvikfjellet-Kvamslifjellet,,Hitra,Trøndelag,63.539275,8.661466,0,0,"Håvikfjellet-Kvamslifjellet, Hitra, Tø",0,,1,0
420097,Håvikstraumen,,Hitra,Trøndelag,63.561734,8.595009,0,0,"Håvikstraumen, Hitra, Tø",0,,1,0
433230,Håvikvatnet nord,,Hitra,Trøndelag,63.543574,8.615733,0,0,"Håvikvatnet nord, Hitra, Tø",0,,1,0
432032,Håvikvatnet sør,,Hitra,Trøndelag,63.53765,8.62839,0,0,"Håvikvatnet sør, Hitra, Tø",0,,1,0
441928,Hærnesbrua,Hernes,Hitra,Trøndelag,63.501821,8.361725,0,0,"Hærnesbrua, Hernes, Hitra, Tø",0,,1,0
352366,Høgset,,Frøya,Trøndelag,63.690047,8.447865,0,0,"Høgset, Frøya, Tø",0,,1,0
3346779,høyde N av Vikavatnet,Ulvøya,Hitra,Trøndelag,63.667287,9.067736,0,0,"høyde N av Vikavatnet, Ulvøya, Hitra, Tø",385,"POLYGON((9.063205 63.666903, 9.062885 63.669081, 9.067869 63.669268, 9.072475 63.666825, 9.073609 63.666142, 9.070907 63.665884, 9.063205 63.666903))",1,0
1168459,Høyneset,Titran,Frøya,Trøndelag,63.671154,8.301238,0,0,"Høyneset, Titran, Frøya, Tø",111,"POLYGON((8.302688 63.670815, 8.302109 63.670653, 8.301282 63.670382, 8.300767 63.670286, 8.300177 63.670615, 8.29992 63.670986, 8.299555 63.6712, 8.299662 63.671533, 8.300102 63.671752, 8.300671 63.671881, 8.301272 63.671919, 8.301937 63.671904, 8.301969 63.671704, 8.302345 63.671205, 8.302656 63.670815, 8.302688 63.670815))",1,0
358007,Indre Damvatnet,,Frøya,Trøndelag,63.698706,8.679828,0,0,"Indre Damvatnet, Frøya, Tø",0,,1,0
432001,"Indre Langvatnet, sone 3B",Havmyran naturreservat,Hitra,Trøndelag,63.514111,8.628318,0,0,"Indre Langvatnet, sone 3B, Havmyran naturreservat, Hitra, Tø",0,,1,0
432005,"Indre Leberget, sone 1B",Havmyran naturreservat,Hitra,Trøndelag,63.490893,8.601315,0,0,"Indre Leberget, sone 1B, Havmyran naturreservat, Hitra, Tø",0,,1,0
432028,"Indre Lebergvatnet, sone 1B",Havmyran naturreservat,Hitra,Trøndelag,63.483687,8.606346,0,0,"Indre Lebergvatnet, sone 1B, Havmyran naturreservat, Hitra, Tø",0,,1,0
646050,"Indre Tjæravågen, Utset",,Hitra,Trøndelag,63.574837,9.136683,0,0,"Indre Tjæravågen, Utset, Hitra, Tø",262,"POLYGON((9.135453 63.575615, 9.134165 63.574316, 9.134551 63.573495, 9.136053 63.573877, 9.137899 63.573457, 9.137641 63.574029, 9.136826 63.574335, 9.137298 63.575156, 9.139315 63.576245, 9.139143 63.576379, 9.136397 63.575519, 9.135453 63.575615))",1,0
358011,Inndalsheia,,Frøya,Trøndelag,63.701751,8.611834,0,0,"Inndalsheia, Frøya, Tø",0,,1,0
390756,Inndalsvatnet,,Frøya,Trøndelag,63.70462,8.60507,0,0,"Inndalsvatnet, Frøya, Tø",0,,1,0
430560,Inner Bjørtjønna,,Hitra,Trøndelag,63.534912,8.999619,0,0,"Inner Bjørtjønna, Hitra, Tø",0,,1,0
352429,Inner Singsvatnet,,Frøya,Trøndelag,63.683445,8.615104,0,0,"Inner Singsvatnet, Frøya, Tø",0,,1,0
429617,Innerdalen,Kaldklov,Hitra,Trøndelag,63.573175,8.996951,0,0,"Innerdalen, Kaldklov, Hitra, Tø",0,,1,0
386737,Innergjæsingen,,Frøya,Trøndelag,63.92139,8.925328,0,0,"Innergjæsingen, Frøya, Tø",0,,1,0
643193,Innerhallarvågen,Storhallaren,Frøya,Trøndelag,63.676147,8.619862,0,0,"Innerhallarvågen, Storhallaren, Frøya, Tø",97,"POLYGON((8.618768 63.676524, 8.618661 63.675686, 8.618875 63.675525, 8.620785 63.675468, 8.621472 63.675696, 8.621708 63.676143, 8.620678 63.676371, 8.620098 63.676343, 8.619519 63.676676, 8.619154 63.676666, 8.618768 63.676524))",1,0
437243,Innersia,Titran,Frøya,Trøndelag,63.668168,8.307997,0,0,"Innersia, Titran, Frøya, Tø",100,,1,0
442676,Innersia vest,Titran,Frøya,Trøndelag,63.667654,8.306838,0,0,"Innersia vest, Titran, Frøya, Tø",100,,1,0
548315,Innervågen,Titran,Frøya,Trøndelag,63.668598,8.321624,0,0,"Innervågen, Titran, Frøya, Tø",200,,1,0
642103,Inntian,,Frøya,Trøndelag,63.732713,8.892053,0,0,"Inntian, Frøya, Tø",2688,"POLYGON((8.863376 63.73858, 8.860102 63.726063, 8.877268 63.714662, 8.901987 63.716639, 8.944903 63.735484, 8.927467 63.742848, 8.897941 63.748847, 8.863376 63.73858))",1,0
433214,Jakttjørna,,Hitra,Trøndelag,63.523885,8.721851,0,0,"Jakttjørna, Hitra, Tø",0,,1,0
355037,Jektvika,Dolmøya,Hitra,Trøndelag,63.648305,8.800175,0,0,"Jektvika, Dolmøya, Hitra, Tø",0,,1,0
458709,Jektvika,Ansnes,Hitra,Trøndelag,63.648704,8.995181,0,0,"Jektvika, Ansnes, Hitra, Tø",0,,1,0
358591,Jensøya,,Hitra,Trøndelag,63.648923,9.020523,0,0,"Jensøya, Hitra, Tø",0,,1,0
434953,Jevik,,Hitra,Trøndelag,63.629526,8.96463,0,0,"Jevik, Hitra, Tø",0,,1,0
646071,Jevikvatnet,Jevik,Hitra,Trøndelag,63.635159,8.978187,0,0,"Jevikvatnet, Jevik, Hitra, Tø",545,"POLYGON((8.972642 63.632512, 8.975046 63.635352, 8.977106 63.6368, 8.982213 63.638877, 8.984745 63.639068, 8.986375 63.638534, 8.980539 63.632874, 8.976505 63.632912, 8.974059 63.63215, 8.972642 63.632512))",1,0
3316885,Jorde N for markedshagen,Sistranda,Frøya,Trøndelag,63.733533,8.831971,0,0,"Jorde N for markedshagen, Sistranda, Frøya, Tø",98,"POLYGON((8.830893 63.733773, 8.830389 63.733045, 8.832742 63.732963, 8.832733 63.733334, 8.833299 63.733804, 8.832565 63.733875, 8.832256 63.733695, 8.830893 63.733773))",0,1
3338708,jorder mellom FKK-senter og Myratangen,Sistranda,Frøya,Trøndelag,63.732601,8.831551,0,0,"jorder mellom FKK-senter og Myratangen, Sistranda, Frøya, Tø",189,"POLYGON((8.829891 63.731691, 8.831587 63.731702, 8.831411 63.731282, 8.831992 63.731285, 8.832461 63.731827, 8.832507 63.732584, 8.832598 63.733418, 8.833392 63.733904, 8.832368 63.733919, 8.832107 63.733696, 8.830933 63.733826, 8.830502 63.73326, 8.830067 63.732326, 8.829891 63.731691))",1,0
3294482,Jorder ved Gården,Uttian,Frøya,Trøndelag,63.76822,8.868799,0,0,"Jorder ved Gården, Uttian, Frøya, Tø",252,"POLYGON((8.864989 63.767879, 8.867901 63.766588, 8.868562 63.767564, 8.870978 63.767153, 8.872755 63.767688, 8.871607 63.768541, 8.870266 63.768731, 8.870945 63.769982, 8.869476 63.770092, 8.868603 63.768472, 8.867298 63.768143, 8.866012 63.768151, 8.864989 63.767879))",0,1
386744,Joøya,Tromsa,Frøya,Trøndelag,63.911381,8.862159,0,0,"Joøya, Tromsa, Frøya, Tø",0,,1,0
431241,Jøsnøya,,Hitra,Trøndelag,63.509395,9.085201,0,0,"Jøsnøya, Hitra, Tø",0,,1,0
428384,Kaldklov,,Hitra,Trøndelag,63.574086,8.982811,0,0,"Kaldklov, Hitra, Tø",0,,1,0
646058,Kaldklovvatnet,,Hitra,Trøndelag,63.578179,9.000489,0,0,"Kaldklovvatnet, Hitra, Tø",345,"POLYGON((8.999196 63.579879, 8.995334 63.576441, 8.996965 63.575544, 9.006492 63.577148, 9.004861 63.578447, 9.001299 63.578408, 9.00057 63.579688, 8.999196 63.579879))",1,0
355069,Kalvøya,,Hitra,Trøndelag,63.578987,8.423377,0,0,"Kalvøya, Hitra, Tø",0,,1,0
426428,Kalvøya,Dolmøya,Hitra,Trøndelag,63.649749,8.742584,0,0,"Kalvøya, Dolmøya, Hitra, Tø",0,,1,0
426802,Kalvøya,Sandstad,Hitra,Trøndelag,63.521762,9.110785,0,0,"Kalvøya, Sandstad, Hitra, Tø",0,,1,0
438751,Kalvøya,Sørdyrøya,Frøya,Trøndelag,63.796933,8.659517,0,0,"Kalvøya, Sørdyrøya, Frøya, Tø",0,,1,0
427064,Kalvøya øst,Sandstad,Hitra,Trøndelag,63.523348,9.115358,0,0,"Kalvøya øst, Sandstad, Hitra, Tø",0,,1,0
374740,Kamvika,Vingvågen,Hitra,Trøndelag,63.525943,9.289919,0,0,"Kamvika, Vingvågen, Hitra, Tø",0,,1,0
374738,Kamvikfjellet,Valslagvågen,Hitra,Trøndelag,63.514415,9.267227,0,0,"Kamvikfjellet, Valslagvågen, Hitra, Tø",0,,1,0
2388614,Karivågen,Sørdyrøya,Frøya,Trøndelag,63.796177,8.669261,0,0,"Karivågen, Sørdyrøya, Frøya, Tø",172,"POLYGON((8.667104 63.796697, 8.670246 63.794829, 8.671394 63.79506, 8.670004 63.795878, 8.670427 63.796394, 8.669702 63.796901, 8.668111 63.796963, 8.667104 63.796697))",1,0
353340,Kattugletjørna,Storfjordkastet,Frøya,Trøndelag,63.687845,8.561214,0,0,"Kattugletjørna, Storfjordkastet, Frøya, Tø",0,,1,0
1168450,Kattvalen,Titran,Frøya,Trøndelag,63.668743,8.306909,0,0,"Kattvalen, Titran, Frøya, Tø",117,"POLYGON((8.305172 63.668649, 8.305709 63.668834, 8.305891 63.668944, 8.306117 63.669153, 8.307007 63.669301, 8.307415 63.669353, 8.307865 63.669163, 8.308037 63.669082, 8.308241 63.668944, 8.308992 63.668839, 8.309056 63.668711, 8.30778 63.668382, 8.307147 63.66822, 8.306406 63.667883, 8.306245 63.667892, 8.305194 63.668639, 8.305172 63.668649))",1,0
641983,kirkegården,Sula,Frøya,Trøndelag,63.847364,8.455529,0,0,"kirkegården, Sula, Frøya, Tø",75,"POLYGON((8.454698 63.847563, 8.455353 63.847714, 8.455546 63.84753, 8.455975 63.847629, 8.456812 63.846896, 8.455621 63.84665, 8.454698 63.847563))",1,0
659891,Kirkegården,Titran,Frøya,Trøndelag,63.67336,8.323981,0,0,"Kirkegården, Titran, Frøya, Tø",52,"POLYGON((8.323911 63.673092, 8.324383 63.673396, 8.324587 63.67373, 8.324007 63.673882, 8.323138 63.673254, 8.323932 63.673073, 8.323911 63.673092))",1,0
460630,Kjeisvatnet,,Frøya,Trøndelag,63.718298,8.762967,0,0,"Kjeisvatnet, Frøya, Tø",0,,1,0
444823,Kjerkvaler v/Sletta kirke,Svellingen,Frøya,Trøndelag,63.795323,8.804631,0,0,"Kjerkvaler v/Sletta kirke, Svellingen, Frøya, Tø",0,,1,0
370403,Kjerkvika,Kråkvåg,Ørland,Trøndelag,63.643345,9.333083,0,0,"Kjerkvika, Kråkvåg, Ørland, Tø",0,,1,0
372876,Kjerringberget,Fillingsnes,Frøya,Trøndelag,63.666191,8.494424,0,0,"Kjerringberget, Fillingsnes, Frøya, Tø",0,,1,0
355040,Kjerringvåg,Dolmøya,Hitra,Trøndelag,63.653991,8.777142,0,0,"Kjerringvåg, Dolmøya, Hitra, Tø",0,,1,0
380412,Kjerringvågen,Fillingsnes,Frøya,Trøndelag,63.664681,8.491711,0,0,"Kjerringvågen, Fillingsnes, Frøya, Tø",100,,1,0
350924,Kjervågsund,Titran,Frøya,Trøndelag,63.687551,8.343256,0,0,"Kjervågsund, Titran, Frøya, Tø",750,,1,0
398052,Kjevikan,Ulvøya,Hitra,Trøndelag,63.667522,9.053123,0,0,"Kjevikan, Ulvøya, Hitra, Tø",0,,1,0
434946,Kjølsøya,Kjølsøya,Hitra,Trøndelag,63.635623,8.881212,0,0,"Kjølsøya, Kjølsøya, Hitra, Tø",0,,1,0
434950,Kjølsøya,,Hitra,Trøndelag,63.638678,8.887132,0,0,"Kjølsøya, Hitra, Tø",0,,1,0
434032,Kjølsøyvågen,,Hitra,Trøndelag,63.636077,8.892692,0,0,"Kjølsøyvågen, Hitra, Tø",0,,1,0
434948,Kleiva,Kjølsøya,Hitra,Trøndelag,63.638084,8.879344,0,0,"Kleiva, Kjølsøya, Hitra, Tø",0,,1,0
662831,Klevatnet,Bustvika,Frøya,Trøndelag,63.674024,8.377459,0,0,"Klevatnet, Bustvika, Frøya, Tø",108,"POLYGON((8.378567 63.674557, 8.378353 63.674571, 8.378246 63.674538, 8.378246 63.674504, 8.378106 63.6745, 8.378053 63.674485, 8.377924 63.674428, 8.377731 63.674319, 8.377452 63.67419, 8.377269 63.674157, 8.377173 63.674105, 8.376905 63.674033, 8.376797 63.674019, 8.376679 63.673995, 8.376583 63.673962, 8.376272 63.673905, 8.376046 63.673857, 8.375917 63.6739, 8.375821 63.673719, 8.375757 63.673624, 8.375692 63.673577, 8.37566 63.673501, 8.375853 63.673443, 8.376068 63.673467, 8.37625 63.673472, 8.37655 63.6736, 8.376604 63.673653, 8.376797 63.673667, 8.376851 63.673681, 8.376947 63.673686, 8.377033 63.673691, 8.377108 63.673715, 8.377226 63.673705, 8.37742 63.673705, 8.377677 63.673772, 8.377945 63.673815, 8.378095 63.673838, 8.378235 63.673895, 8.378256 63.673953, 8.378128 63.673948, 8.37801 63.673905, 8.37787 63.673929, 8.37802 63.674052, 8.378171 63.674091, 8.378353 63.674105, 8.378407 63.674167, 8.378482 63.674205, 8.378428 63.674267, 8.378535 63.674357, 8.378707 63.674476, 8.378728 63.674504, 8.378589 63.674509, 8.378535 63.674509, 8.378578 63.674543, 8.378567 63.674557))",1,0
792853,Klevollen,Fillingsnes,Frøya,Trøndelag,63.666372,8.497122,0,0,"Klevollen, Fillingsnes, Frøya, Tø",146,"POLYGON((8.495906 63.665939, 8.496077 63.666282, 8.496828 63.666225, 8.497107 63.666691, 8.496893 63.666834, 8.497923 63.667205, 8.499425 63.667129, 8.49803 63.665101, 8.495906 63.665939))",1,0
356951,Klubben,,Frøya,Trøndelag,63.758273,8.705573,0,0,"Klubben, Frøya, Tø",0,,1,0
352414,Klumpan,,Frøya,Trøndelag,63.709093,8.709553,0,0,"Klumpan, Frøya, Tø",0,,1,0
356955,Klumpheia,Kverva,Frøya,Trøndelag,63.705332,8.54394,0,0,"Klumpheia, Kverva, Frøya, Tø",0,,1,0
441048,Klungervika,Sørdyrøya,Frøya,Trøndelag,63.784341,8.653597,0,0,"Klungervika, Sørdyrøya, Frøya, Tø",0,,1,0
386735,Kløftholmen,Bjørnholmen - Kløftholmen,Frøya,Trøndelag,63.915011,8.884733,0,0,"Kløftholmen, Bjørnholmen - Kløftholmen, Frøya, Tø",0,,1,0
355023,Knarrlagsund,Ulvøya,Hitra,Trøndelag,63.66431,9.087726,0,0,"Knarrlagsund, Ulvøya, Hitra, Tø",0,,1,0
355043,Knutshaug,Dolmøya,Hitra,Trøndelag,63.659321,8.84112,0,0,"Knutshaug, Dolmøya, Hitra, Tø",0,,1,0
355567,Kolskjæret,Titran,Frøya,Trøndelag,63.659998,8.347173,0,0,"Kolskjæret, Titran, Frøya, Tø",100,,1,0
420702,Kommersøya,Kråkvåg,Ørland,Trøndelag,63.635411,9.331151,0,0,"Kommersøya, Kråkvåg, Ørland, Tø",0,,1,0
439468,Kongenstjønna,Ervika (Frøya),Frøya,Trøndelag,63.75003,8.821977,0,0,"Kongenstjønna, Ervika (Frøya), Frøya, Tø",0,,1,0
383046,Korsholmen,Titran,Frøya,Trøndelag,63.664283,8.304125,0,0,"Korsholmen, Titran, Frøya, Tø",200,,1,0
443970,Korsvatnet,,Frøya,Trøndelag,63.728801,8.786736,0,0,"Korsvatnet, Frøya, Tø",0,,1,0
427063,Krabbefabrikken,"Kuøya, Hitra",Hitra,Trøndelag,63.651758,9.028024,0,0,"Krabbefabrikken, Kuøya, Hitra, Hitra, Tø",0,,1,0
362990,Krabbsundet,Ansnes,Hitra,Trøndelag,63.642631,9.004164,0,0,"Krabbsundet, Ansnes, Hitra, Tø",0,,1,0
356974,Krutvik,,Frøya,Trøndelag,63.732089,8.649384,0,0,"Krutvik, Frøya, Tø",0,,1,0
636610,Krysset,Kvisten,Frøya,Trøndelag,63.690139,8.456291,0,0,"Krysset, Kvisten, Frøya, Tø",100,,1,0
352406,Kråkdalsvatnet,,Frøya,Trøndelag,63.708882,8.648468,0,0,"Kråkdalsvatnet, Frøya, Tø",0,,1,0
349752,Kråkvåg,,Ørland,Trøndelag,63.643955,9.325959,0,0,"Kråkvåg, Ørland, Tø",0,,1,0
407269,Kråkvåg havn,Kråkvåg,Ørland,Trøndelag,63.638531,9.333478,0,0,"Kråkvåg havn, Kråkvåg, Ørland, Tø",0,,1,0
1836099,"Kråkvågsvaet, sone 2",Kråkvågsvaet fuglefredningsområde,Ørland,Trøndelag,63.661411,9.355551,0,0,"Kråkvågsvaet, sone 2, Kråkvågsvaet fuglefredningsområde, Ørland, Tø",1798,"POLYGON((9.336257 63.669983, 9.360359 63.668277, 9.368844 63.667061, 9.373033 63.667152, 9.371316 63.666269, 9.375093 63.663741, 9.372346 63.663101, 9.37269 63.662126, 9.374955 63.662705, 9.377702 63.661151, 9.378801 63.659232, 9.381753 63.657922, 9.380792 63.656642, 9.376535 63.656337, 9.3742 63.656612, 9.371385 63.657648, 9.368776 63.657739, 9.365892 63.656307, 9.338476 63.648753, 9.333876 63.648875, 9.331404 63.64982, 9.326872 63.655732, 9.329275 63.659083, 9.336279 63.662404, 9.326803 63.664415, 9.331007 63.667255, 9.330252 63.668077, 9.331419 63.6689, 9.333891 63.669022, 9.336257 63.669983))",1,0
435216,Kråkøya,Kråkvåg,Ørland,Trøndelag,63.637721,9.314469,0,0,"Kråkøya, Kråkvåg, Ørland, Tø",0,,1,0
689552,kulturmark,Malmmyran,Frøya,Trøndelag,63.69827,8.481009,0,0,"kulturmark, Malmmyran, Frøya, Tø",289,"POLYGON((8.47828 63.699854, 8.480727 63.700291, 8.484332 63.696621, 8.48283 63.696393, 8.481971 63.697458, 8.480641 63.69742, 8.47828 63.699854))",1,0
813486,kulturmark ved Badstuvik,Badstuvik,Hitra,Trøndelag,63.538323,9.127888,0,0,"kulturmark ved Badstuvik, Badstuvik, Hitra, Tø",575,"POLYGON((9.126472 63.542251, 9.123425 63.541027, 9.119477 63.540664, 9.11879 63.537452, 9.126429 63.533703, 9.127159 63.534372, 9.129047 63.533416, 9.136815 63.536591, 9.133725 63.537815, 9.135012 63.53923, 9.131837 63.541104, 9.126472 63.542251))",1,0
1299382,Kulturmark ved Inner Singsvatnet,Inner Singsvatnet,Frøya,Trøndelag,63.684683,8.610684,0,0,"Kulturmark ved Inner Singsvatnet, Inner Singsvatnet, Frøya, Tø",100,,1,0
827820,kulturmark ved Smågevatnet,Smågevatnet,Hitra,Trøndelag,63.604596,8.624529,0,0,"kulturmark ved Smågevatnet, Smågevatnet, Hitra, Tø",486,"POLYGON((8.628707 63.607326, 8.630681 63.603663, 8.628106 63.603453, 8.627033 63.602556, 8.624652 63.602604, 8.625767 63.603711, 8.622549 63.603615, 8.620231 63.604321, 8.61697 63.603959, 8.616219 63.605027, 8.624287 63.60579, 8.624973 63.606401, 8.628707 63.607326))",1,0
951838,kulturmark Ø for Svartbergvatnet,,Hitra,Trøndelag,63.601872,8.681198,0,0,"kulturmark Ø for Svartbergvatnet, Hitra, Tø",509,"POLYGON((8.68325 63.600474, 8.683164 63.602039, 8.675483 63.601943, 8.674367 63.601562, 8.672908 63.601943, 8.673766 63.602897, 8.683765 63.604099, 8.687671 63.602802, 8.688829 63.601848, 8.686726 63.600512, 8.68325 63.600474))",1,0
427104,"Kuøya, Hitra",,Hitra,Trøndelag,63.650395,9.025967,0,0,"Kuøya, Hitra, Hitra, Tø",0,,1,0
356968,Kvaløya,,Frøya,Trøndelag,63.781773,8.709274,0,0,"Kvaløya, Frøya, Tø",0,,1,0
433813,Kvamslifjellet,,Hitra,Trøndelag,63.536297,8.67513,0,0,"Kvamslifjellet, Hitra, Tø",0,,1,0
467909,Kveldro gravplass,Kvaløya,Frøya,Trøndelag,63.771341,8.701711,0,0,"Kveldro gravplass, Kvaløya, Frøya, Tø",0,,1,0
355063,Kvenvær,,Hitra,Trøndelag,63.535661,8.40435,0,0,"Kvenvær, Hitra, Tø",0,,1,0
642107,Kvernhusvatnet,Daløya,Frøya,Trøndelag,63.687686,8.399883,0,0,"Kvernhusvatnet, Daløya, Frøya, Tø",508,"POLYGON((8.406342 63.690266, 8.404196 63.69038, 8.40175 63.690095, 8.39999 63.689315, 8.398574 63.688878, 8.39939 63.688231, 8.395356 63.685225, 8.394411 63.684274, 8.395012 63.684084, 8.397029 63.684502, 8.397415 63.685472, 8.400806 63.687565, 8.40175 63.689049, 8.406342 63.690266))",1,0
355045,Kvernhusvika,Dolmsundet,Hitra,Trøndelag,63.637813,8.804918,0,0,"Kvernhusvika, Dolmsundet, Hitra, Tø",0,,1,0
372659,Kvernøya,,Frøya,Trøndelag,63.779043,8.68016,0,0,"Kvernøya, Frøya, Tø",0,,1,0
352368,Kverva,,Frøya,Trøndelag,63.705456,8.531264,0,0,"Kverva, Frøya, Tø",0,,1,0
352367,Kvisten,,Frøya,Trøndelag,63.696154,8.45436,0,0,"Kvisten, Frøya, Tø",0,,1,0
364992,Kvisten lykt,Kvisten,Frøya,Trøndelag,63.703661,8.442322,0,0,"Kvisten lykt, Kvisten, Frøya, Tø",0,,1,0
3339572,Kvistmyra,Kvisten,Frøya,Trøndelag,63.694688,8.45761,0,0,"Kvistmyra, Kvisten, Frøya, Tø",331,"POLYGON((8.454942 63.695856, 8.458475 63.696385, 8.460737 63.696747, 8.462062 63.694832, 8.461489 63.692649, 8.454233 63.692439, 8.453997 63.692738, 8.454942 63.695856))",1,0
3339573,Kvistmyra vest,Kvisten,Frøya,Trøndelag,63.695434,8.451568,0,0,"Kvistmyra vest, Kvisten, Frøya, Tø",321,"POLYGON((8.454882 63.697325, 8.454544 63.695007, 8.454139 63.693699, 8.451052 63.693542, 8.450107 63.693714, 8.449482 63.6942, 8.448234 63.695621, 8.44626 63.69666, 8.452098 63.697243, 8.454882 63.697325))",1,0
452402,Kvistmyran sør,Kvisten,Frøya,Trøndelag,63.692559,8.454,0,0,"Kvistmyran sør, Kvisten, Frøya, Tø",0,,1,0
449478,Kvitsand,Fjellværsøya,Hitra,Trøndelag,63.651069,9.153006,0,0,"Kvitsand, Fjellværsøya, Hitra, Tø",0,,1,0
440780,Kvitsandbukta,Fjellværsøya,Hitra,Trøndelag,63.650431,9.158809,0,0,"Kvitsandbukta, Fjellværsøya, Hitra, Tø",0,,1,0
354765,Kya,,Frøya,Trøndelag,63.772024,8.306012,0,0,"Kya, Frøya, Tø",0,,1,0
642106,Kystadvatnet,,Frøya,Trøndelag,63.688959,8.427231,0,0,"Kystadvatnet, Frøya, Tø",581,"POLYGON((8.422221 63.691917, 8.426169 63.691993, 8.435095 63.689102, 8.434838 63.686667, 8.424195 63.68484, 8.424452 63.687466, 8.428658 63.68777, 8.422221 63.691917))",1,0
643191,Ladalstjønna,Nabeita,Frøya,Trøndelag,63.698516,8.775912,0,0,"Ladalstjønna, Nabeita, Frøya, Tø",163,"POLYGON((8.777254 63.699513, 8.777512 63.698391, 8.777083 63.697821, 8.774164 63.697479, 8.773349 63.697764, 8.774765 63.699133, 8.777254 63.699513))",1,0
439492,Lakselva øvre,Laksvatnet,Hitra,Trøndelag,63.573466,8.945486,0,0,"Lakselva øvre, Laksvatnet, Hitra, Tø",0,,1,0
390750,Lakstjønna,,Frøya,Trøndelag,63.716476,8.69385,0,0,"Lakstjønna, Frøya, Tø",0,,1,0
372957,Laksvatnet,,Hitra,Trøndelag,63.577228,8.957632,0,0,"Laksvatnet, Hitra, Tø",0,,1,0
646078,Laksåvatnet,,Hitra,Trøndelag,63.473729,8.680955,0,0,"Laksåvatnet, Hitra, Tø",936,"POLYGON((8.691193 63.476122, 8.663985 63.474359, 8.663126 63.471637, 8.674799 63.471829, 8.686644 63.472404, 8.695742 63.473631, 8.691193 63.476122))",1,0
642002,Laksøya,Mausundvær,Frøya,Trøndelag,63.87294,8.624021,0,0,"Laksøya, Mausundvær, Frøya, Tø",297,"POLYGON((8.624536 63.874724, 8.626596 63.870604, 8.623248 63.87015, 8.621189 63.874497, 8.624536 63.874724))",1,0
580500,Langberget,Titran,Frøya,Trøndelag,63.669303,8.352401,0,0,"Langberget, Titran, Frøya, Tø",75,,1,0
662837,Langbergvatnet,Titran,Frøya,Trøndelag,63.671007,8.351645,0,0,"Langbergvatnet, Titran, Frøya, Tø",159,"POLYGON((8.351933 63.671473, 8.351697 63.671492, 8.351311 63.671449, 8.351096 63.671501, 8.350903 63.671478, 8.350871 63.671411, 8.350753 63.671387, 8.350603 63.67134, 8.35041 63.671297, 8.350303 63.671278, 8.350077 63.671249, 8.34997 63.671225, 8.349884 63.671211, 8.349873 63.671297, 8.349809 63.671244, 8.349788 63.671183, 8.349734 63.671111, 8.349605 63.671049, 8.349562 63.670968, 8.349541 63.670878, 8.349476 63.670826, 8.349487 63.670802, 8.349498 63.670759, 8.349498 63.670669, 8.349627 63.670559, 8.349852 63.670493, 8.350077 63.670474, 8.350335 63.670545, 8.350667 63.670593, 8.350968 63.670673, 8.35115 63.670707, 8.351354 63.670731, 8.351654 63.670707, 8.351901 63.670712, 8.352062 63.670712, 8.352148 63.670697, 8.352126 63.670626, 8.352212 63.67055, 8.352513 63.670464, 8.352577 63.670459, 8.352717 63.670407, 8.353446 63.670574, 8.353854 63.670631, 8.354272 63.670688, 8.354637 63.670726, 8.354669 63.670835, 8.35468 63.670988, 8.354766 63.671078, 8.354776 63.671154, 8.354594 63.671192, 8.354369 63.671211, 8.354219 63.671264, 8.353929 63.671192, 8.353843 63.671135, 8.353704 63.671121, 8.353671 63.671149, 8.353253 63.671035, 8.352899 63.671016, 8.352781 63.671049, 8.352481 63.67103, 8.352202 63.670988, 8.352073 63.670997, 8.351933 63.670949, 8.351751 63.670916, 8.351569 63.670878, 8.351472 63.670864, 8.351418 63.670935, 8.35129 63.670907, 8.35115 63.67094, 8.351043 63.67093, 8.350925 63.670935, 8.350775 63.67094, 8.351011 63.671021, 8.351086 63.671097, 8.350893 63.671164, 8.351011 63.67124, 8.350968 63.671268, 8.351129 63.671321, 8.351225 63.671373, 8.351451 63.671392, 8.351676 63.671392, 8.351837 63.671444, 8.351901 63.671463, 8.351933 63.671473))",1,0
360426,Langevatn,,Hitra,Trøndelag,63.53715,9.063534,0,0,"Langevatn, Hitra, Tø",0,,1,0
432000,"Langostjørnen, sone 2A",Havmyran naturreservat,Hitra,Trøndelag,63.493367,8.689026,0,0,"Langostjørnen, sone 2A, Havmyran naturreservat, Hitra, Tø",0,,1,0
3294081,Langs Sørfrøyveien,,Frøya,Trøndelag,63.694888,8.741713,0,0,"Langs Sørfrøyveien, Frøya, Tø",500,,0,1
454926,"Langstraumen, Aukøya",Strømøya,Frøya,Trøndelag,63.777733,8.755906,0,0,"Langstraumen, Aukøya, Strømøya, Frøya, Tø",0,,1,0
433226,Langvasstjønna 3B,Havmyran naturreservat,Hitra,Trøndelag,63.510926,8.591173,0,0,"Langvasstjønna 3B, Havmyran naturreservat, Hitra, Tø",500,,1,0
434535,Langvatnet,,Hitra,Trøndelag,63.478365,8.71912,0,0,"Langvatnet, Hitra, Tø",0,,1,0
424121,Langvatnet nord,Langevatn,Hitra,Trøndelag,63.5407,9.061477,0,0,"Langvatnet nord, Langevatn, Hitra, Tø",0,,1,0
414431,Langvågskjæret,Tranvikan,Hitra,Trøndelag,63.60022,9.031491,0,0,"Langvågskjæret, Tranvikan, Hitra, Tø",0,,1,0
439507,Langåsen,Flatval,Frøya,Trøndelag,63.693073,8.76912,0,0,"Langåsen, Flatval, Frøya, Tø",100,,1,0
440756,Laukvika,Aukaøya,Frøya,Trøndelag,63.779693,8.742108,0,0,"Laukvika, Aukaøya, Frøya, Tø",0,,1,0
355056,Lauvåsen,Storvatnet,Hitra,Trøndelag,63.615254,8.754433,0,0,"Lauvåsen, Storvatnet, Hitra, Tø",0,,1,0
792303,Lavdalen,,Frøya,Trøndelag,63.668706,8.523341,0,0,"Lavdalen, Frøya, Tø",300,,1,0
792304,Lavdalsheia,Lavdalen,Frøya,Trøndelag,63.669268,8.521284,0,0,"Lavdalsheia, Lavdalen, Frøya, Tø",75,,1,0
356962,Leirvika,Kvaløya,Frøya,Trøndelag,63.76373,8.676064,0,0,"Leirvika, Kvaløya, Frøya, Tø",0,,1,0
401560,Leirvågen,Fillan,Hitra,Trøndelag,63.592954,8.973271,0,0,"Leirvågen, Fillan, Hitra, Tø",0,,1,0
355664,Leksa,Sørleksa,Orkland,Trøndelag,63.575601,9.327791,0,0,"Leksa, Sørleksa, Orkland, Tø",0,,1,0
642008,Lille Aursøy,Mausundvær,Frøya,Trøndelag,63.870255,8.636813,0,0,"Lille Aursøy, Mausundvær, Frøya, Tø",542,"POLYGON((8.642614 63.871519, 8.641348 63.871917, 8.639524 63.871785, 8.63888 63.871519, 8.639138 63.871122, 8.638494 63.871008, 8.63858 63.871367, 8.637421 63.871651, 8.633816 63.871367, 8.633452 63.871057, 8.631413 63.871027, 8.629482 63.870404, 8.626607 63.868948, 8.629825 63.866113, 8.635748 63.865584, 8.638623 63.86823, 8.64506 63.868457, 8.642614 63.871519))",1,0
355066,Lille Torsøya,Bispøyan,Hitra,Trøndelag,63.608383,8.473449,0,0,"Lille Torsøya, Bispøyan, Hitra, Tø",0,,1,0
441368,Lisbu,Hammarvatnet,Frøya,Trøndelag,63.716934,8.804541,0,0,"Lisbu, Hammarvatnet, Frøya, Tø",0,,1,0
636579,Lite tjern S av Vågsenden,Titran,Frøya,Trøndelag,63.679922,8.339214,0,0,"Lite tjern S av Vågsenden, Titran, Frøya, Tø",26,"POLYGON((8.338954 63.67988, 8.338933 63.679995, 8.339029 63.680018, 8.339169 63.680019, 8.339276 63.680042, 8.339384 63.680056, 8.339544 63.680075, 8.339652 63.679994, 8.339566 63.679942, 8.339448 63.679932, 8.339373 63.679904, 8.33933 63.679861, 8.339212 63.679799, 8.339062 63.679766, 8.339019 63.679756, 8.338976 63.679805, 8.338965 63.67988, 8.338954 63.67988))",1,0
636589,Lite tjern ved utkikkspunkt Kjervågsund,Titran,Frøya,Trøndelag,63.687725,8.341996,0,0,"Lite tjern ved utkikkspunkt Kjervågsund, Titran, Frøya, Tø",12,"POLYGON((8.341824 63.687721, 8.341964 63.68774, 8.342124 63.68775, 8.34221 63.687769, 8.342167 63.687721, 8.342071 63.687697, 8.341942 63.687688, 8.341835 63.687716, 8.341824 63.687721))",1,0
425461,Litjvatnet,Sandstad,Hitra,Trøndelag,63.528946,9.083782,0,0,"Litjvatnet, Sandstad, Hitra, Tø",0,,1,0
439834,Litlbrattåvatnet nord sone 1B,Havmyran naturreservat,Hitra,Trøndelag,63.47593,8.613945,0,0,"Litlbrattåvatnet nord sone 1B, Havmyran naturreservat, Hitra, Tø",0,,1,0
643201,Litldola,,Frøya,Trøndelag,63.66938,8.382363,0,0,"Litldola, Frøya, Tø",842,"POLYGON((8.387256 63.674639, 8.379188 63.671137, 8.369317 63.665693, 8.371978 63.663599, 8.387427 63.663827, 8.394122 63.672127, 8.387256 63.674639))",1,0
352424,Litle Hammarvatnet,,Frøya,Trøndelag,63.707513,8.82098,0,0,"Litle Hammarvatnet, Frøya, Tø",0,,1,0
353346,Litletjørna,Sandvika (Frøya),Frøya,Trøndelag,63.741772,8.668302,0,0,"Litletjørna, Sandvika (Frøya), Frøya, Tø",0,,1,0
1660868,Litlklingertjønna,Neset (Frøya),Frøya,Trøndelag,63.764308,8.798814,0,0,"Litlklingertjønna, Neset (Frøya), Frøya, Tø",88,"POLYGON((8.798932 63.764667, 8.799175 63.764615, 8.79961 63.764667, 8.800171 63.764689, 8.80028 63.764608, 8.800372 63.764516, 8.800296 63.76439, 8.799945 63.764297, 8.799911 63.764216, 8.799702 63.764112, 8.799426 63.764016, 8.798865 63.763938, 8.798388 63.763979, 8.798212 63.764057, 8.798044 63.764031, 8.798028 63.763964, 8.797885 63.763942, 8.797726 63.763983, 8.797559 63.764057, 8.797308 63.76419, 8.797291 63.764316, 8.797676 63.764401, 8.798145 63.764504, 8.798488 63.76456, 8.798798 63.764619, 8.798932 63.764667))",1,0
418649,Litlsandvatnet,Grefsnes,Hitra,Trøndelag,63.550073,8.473664,0,0,"Litlsandvatnet, Grefsnes, Hitra, Tø",0,,1,0
370399,Litlslåttøya,Kråkvåg,Ørland,Trøndelag,63.652596,9.33134,0,0,"Litlslåttøya, Kråkvåg, Ørland, Tø",0,,1,0
3339568,Litlsørøya,Uttian,Frøya,Trøndelag,63.763773,8.827855,0,0,"Litlsørøya, Uttian, Frøya, Tø",196,"POLYGON((8.82622 63.764925, 8.82516 63.7646, 8.824784 63.764313, 8.826305 63.763467, 8.82751 63.763063, 8.828185 63.762594, 8.828775 63.762375, 8.830065 63.762519, 8.830415 63.762791, 8.830424 63.763135, 8.829791 63.76352, 8.828937 63.763633, 8.828826 63.764136, 8.828057 63.764513, 8.827398 63.764697, 8.826458 63.764939, 8.82622 63.764925))",1,0
646069,"Litlvatnet, Jevika",Jevik,Hitra,Trøndelag,63.630995,8.97195,0,0,"Litlvatnet, Jevika, Jevik, Hitra, Tø",219,"POLYGON((8.97423 63.631864, 8.972342 63.632436, 8.969939 63.631273, 8.968737 63.629653, 8.97011 63.629214, 8.974059 63.630663, 8.97423 63.631864))",1,0
1654920,"Litlvatnet, Sistranda",,Frøya,Trøndelag,63.73046,8.803334,0,0,"Litlvatnet, Sistranda, Frøya, Tø",227,"POLYGON((8.80336 63.728713, 8.804565 63.729336, 8.804699 63.731085, 8.803728 63.732004, 8.80279 63.732093, 8.80212 63.7315, 8.802053 63.73024, 8.80336 63.728713))",1,0
451036,Lokknes,,Frøya,Trøndelag,63.683114,8.693096,0,0,"Lokknes, Frøya, Tø",0,,1,0
3148260,Lomsøya,Sula,Frøya,Trøndelag,63.850724,8.498134,0,0,"Lomsøya, Sula, Frøya, Tø",1,,1,0
641987,Lomsøya,Sula,Frøya,Trøndelag,63.851225,8.498379,0,0,"Lomsøya, Sula, Frøya, Tø",572,"POLYGON((8.498665 63.854907, 8.506991 63.851995, 8.501927 63.846699, 8.491627 63.847115, 8.4924 63.85173, 8.498665 63.854907))",1,0
384064,Lund,,Hitra,Trøndelag,63.481501,8.780762,0,0,"Lund, Hitra, Tø",0,,1,0
636567,Lund-huset,Titran,Frøya,Trøndelag,63.668331,8.304772,0,0,"Lund-huset, Titran, Frøya, Tø",50,,1,0
476667,Lunde,Hammarvika,Frøya,Trøndelag,63.703334,8.807263,0,0,"Lunde, Hammarvika, Frøya, Tø",0,,1,0
443319,Lundeveien 9,Hammarvika,Frøya,Trøndelag,63.702761,8.812078,0,0,"Lundeveien 9, Hammarvika, Frøya, Tø",0,,1,0
662850,Lundskogen,Titran,Frøya,Trøndelag,63.675174,8.313137,0,0,"Lundskogen, Titran, Frøya, Tø",280,"POLYGON((8.316642 63.675355, 8.31514 63.676135, 8.314625 63.676211, 8.314367 63.676706, 8.314153 63.677106, 8.313552 63.677258, 8.313337 63.677562, 8.312951 63.677619, 8.31235 63.677543, 8.311878 63.677543, 8.311406 63.677467, 8.310934 63.677334, 8.310376 63.677106, 8.31029 63.676953, 8.309861 63.676611, 8.309561 63.676877, 8.30896 63.676858, 8.308488 63.677049, 8.308102 63.676896, 8.307844 63.676801, 8.307801 63.67663, 8.308145 63.676135, 8.308445 63.675735, 8.30926 63.675222, 8.309475 63.674974, 8.309861 63.674727, 8.310356 63.674719, 8.310463 63.674576, 8.310538 63.674595, 8.31071 63.674628, 8.310805 63.674575, 8.310866 63.674653, 8.311011 63.674671, 8.311129 63.67468, 8.311166 63.674639, 8.31123 63.674591, 8.311391 63.674539, 8.31166 63.674482, 8.311906 63.674458, 8.312099 63.674415, 8.312217 63.674372, 8.312325 63.674406, 8.312496 63.674353, 8.312625 63.674244, 8.312631 63.674228, 8.312657 63.674211, 8.313065 63.674077, 8.313258 63.674082, 8.313419 63.674134, 8.313601 63.67413, 8.313752 63.674139, 8.313724 63.674232, 8.313945 63.674277, 8.314149 63.674282, 8.314299 63.674282, 8.314546 63.674315, 8.314925 63.67427, 8.315039 63.674225, 8.315232 63.67422, 8.315382 63.674239, 8.315522 63.67423, 8.315522 63.674153, 8.315661 63.674182, 8.315655 63.674251, 8.315737 63.67431, 8.315715 63.674387, 8.315727 63.674527, 8.315856 63.674565, 8.316092 63.674632, 8.316242 63.674627, 8.316371 63.674622, 8.316575 63.67466, 8.316682 63.674679, 8.316736 63.674741, 8.316822 63.674836, 8.316704 63.674879, 8.316532 63.674898, 8.316511 63.674969, 8.316596 63.675041, 8.316564 63.675112, 8.316682 63.675155, 8.316814 63.675298, 8.316642 63.675355))",1,0
793213,Lyngværet,,Frøya,Trøndelag,63.803247,8.550163,0,0,"Lyngværet, Frøya, Tø",1466,"POLYGON((8.565392 63.808552, 8.543419 63.808552, 8.533806 63.80393, 8.527627 63.795138, 8.547883 63.796654, 8.567624 63.801353, 8.565392 63.808552))",1,0
370404,Lyngøya,Kråkvåg,Ørland,Trøndelag,63.65059,9.317057,0,0,"Lyngøya, Kråkvåg, Ørland, Tø",0,,1,0
427340,"Lysløypa Sandstad, Hitra",,Hitra,Trøndelag,63.523548,9.06843,0,0,"Lysløypa Sandstad, Hitra, Hitra, Tø",0,,1,0
352399,Madsvågen,Dyrvik,Frøya,Trøndelag,63.762411,8.806814,0,0,"Madsvågen, Dyrvik, Frøya, Tø",0,,1,0
356947,Malmmyran,,Frøya,Trøndelag,63.696791,8.482037,0,0,"Malmmyran, Frøya, Tø",0,,1,0
355057,Margrethes Minde,,Hitra,Trøndelag,63.596841,8.721572,0,0,"Margrethes Minde, Hitra, Tø",0,,1,0
406511,Marikolltjørna,Akset,Hitra,Trøndelag,63.502963,8.917252,0,0,"Marikolltjørna, Akset, Hitra, Tø",0,,1,0
427107,"Marine Harvest, Ulvan",Ulvøya,Hitra,Trøndelag,63.671929,9.033647,0,0,"Marine Harvest, Ulvan, Ulvøya, Hitra, Tø",0,,1,0
355029,Mastad,Fjellværsøya,Hitra,Trøndelag,63.64486,9.052431,0,0,"Mastad, Fjellværsøya, Hitra, Tø",0,,1,0
429133,Mastadsvabrua,Fjellværsøya,Hitra,Trøndelag,63.653903,9.030817,0,0,"Mastadsvabrua, Fjellværsøya, Hitra, Tø",0,,1,0
440395,Mastadsvaet,Fjellværsøya,Hitra,Trøndelag,63.655099,9.032327,0,0,"Mastadsvaet, Fjellværsøya, Hitra, Tø",0,,1,0
355028,Mastadvatnet,Fjellværsøya,Hitra,Trøndelag,63.650618,9.074116,0,0,"Mastadvatnet, Fjellværsøya, Hitra, Tø",0,,1,0
352452,Mausundvær,,Frøya,Trøndelag,63.864889,8.660469,0,0,"Mausundvær, Frøya, Tø",0,,1,0
386740,Medtromsa,Tromsa,Frøya,Trøndelag,63.923779,8.867028,0,0,"Medtromsa, Tromsa, Frøya, Tø",0,,1,0
387467,Medtromsa vinter,Tromsa - Emåsværet,Frøya,Trøndelag,63.926902,8.864171,0,0,"Medtromsa vinter, Tromsa - Emåsværet, Frøya, Tø",0,,1,0
659893,Mekanikerhagen,Titran,Frøya,Trøndelag,63.671116,8.32723,0,0,"Mekanikerhagen, Titran, Frøya, Tø",235,"POLYGON((8.32441 63.670933, 8.324426 63.671093, 8.324424 63.671137, 8.324392 63.671156, 8.324403 63.67118, 8.324392 63.671189, 8.324424 63.671242, 8.324405 63.67134, 8.324341 63.671464, 8.324925 63.671571, 8.326191 63.671866, 8.329195 63.67179, 8.330675 63.671733, 8.331276 63.671676, 8.331813 63.671504, 8.331984 63.671304, 8.331899 63.670962, 8.331748 63.670619, 8.331426 63.670362, 8.329882 63.670534, 8.329216 63.6706, 8.328294 63.670619, 8.327628 63.670648, 8.326491 63.670848, 8.325933 63.670981, 8.325354 63.671, 8.324474 63.670952, 8.32441 63.670933))",1,0
355047,Melandsjø,,Hitra,Trøndelag,63.628325,8.731768,0,0,"Melandsjø, Hitra, Tø",0,,1,0
3339549,Meliaunskjæret,Uttian,Frøya,Trøndelag,63.771974,8.850471,0,0,"Meliaunskjæret, Uttian, Frøya, Tø",323,"POLYGON((8.846209 63.773138, 8.853777 63.773516, 8.85614 63.772774, 8.853846 63.770625, 8.851962 63.770262, 8.850113 63.770262, 8.849291 63.771776, 8.846688 63.772272, 8.846209 63.773138))",1,0
1356250,Melkestadvatnet,Hammarstaddalen,Hitra,Trøndelag,63.606118,8.889375,0,0,"Melkestadvatnet, Hammarstaddalen, Hitra, Tø",231,"POLYGON((8.888163 63.6077, 8.887786 63.607632, 8.887361 63.607364, 8.887664 63.607283, 8.888058 63.607154, 8.888105 63.606995, 8.888071 63.60689, 8.888523 63.606907, 8.88874 63.606844, 8.888782 63.606721, 8.888732 63.606591, 8.888398 63.606645, 8.888189 63.606548, 8.887935 63.606525, 8.888071 63.606419, 8.887912 63.606318, 8.888006 63.606199, 8.887687 63.606168, 8.887522 63.606011, 8.887272 63.605892, 8.886984 63.605763, 8.886888 63.605655, 8.88665 63.605476, 8.886658 63.605352, 8.886417 63.605347, 8.88637 63.605093, 8.886668 63.605165, 8.886815 63.605054, 8.886817 63.604908, 8.88695 63.604778, 8.887285 63.604849, 8.887306 63.604985, 8.887525 63.604886, 8.887645 63.604787, 8.888155 63.604726, 8.888507 63.604702, 8.888885 63.604687, 8.889181 63.604657, 8.889426 63.604639, 8.890018 63.604556, 8.890315 63.604557, 8.890536 63.604785, 8.890724 63.60489, 8.891175 63.604903, 8.891589 63.604992, 8.891869 63.605069, 8.89208 63.605135, 8.892109 63.605265, 8.892357 63.605322, 8.892375 63.605506, 8.892362 63.605706, 8.892621 63.605821, 8.892767 63.605963, 8.892864 63.60621, 8.892908 63.606432, 8.892981 63.606616, 8.892979 63.606814, 8.892895 63.606988, 8.892665 63.607115, 8.892427 63.607294, 8.891962 63.607395, 8.891471 63.607413, 8.891003 63.607415, 8.890878 63.607271, 8.890671 63.607205, 8.890195 63.607237, 8.889913 63.607181, 8.889808 63.607367, 8.889448 63.607466, 8.889036 63.607555, 8.888662 63.60753, 8.88844 63.607618, 8.888163 63.6077))",1,0
352430,Melkstadvatnet,,Frøya,Trøndelag,63.680095,8.620826,0,0,"Melkstadvatnet, Frøya, Tø",0,,1,0
2118755,Melkåa v/Nabeita,Nabeita,Frøya,Trøndelag,63.69562,8.786775,0,0,"Melkåa v/Nabeita, Nabeita, Frøya, Tø",130,"POLYGON((8.784725 63.695915, 8.784953 63.695851, 8.785267 63.695831, 8.785621 63.695769, 8.786101 63.695769, 8.786423 63.695722, 8.786763 63.695661, 8.786981 63.695633, 8.787407 63.6956, 8.787592 63.695542, 8.78785 63.695461, 8.78822 63.695402, 8.78851 63.695357, 8.789084 63.695351, 8.789087 63.695326, 8.788598 63.695324, 8.788408 63.69534, 8.788134 63.695392, 8.787842 63.695409, 8.787413 63.695553, 8.786879 63.695611, 8.786458 63.69567, 8.786158 63.695734, 8.785589 63.695734, 8.785208 63.695797, 8.784967 63.695811, 8.784749 63.695873, 8.784725 63.695915))",1,0
356958,Merradalsvatnet,,Frøya,Trøndelag,63.697046,8.518023,0,0,"Merradalsvatnet, Frøya, Tø",300,,1,0
643205,Middagstjørna,,Frøya,Trøndelag,63.769639,8.77561,0,0,"Middagstjørna, Frøya, Tø",196,"POLYGON((8.773826 63.768583, 8.77653 63.769114, 8.776702 63.770015, 8.777903 63.770101, 8.777946 63.770205, 8.776165 63.770063, 8.775157 63.770224, 8.772432 63.769864, 8.773826 63.768583))",1,0
433231,Middammen,,Hitra,Trøndelag,63.549056,8.594533,0,0,"Middammen, Hitra, Tø",0,,1,0
689554,midtre vann,Malmmyran,Frøya,Trøndelag,63.695391,8.483988,0,0,"midtre vann, Malmmyran, Frøya, Tø",155,"POLYGON((8.483344 63.696317, 8.485276 63.695975, 8.485533 63.694396, 8.483688 63.693959, 8.482744 63.695385, 8.483344 63.696317))",1,0
2115510,Midtsian,Sistranda,Frøya,Trøndelag,63.728998,8.831942,0,0,"Midtsian, Sistranda, Frøya, Tø",167,"POLYGON((8.831471 63.727912, 8.834043 63.728508, 8.83344 63.729638, 8.832536 63.730233, 8.829883 63.730127, 8.830747 63.728659, 8.831471 63.727912))",1,0
661086,Ml. Grasberget og Melkstadheia,Titran,Frøya,Trøndelag,63.674383,8.34711,0,0,"Ml. Grasberget og Melkstadheia, Titran, Frøya, Tø",100,,1,0
1355213,Ml. Heia og Slettringen,Titran,Frøya,Trøndelag,63.667085,8.278149,0,0,"Ml. Heia og Slettringen, Titran, Frøya, Tø",807,"POLYGON((8.265571 63.6679, 8.270453 63.670159, 8.274832 63.671279, 8.281094 63.671576, 8.287449 63.671514, 8.290223 63.670479, 8.291728 63.669121, 8.291261 63.667464, 8.291205 63.665917, 8.2903 63.665377, 8.287885 63.665674, 8.285183 63.666138, 8.283093 63.666401, 8.279398 63.665882, 8.27713 63.664971, 8.275299 63.664434, 8.272404 63.66459, 8.269222 63.664052, 8.26755 63.664029, 8.267667 63.665243, 8.266952 63.665974, 8.265953 63.666887, 8.265571 63.6679))",1,0
428138,Moa,Sandstad,Hitra,Trøndelag,63.531653,9.113337,0,0,"Moa, Sandstad, Hitra, Tø",0,,1,0
542825,Moldhaugen,Titran,Frøya,Trøndelag,63.686463,8.336662,0,0,"Moldhaugen, Titran, Frøya, Tø",75,,1,0
580495,Moldhaugen,Titran,Frøya,Trøndelag,63.667977,8.312884,0,0,"Moldhaugen, Titran, Frøya, Tø",75,,1,0
862443,moloen,Sula,Frøya,Trøndelag,63.848482,8.457412,0,0,"moloen, Sula, Frøya, Tø",110,"POLYGON((8.457997 63.847745, 8.457225 63.847906, 8.455401 63.848861, 8.456002 63.849069, 8.457289 63.848804, 8.458233 63.848994, 8.458405 63.84888, 8.457504 63.848653, 8.458062 63.848161, 8.457997 63.847745))",1,0
355070,Monsøya,Bispøyan,Hitra,Trøndelag,63.584974,8.450389,0,0,"Monsøya, Bispøyan, Hitra, Tø",0,,1,0
439799,"Mortensvik, Hitra",Dolmsundet vest,Hitra,Trøndelag,63.622966,8.680349,0,0,"Mortensvik, Hitra, Dolmsundet vest, Hitra, Tø",0,,1,0
433815,myr mellom Håvikvatnet og Gaddnesvatnet,Havmyran naturreservat,Hitra,Trøndelag,63.531769,8.646015,0,0,"myr mellom Håvikvatnet og Gaddnesvatnet, Havmyran naturreservat, Hitra, Tø",0,,1,0
433825,myr NV for Håvikvatnet,,Hitra,Trøndelag,63.545759,8.600785,0,0,"myr NV for Håvikvatnet, Hitra, Tø",0,,1,0
432018,"myr sentralt, sone 2B",Havmyran naturreservat,Hitra,Trøndelag,63.502226,8.64164,0,0,"myr sentralt, sone 2B, Havmyran naturreservat, Hitra, Tø",0,,1,0
432024,"myr sør, sone 1B",Havmyran naturreservat,Hitra,Trøndelag,63.483242,8.624132,0,0,"myr sør, sone 1B, Havmyran naturreservat, Hitra, Tø",0,,1,0
432021,"myr sør, sone 2B",Havmyran naturreservat,Hitra,Trøndelag,63.487806,8.653804,0,0,"myr sør, sone 2B, Havmyran naturreservat, Hitra, Tø",0,,1,0
432016,"myr sørøst, sone 2A",Havmyran naturreservat,Hitra,Trøndelag,63.496831,8.69403,0,0,"myr sørøst, sone 2A, Havmyran naturreservat, Hitra, Tø",0,,1,0
1364135,Myr V av Kystadvatnet,Kystadvatnet,Frøya,Trøndelag,63.688343,8.423197,0,0,"Myr V av Kystadvatnet, Kystadvatnet, Frøya, Tø",125,,1,0
432017,"myr øst, sone 2B",Havmyran naturreservat,Hitra,Trøndelag,63.503172,8.65657,0,0,"myr øst, sone 2B, Havmyran naturreservat, Hitra, Tø",0,,1,0
792852,Myra,Fillingsnes,Frøya,Trøndelag,63.666738,8.496056,0,0,"Myra, Fillingsnes, Frøya, Tø",116,"POLYGON((8.495713 63.666022, 8.494962 63.666317, 8.494897 63.66646, 8.49464 63.66666, 8.494404 63.666812, 8.494361 63.666907, 8.49479 63.667193, 8.495391 63.66726, 8.496764 63.667459, 8.497107 63.667488, 8.497622 63.667345, 8.497901 63.667221, 8.497322 63.667003, 8.49685 63.666869, 8.497022 63.666688, 8.496957 63.66646, 8.496807 63.666241, 8.496034 63.666317, 8.495863 63.666013, 8.495713 63.666022))",1,0
793020,Myra,Sandvika (Frøya),Frøya,Trøndelag,63.752434,8.693705,0,0,"Myra, Sandvika (Frøya), Frøya, Tø",209,"POLYGON((8.691143 63.752571, 8.690907 63.751973, 8.6914 63.751451, 8.692967 63.75146, 8.693203 63.751821, 8.693997 63.751754, 8.695413 63.752144, 8.695327 63.752713, 8.697365 63.752903, 8.696378 63.753909, 8.69522 63.753937, 8.691143 63.752571))",1,0
641676,Myramarka,Sistranda,Frøya,Trøndelag,63.73162,8.812581,0,0,"Myramarka, Sistranda, Frøya, Tø",200,,1,0
3338395,Myratangen,Sistranda,Frøya,Trøndelag,63.734142,8.83453,0,0,"Myratangen, Sistranda, Frøya, Tø",110,"POLYGON((8.833388 63.733857, 8.835202 63.733571, 8.836049 63.733532, 8.835359 63.733987, 8.835327 63.734648, 8.834204 63.734887, 8.834016 63.734596, 8.833834 63.734343, 8.833388 63.733857))",1,0
458775,Myrvang,Kvenvær,Hitra,Trøndelag,63.515273,8.371706,0,0,"Myrvang, Kvenvær, Hitra, Tø",0,,1,0
353337,Måsøyvalen,,Frøya,Trøndelag,63.708368,8.509202,0,0,"Måsøyvalen, Frøya, Tø",0,,1,0
641998,Måøya,Mausundvær,Frøya,Trøndelag,63.864812,8.659343,0,0,"Måøya, Mausundvær, Frøya, Tø",1005,"POLYGON((8.66331 63.870269, 8.666486 63.868076, 8.667773 63.866677, 8.671378 63.865808, 8.665198 63.857565, 8.655499 63.857187, 8.638677 63.862103, 8.642453 63.865354, 8.66331 63.870269))",1,0
352789,Mørkdalsvatnet,,Hitra,Trøndelag,63.568408,8.726459,0,0,"Mørkdalsvatnet, Hitra, Tø",0,,1,0
432009,Mørkdalsvatnet,,Hitra,Trøndelag,63.474883,8.502186,0,0,"Mørkdalsvatnet, Hitra, Tø",0,,1,0
636585,N av Klungerhaugen,Titran,Frøya,Trøndelag,63.670491,8.334794,0,0,"N av Klungerhaugen, Titran, Frøya, Tø",75,,1,0
352422,Nabeita,,Frøya,Trøndelag,63.695788,8.785595,0,0,"Nabeita, Frøya, Tø",0,,1,0
791099,Nabeita oppvekstsenter,Nabeita,Frøya,Trøndelag,63.698141,8.791282,0,0,"Nabeita oppvekstsenter, Nabeita, Frøya, Tø",227,"POLYGON((8.788986 63.697182, 8.789887 63.697239, 8.791089 63.697191, 8.792097 63.697201, 8.793148 63.697248, 8.793535 63.697277, 8.793406 63.69798, 8.795037 63.699425, 8.793256 63.69972, 8.792569 63.699654, 8.791003 63.699264, 8.79038 63.698693, 8.78978 63.698475, 8.788857 63.698294, 8.788492 63.698237, 8.788986 63.697182))",1,0
423662,Naustholmen,Sandstad,Hitra,Trøndelag,63.519046,9.096871,0,0,"Naustholmen, Sandstad, Hitra, Tø",0,,1,0
455790,"Nesa, Nordbotn",Fjellværsøya,Hitra,Trøndelag,63.653704,9.133315,0,0,"Nesa, Nordbotn, Fjellværsøya, Hitra, Tø",0,,1,0
352400,Neset (Frøya),,Frøya,Trøndelag,63.770798,8.818285,0,0,"Neset (Frøya), Frøya, Tø",0,,1,0
366839,Nessakjeila,Fillingsnes,Frøya,Trøndelag,63.663852,8.501288,0,0,"Nessakjeila, Fillingsnes, Frøya, Tø",0,,1,0
426756,Neverlivatnet,,Hitra,Trøndelag,63.562606,9.045918,0,0,"Neverlivatnet, Hitra, Tø",0,,1,0
432025,"nord for Indre Leberget, sone 1B",Havmyran naturreservat,Hitra,Trøndelag,63.497761,8.599357,0,0,"nord for Indre Leberget, sone 1B, Havmyran naturreservat, Hitra, Tø",0,,1,0
643208,Nord-Frøya kirkegård,Svellingen,Frøya,Trøndelag,63.795546,8.806996,0,0,"Nord-Frøya kirkegård, Svellingen, Frøya, Tø",120,"POLYGON((8.805852 63.795686, 8.806152 63.795335, 8.806067 63.794615, 8.807118 63.794624, 8.807612 63.795373, 8.808727 63.795875, 8.80832 63.796226, 8.807504 63.796036, 8.806753 63.796008, 8.805852 63.795686))",1,0
355030,Nordbotn,Fjellværsøya,Hitra,Trøndelag,63.648549,9.136531,0,0,"Nordbotn, Fjellværsøya, Hitra, Tø",0,,1,0
353347,Norddal,Sandvika (Frøya),Frøya,Trøndelag,63.745385,8.684885,0,0,"Norddal, Sandvika (Frøya), Frøya, Tø",0,,1,0
381424,Norddalen,,Frøya,Trøndelag,63.768403,8.749115,0,0,"Norddalen, Frøya, Tø",0,,1,0
448619,Norddolm,Dolmøya,Hitra,Trøndelag,63.652504,8.817737,0,0,"Norddolm, Dolmøya, Hitra, Tø",0,,1,0
355039,Norddolmvågen,Dolmøya,Hitra,Trøndelag,63.65179,8.798495,0,0,"Norddolmvågen, Dolmøya, Hitra, Tø",0,,1,0
356964,Norddyrøya,,Frøya,Trøndelag,63.798437,8.699231,0,0,"Norddyrøya, Frøya, Tø",0,,1,0
1845365,Nordfrøyveien 603,Ervika (Frøya),Frøya,Trøndelag,63.747173,8.836045,0,0,"Nordfrøyveien 603, Ervika (Frøya), Frøya, Tø",50,,1,0
782278,Nordhammaren,,Frøya,Trøndelag,63.702322,8.827624,0,0,"Nordhammaren, Frøya, Tø",622,"POLYGON((8.83565 63.705881, 8.824835 63.705881, 8.815994 63.702307, 8.820028 63.699759, 8.826208 63.700862, 8.827238 63.700406, 8.825693 63.699493, 8.829041 63.699113, 8.835907 63.703638, 8.83565 63.705881))",1,0
3293912,"Nordhammarvika, innsida av Nordfrøyveien",Nordhammaren,Frøya,Trøndelag,63.707624,8.831224,0,0,"Nordhammarvika, innsida av Nordfrøyveien, Nordhammaren, Frøya, Tø",312,"POLYGON((8.827041 63.706024, 8.82976 63.705863, 8.830969 63.70589, 8.83254 63.706131, 8.83393 63.70672, 8.834534 63.707282, 8.834897 63.708005, 8.834716 63.70862, 8.834172 63.709156, 8.834051 63.709477, 8.830546 63.71036, 8.826437 63.709209, 8.826497 63.707978, 8.827041 63.706024))",0,1
441254,Nordhammer gravplass,Sistranda,Frøya,Trøndelag,63.710191,8.834877,0,0,"Nordhammer gravplass, Sistranda, Frøya, Tø",0,,1,0
430375,Nordhammervika,Hammarvika,Frøya,Trøndelag,63.704938,8.817243,0,0,"Nordhammervika, Hammarvika, Frøya, Tø",0,,1,0
3339580,Nordhaug,Kvisten,Frøya,Trøndelag,63.698963,8.450681,0,0,"Nordhaug, Kvisten, Frøya, Tø",395,"POLYGON((8.445935 63.699201, 8.451655 63.700308, 8.458641 63.69968, 8.456785 63.698655, 8.452482 63.698416, 8.448163 63.697721, 8.445851 63.698521, 8.445935 63.699201))",1,0
364991,Nordhaug,Kvisten,Frøya,Trøndelag,63.699637,8.449958,0,0,"Nordhaug, Kvisten, Frøya, Tø",0,,1,0
3339577,Nordhaug øvre,Kvisten,Frøya,Trøndelag,63.697939,8.453109,0,0,"Nordhaug øvre, Kvisten, Frøya, Tø",261,"POLYGON((8.45651 63.698604, 8.453186 63.698413, 8.451912 63.698222, 8.450778 63.698088, 8.448155 63.697692, 8.448467 63.696895, 8.451976 63.697239, 8.454983 63.697355, 8.455244 63.697698, 8.456476 63.698521, 8.45651 63.698604))",1,0
3339575,Nordheim,Kvisten,Frøya,Trøndelag,63.697521,8.456986,0,0,"Nordheim, Kvisten, Frøya, Tø",227,"POLYGON((8.456531 63.698486, 8.455248 63.697551, 8.455046 63.69705, 8.454995 63.695899, 8.460749 63.696804, 8.459804 63.698374, 8.456531 63.698486))",1,0
1168454,Nordholmen,Titran,Frøya,Trøndelag,63.671263,8.317233,0,0,"Nordholmen, Titran, Frøya, Tø",31,"POLYGON((8.316962 63.671302, 8.317117 63.671333, 8.317198 63.671367, 8.317294 63.671367, 8.317461 63.671328, 8.317504 63.671317, 8.317584 63.67134, 8.317756 63.671328, 8.31767 63.671286, 8.3176 63.671269, 8.317681 63.67125, 8.317616 63.671214, 8.317579 63.671207, 8.317477 63.671183, 8.31738 63.671212, 8.317289 63.671226, 8.317273 63.671207, 8.317369 63.671183, 8.317278 63.671179, 8.317128 63.671198, 8.317037 63.67119, 8.317015 63.671205, 8.317053 63.671229, 8.316978 63.671245, 8.316903 63.671255, 8.316795 63.67125, 8.31672 63.671264, 8.316742 63.671305, 8.316828 63.671307, 8.316983 63.671309, 8.316962 63.671302))",1,0
419368,Nordli,Hammarvatnet,Frøya,Trøndelag,63.709013,8.804792,0,0,"Nordli, Hammarvatnet, Frøya, Tø",0,,1,0
352370,Nordskaget,,Frøya,Trøndelag,63.705782,8.563586,0,0,"Nordskaget, Frøya, Tø",0,,1,0
3339567,Nordstaulvika,Uttian,Frøya,Trøndelag,63.779646,8.87658,0,0,"Nordstaulvika, Uttian, Frøya, Tø",305,"POLYGON((8.874703 63.780904, 8.87646 63.781278, 8.876625 63.78097, 8.87979 63.778086, 8.879691 63.777288, 8.87699 63.777192, 8.875416 63.778876, 8.875962 63.780231, 8.875465 63.780736, 8.874703 63.780904))",1,0
432026,"nordvest for Indre Leberget, sone 1A",Havmyran naturreservat,Hitra,Trøndelag,63.494722,8.574006,0,0,"nordvest for Indre Leberget, sone 1A, Havmyran naturreservat, Hitra, Tø",0,,1,0
436805,Nordvollan,,Hitra,Trøndelag,63.532354,9.128383,0,0,"Nordvollan, Hitra, Tø",0,,1,0
3294496,Nordøya,Uttian,Frøya,Trøndelag,63.780364,8.884132,0,0,"Nordøya, Uttian, Frøya, Tø",400,,0,1
433820,NV for Ytre Leberget,Havmyran naturreservat,Hitra,Trøndelag,63.520304,8.592044,0,0,"NV for Ytre Leberget, Havmyran naturreservat, Hitra, Tø",500,,1,0
666360,Nyjord,Titran,Frøya,Trøndelag,63.674803,8.325415,0,0,"Nyjord, Titran, Frøya, Tø",271,"POLYGON((8.330295 63.675478, 8.329866 63.675659, 8.32933 63.675907, 8.328364 63.676259, 8.327398 63.676382, 8.326497 63.676392, 8.324544 63.676306, 8.323579 63.676145, 8.322656 63.675897, 8.32197 63.67565, 8.321304 63.67544, 8.320918 63.675222, 8.320832 63.675031, 8.321025 63.674803, 8.32139 63.674651, 8.321884 63.674489, 8.322227 63.674403, 8.322656 63.674251, 8.322785 63.674156, 8.322828 63.673994, 8.322828 63.673861, 8.32315 63.673709, 8.323555 63.67359, 8.32377 63.673737, 8.323898 63.673827, 8.323995 63.673899, 8.324974 63.673642, 8.325467 63.673509, 8.326304 63.673299, 8.327892 63.673956, 8.328235 63.674118, 8.328385 63.67426, 8.328557 63.674479, 8.32875 63.674708, 8.329158 63.674927, 8.329544 63.675126, 8.32978 63.675212, 8.330295 63.675459, 8.330295 63.675478))",1,0
433232,nø av yt. Langvatnet 3A,Havmyran naturreservat,Hitra,Trøndelag,63.531669,8.621293,0,0,"nø av yt. Langvatnet 3A, Havmyran naturreservat, Hitra, Tø",500,,1,0
760420,Ofsøya,Inntian,Frøya,Trøndelag,63.737225,8.926128,0,0,"Ofsøya, Inntian, Frøya, Tø",500,,1,0
353342,Olaneset,Valslagvågen,Hitra,Trøndelag,63.508702,9.244015,0,0,"Olaneset, Valslagvågen, Hitra, Tø",0,,1,0
355068,Olderøya,Bispøyan,Hitra,Trøndelag,63.571647,8.419523,0,0,"Olderøya, Bispøyan, Hitra, Tø",0,,1,0
787121,Olsvika,,Hitra,Trøndelag,63.488676,8.927996,0,0,"Olsvika, Hitra, Tø",200,,1,0
431124,Ostjønna,,Hitra,Trøndelag,63.543238,9.059483,0,0,"Ostjønna, Hitra, Tø",0,,1,0
386724,Oterholman,Higersteinen - Grønnholmen,Frøya,Trøndelag,63.886051,8.760281,0,0,"Oterholman, Higersteinen - Grønnholmen, Frøya, Tø",0,,1,0
1168447,Otersundet,Titran,Frøya,Trøndelag,63.66384,8.282467,0,0,"Otersundet, Titran, Frøya, Tø",250,,1,0
390751,Pedalen,,Frøya,Trøndelag,63.699084,8.630932,0,0,"Pedalen, Frøya, Tø",0,,1,0
1168448,Pilehagen,Titran,Frøya,Trøndelag,63.669492,8.311284,0,0,"Pilehagen, Titran, Frøya, Tø",40,"POLYGON((8.310751 63.66942, 8.311492 63.669653, 8.31176 63.669729, 8.311867 63.669605, 8.311867 63.669481, 8.31102 63.66921, 8.310762 63.669415, 8.310751 63.66942))",1,0
352405,Pipertuva,,Frøya,Trøndelag,63.710008,8.634301,0,0,"Pipertuva, Frøya, Tø",0,,1,0
356952,Postvika,Strømøya,Frøya,Trøndelag,63.787841,8.788973,0,0,"Postvika, Strømøya, Frøya, Tø",0,,1,0
386751,Purkholmen,Ytre Gjæsingen,Frøya,Trøndelag,63.929121,8.909787,0,0,"Purkholmen, Ytre Gjæsingen, Frøya, Tø",0,,1,0
432027,"pytter vest, sone 1A",Havmyran naturreservat,Hitra,Trøndelag,63.485833,8.560882,0,0,"pytter vest, sone 1A, Havmyran naturreservat, Hitra, Tø",0,,1,0
432014,"pytter vest, sone 2A",Havmyran naturreservat,Hitra,Trøndelag,63.506538,8.674375,0,0,"pytter vest, sone 2A, Havmyran naturreservat, Hitra, Tø",0,,1,0
432015,"pytter øst, sone 2A",Havmyran naturreservat,Hitra,Trøndelag,63.50324,8.694524,0,0,"pytter øst, sone 2A, Havmyran naturreservat, Hitra, Tø",0,,1,0
3338509,Rabbatangen,Sistranda,Frøya,Trøndelag,63.720923,8.840769,0,0,"Rabbatangen, Sistranda, Frøya, Tø",201,"POLYGON((8.839041 63.721969, 8.839942 63.722268, 8.840886 63.721621, 8.841527 63.721173, 8.842732 63.719999, 8.842461 63.719465, 8.841084 63.719495, 8.840779 63.720248, 8.8402 63.721022, 8.839041 63.721969))",1,0
3338791,Rabbatangen sør,Sistranda,Frøya,Trøndelag,63.718343,8.841787,0,0,"Rabbatangen sør, Sistranda, Frøya, Tø",155,"POLYGON((8.842482 63.719396, 8.84294 63.718282, 8.841802 63.717023, 8.840934 63.717061, 8.841095 63.717747, 8.841281 63.718664, 8.841283 63.719175, 8.842482 63.719396))",1,0
423621,Rabben,Sistranda,Frøya,Trøndelag,63.72072,8.841453,0,0,"Rabben, Sistranda, Frøya, Tø",0,,1,0
418081,Rambjøra,Svellingen,Frøya,Trøndelag,63.792836,8.805403,0,0,"Rambjøra, Svellingen, Frøya, Tø",0,,1,0
384062,Ramnåsheia,,Hitra,Trøndelag,63.496903,8.765994,0,0,"Ramnåsheia, Hitra, Tø",0,,1,0
374737,Ratfjellet,Bustlisundet,Hitra,Trøndelag,63.491819,9.316086,0,0,"Ratfjellet, Bustlisundet, Hitra, Tø",0,,1,0
428314,Reksa,Fjellværsøya,Hitra,Trøndelag,63.645386,9.172634,0,0,"Reksa, Fjellværsøya, Hitra, Tø",0,,1,0
449195,Remmingen,Rottingen,Frøya,Trøndelag,63.801756,8.787608,0,0,"Remmingen, Rottingen, Frøya, Tø",0,,1,0
440363,"Risneset, Hitra",Dolmsundet vest,Hitra,Trøndelag,63.622004,8.659589,0,0,"Risneset, Hitra, Dolmsundet vest, Hitra, Tø",0,,1,0
386748,Roaldsøya,Ytre Gjæsingen,Frøya,Trøndelag,63.922705,8.893222,0,0,"Roaldsøya, Ytre Gjæsingen, Frøya, Tø",0,,1,0
358005,Rognklovheia,,Frøya,Trøndelag,63.712057,8.612104,0,0,"Rognklovheia, Frøya, Tø",0,,1,0
386732,Rotholman,Sallåtholman - Rotholman,Frøya,Trøndelag,63.891092,8.788775,0,0,"Rotholman, Sallåtholman - Rotholman, Frøya, Tø",0,,1,0
387156,Rotholman vinter,Higersteinen - Rotholmen,Frøya,Trøndelag,63.894409,8.791551,0,0,"Rotholman vinter, Higersteinen - Rotholmen, Frøya, Tø",0,,1,0
372510,Rottemsvika,Rottem,Hitra,Trøndelag,63.472796,9.173353,0,0,"Rottemsvika, Rottem, Hitra, Tø",0,,1,0
397694,Rotthaugen,Akset,Hitra,Trøndelag,63.505789,8.943519,0,0,"Rotthaugen, Akset, Hitra, Tø",0,,1,0
406512,Rotthaugtjørnan,Akset,Hitra,Trøndelag,63.514644,8.941211,0,0,"Rotthaugtjørnan, Akset, Hitra, Tø",0,,1,0
352388,Rottingen,,Frøya,Trøndelag,63.808775,8.804155,0,0,"Rottingen, Frøya, Tø",0,,1,0
543132,Rundhaugtjønna,Titran,Frøya,Trøndelag,63.677848,8.334285,0,0,"Rundhaugtjønna, Titran, Frøya, Tø",113,"POLYGON((8.33477 63.678592, 8.335038 63.678525, 8.334902 63.67839, 8.334877 63.678311, 8.334935 63.678205, 8.334967 63.678152, 8.335081 63.67814, 8.334988 63.678081, 8.33501 63.678, 8.335042 63.677934, 8.334988 63.677838, 8.33486 63.677724, 8.334881 63.677643, 8.334824 63.677564, 8.334623 63.677505, 8.334387 63.677353, 8.334255 63.677274, 8.334126 63.677188, 8.333858 63.677169, 8.333669 63.677144, 8.333633 63.677065, 8.333375 63.676993, 8.333247 63.677051, 8.333118 63.677174, 8.333214 63.677284, 8.333322 63.677374, 8.333386 63.677436, 8.333483 63.677469, 8.333687 63.67745, 8.333733 63.677586, 8.33384 63.677629, 8.33413 63.677615, 8.334227 63.677715, 8.334205 63.677815, 8.334098 63.677948, 8.334141 63.678024, 8.334194 63.678129, 8.334266 63.678188, 8.33433 63.678245, 8.334277 63.678302, 8.334341 63.678345, 8.334259 63.678452, 8.33433 63.678487, 8.33448 63.67853, 8.334548 63.678595, 8.334674 63.678649, 8.33477 63.678592))",1,0
368504,Rundmåsklakken - Sørkråka,,Frøya,Trøndelag,63.896342,8.862428,0,0,"Rundmåsklakken - Sørkråka, Frøya, Tø",0,,1,0
3293771,Rådhuset,Sistranda,Frøya,Trøndelag,63.729946,8.824115,0,0,"Rådhuset, Sistranda, Frøya, Tø",50,,0,1
812035,Rørtjønnhammaren,,Hitra,Trøndelag,63.561846,8.808862,0,0,"Rørtjønnhammaren, Hitra, Tø",150,,1,0
358013,Røssvassmyran,,Frøya,Trøndelag,63.687997,8.623674,0,0,"Røssvassmyran, Frøya, Tø",0,,1,0
3343060,S for Ladalsheia,Norddalen,Frøya,Trøndelag,63.764274,8.756472,0,0,"S for Ladalsheia, Norddalen, Frøya, Tø",50,,0,1
3114792,S for Nordhammarvika gravplass,Nordhammaren,Frøya,Trøndelag,63.710132,8.832188,0,0,"S for Nordhammarvika gravplass, Nordhammaren, Frøya, Tø",131,"POLYGON((8.830997 63.710732, 8.834622 63.70996, 8.834159 63.709303, 8.830167 63.709932, 8.830997 63.710732))",1,0
357301,Sallåtholman,Sallåtholman - Rotholman,Frøya,Trøndelag,63.899132,8.794552,0,0,"Sallåtholman, Sallåtholman - Rotholman, Frøya, Tø",0,,1,0
386731,Sallåtholman - Rotholman,,Frøya,Trøndelag,63.896061,8.786808,0,0,"Sallåtholman - Rotholman, Frøya, Tø",0,,1,0
368503,Sallåtholman - Tromsa,,Frøya,Trøndelag,63.914123,8.827026,0,0,"Sallåtholman - Tromsa, Frøya, Tø",0,,1,0
387457,Sallåtholman vinter,Sallåtholman - Tromsa,Frøya,Trøndelag,63.89801,8.796761,0,0,"Sallåtholman vinter, Sallåtholman - Tromsa, Frøya, Tø",0,,1,0
3339560,Saltnesvågen,Uttian,Frøya,Trøndelag,63.76464,8.852054,0,0,"Saltnesvågen, Uttian, Frøya, Tø",546,"POLYGON((8.851815 63.761996, 8.849594 63.76207, 8.842566 63.763565, 8.846478 63.765396, 8.852777 63.766437, 8.856721 63.768166, 8.858014 63.768312, 8.860003 63.76588, 8.850754 63.762583, 8.851815 63.761996))",1,0
418133,Sandholmen,Titran,Frøya,Trøndelag,63.663701,8.294971,0,0,"Sandholmen, Titran, Frøya, Tø",150,,1,0
370401,Sandskjæret,Kråkvågsvaet fuglefredningsområde,Ørland,Trøndelag,63.661967,9.335032,0,0,"Sandskjæret, Kråkvågsvaet fuglefredningsområde, Ørland, Tø",0,,1,0
352455,Sandstad,,Hitra,Trøndelag,63.522699,9.097445,0,0,"Sandstad, Hitra, Tø",0,,1,0
384504,Sandstadsundet,Sandstad,Hitra,Trøndelag,63.51728,9.094014,0,0,"Sandstadsundet, Sandstad, Hitra, Tø",0,,1,0
352416,Sandvassheia,,Frøya,Trøndelag,63.703728,8.748621,0,0,"Sandvassheia, Frøya, Tø",0,,1,0
352417,Sandvatnet,,Frøya,Trøndelag,63.699406,8.747543,0,0,"Sandvatnet, Frøya, Tø",0,,1,0
353343,Sandvika (Frøya),,Frøya,Trøndelag,63.748893,8.681759,0,0,"Sandvika (Frøya), Frøya, Tø",0,,1,0
792854,Sankthansvalen,Fillingsnes,Frøya,Trøndelag,63.665844,8.499723,0,0,"Sankthansvalen, Fillingsnes, Frøya, Tø",165,"POLYGON((8.499554 63.667148, 8.501528 63.667072, 8.501463 63.665663, 8.500283 63.665349, 8.499682 63.665092, 8.498953 63.665025, 8.498416 63.665016, 8.498073 63.665082, 8.499554 63.667148))",1,0
635828,Sauefjøset,Titran,Frøya,Trøndelag,63.672013,8.309919,0,0,"Sauefjøset, Titran, Frøya, Tø",75,,1,0
636568,Scientologihagen,Titran,Frøya,Trøndelag,63.668534,8.303748,0,0,"Scientologihagen, Titran, Frøya, Tø",25,,1,0
358590,Selvåg,Ulvøya,Hitra,Trøndelag,63.671945,9.105207,0,0,"Selvåg, Ulvøya, Hitra, Tø",0,,1,0
434143,sentralt 2B,Havmyran naturreservat,Hitra,Trøndelag,63.497717,8.630591,0,0,"sentralt 2B, Havmyran naturreservat, Hitra, Tø",0,,1,0
434539,Seterdalen,Setervatnet,Hitra,Trøndelag,63.481321,8.686718,0,0,"Seterdalen, Setervatnet, Hitra, Tø",0,,1,0
397373,Setergjæsinga,,Smøla,Trøndelag,63.485957,8.056954,0,0,"Setergjæsinga, Smøla, Tø",200,,1,0
399056,Seterholmen,Norddyrøya,Frøya,Trøndelag,63.799745,8.681984,0,0,"Seterholmen, Norddyrøya, Frøya, Tø",0,,1,0
390809,Setervatnet,,Hitra,Trøndelag,63.562662,8.989773,0,0,"Setervatnet, Hitra, Tø",0,,1,0
433213,Setervatnet,,Hitra,Trøndelag,63.538683,8.733547,0,0,"Setervatnet, Hitra, Tø",0,,1,0
434538,Setervatnet,,Hitra,Trøndelag,63.479853,8.693428,0,0,"Setervatnet, Hitra, Tø",0,,1,0
356972,Setra,Norddyrøya,Frøya,Trøndelag,63.797021,8.684822,0,0,"Setra, Norddyrøya, Frøya, Tø",0,,1,0
352396,Siholmen,Sistranda,Frøya,Trøndelag,63.737253,8.838614,0,0,"Siholmen, Sistranda, Frøya, Tø",200,,1,0
418134,Sildholmen,Titran,Frøya,Trøndelag,63.664099,8.286788,0,0,"Sildholmen, Titran, Frøya, Tø",150,,1,0
427062,Sildvågen,Fjellværsøya,Hitra,Trøndelag,63.656176,9.041561,0,0,"Sildvågen, Fjellværsøya, Hitra, Tø",0,,1,0
386723,Singsholman,Higersteinen - Grønnholmen,Frøya,Trøndelag,63.877941,8.762086,0,0,"Singsholman, Higersteinen - Grønnholmen, Frøya, Tø",0,,1,0
2635641,Singstad,Kvisten,Frøya,Trøndelag,63.688638,8.44348,0,0,"Singstad, Kvisten, Frøya, Tø",299,"POLYGON((8.440517 63.689214, 8.442114 63.689521, 8.441966 63.689936, 8.442172 63.690168, 8.443631 63.690454, 8.444992 63.690121, 8.446293 63.689114, 8.447452 63.688102, 8.446733 63.686823, 8.444884 63.686089, 8.44359 63.687326, 8.443559 63.687641, 8.442821 63.687912, 8.442748 63.688088, 8.441691 63.688489, 8.440517 63.689214))",1,0
352394,Sistranda,,Frøya,Trøndelag,63.727624,8.832407,0,0,"Sistranda, Frøya, Tø",0,,1,0
3338711,Sistranda gjestehavn,Sistranda,Frøya,Trøndelag,63.736588,8.836539,0,0,"Sistranda gjestehavn, Sistranda, Frøya, Tø",135,"POLYGON((8.835308 63.735789, 8.835581 63.737128, 8.836208 63.73744, 8.83703 63.737417, 8.836808 63.736903, 8.839 63.73684, 8.837069 63.735396, 8.835308 63.735789))",1,0
3338789,Sistranda gravplass,Sistranda,Frøya,Trøndelag,63.734855,8.833041,0,0,"Sistranda gravplass, Sistranda, Frøya, Tø",63,"POLYGON((8.832898 63.734617, 8.832123 63.734913, 8.832309 63.735135, 8.832749 63.73505, 8.834292 63.735042, 8.83402 63.734614, 8.832898 63.734617))",1,0
3338508,Sistrandfjæra v/FKK-senter,Sistranda,Frøya,Trøndelag,63.731062,8.832615,0,0,"Sistrandfjæra v/FKK-senter, Sistranda, Frøya, Tø",89,"POLYGON((8.833119 63.730625, 8.832314 63.730582, 8.832117 63.730697, 8.832009 63.731138, 8.831987 63.731236, 8.832526 63.731868, 8.833187 63.731591, 8.833153 63.731195, 8.833119 63.730625))",1,0
3338503,"Sistrandfjæra, Siholmen sør",Sistranda,Frøya,Trøndelag,63.735181,8.835129,0,0,"Sistrandfjæra, Siholmen sør, Sistranda, Frøya, Tø",83,"POLYGON((8.834223 63.734894, 8.83536 63.734645, 8.835559 63.735158, 8.83593 63.735417, 8.836485 63.735484, 8.83549 63.735639, 8.835109 63.735467, 8.834626 63.735221, 8.834284 63.734991, 8.834223 63.734894))",1,0
3338506,"Sistrandfjæra, Sistranda bedehus-Myratangen",Sistranda,Frøya,Trøndelag,63.733032,8.833239,0,0,"Sistrandfjæra, Sistranda bedehus-Myratangen, Sistranda, Frøya, Tø",179,"POLYGON((8.833357 63.733852, 8.835088 63.733579, 8.833791 63.731308, 8.832491 63.731936, 8.832504 63.732381, 8.832689 63.733182, 8.832691 63.733418, 8.833182 63.733784, 8.833357 63.733852))",1,0
356983,siveng ved riksvei,Dolmøya,Hitra,Trøndelag,63.64413,8.775337,0,0,"siveng ved riksvei, Dolmøya, Hitra, Tø",0,,1,0
353344,Sjådalen,Sandvika (Frøya),Frøya,Trøndelag,63.743394,8.673432,0,0,"Sjådalen, Sandvika (Frøya), Frøya, Tø",0,,1,0
3294495,Sjø nordøst for Nordøya,Uttian,Frøya,Trøndelag,63.783932,8.876505,0,0,"Sjø nordøst for Nordøya, Uttian, Frøya, Tø",300,,0,1
1087655,sjøen mellom Sistranda og Inntian,Sistranda,Frøya,Trøndelag,63.725843,8.855522,0,0,"sjøen mellom Sistranda og Inntian, Sistranda, Frøya, Tø",2283,"POLYGON((8.877624 63.713884, 8.843463 63.7132, 8.843635 63.720954, 8.833678 63.731136, 8.844836 63.745947, 8.863719 63.74177, 8.859599 63.725969, 8.877624 63.713884))",1,0
3338579,sjøen utenfor Bekkaskaget,Sistranda,Frøya,Trøndelag,63.727,8.836724,0,0,"sjøen utenfor Bekkaskaget, Sistranda, Frøya, Tø",302,"POLYGON((8.834552 63.72839, 8.837264 63.729044, 8.840531 63.725104, 8.837133 63.724363, 8.837038 63.72583, 8.835996 63.727876, 8.834552 63.72839))",1,0
3338575,sjøen utenfor Midtsian,Sistranda,Frøya,Trøndelag,63.729591,8.834808,0,0,"sjøen utenfor Midtsian, Sistranda, Frøya, Tø",157,"POLYGON((8.833268 63.730498, 8.836452 63.730589, 8.837258 63.729077, 8.834469 63.728409, 8.834134 63.728477, 8.833268 63.730498))",1,0
3338778,sjøen utenfor Rabbatangen,Sistranda,Frøya,Trøndelag,63.721797,8.842659,0,0,"sjøen utenfor Rabbatangen, Sistranda, Frøya, Tø",344,"POLYGON((8.841621 63.724443, 8.846135 63.721631, 8.846037 63.719381, 8.842607 63.719446, 8.8431 63.720036, 8.841151 63.721915, 8.839004 63.723084, 8.841621 63.724443))",1,0
3338793,sjøen utenfor Rabbatangen sør,Sistranda,Frøya,Trøndelag,63.717086,8.843924,0,0,"sjøen utenfor Rabbatangen sør, Sistranda, Frøya, Tø",357,"POLYGON((8.846003 63.71934, 8.845223 63.714157, 8.843312 63.714413, 8.843135 63.715259, 8.841801 63.71644, 8.843135 63.718348, 8.842779 63.719391, 8.846003 63.71934))",1,0
3338799,sjøen utenfor Sistrandfjæra nord,Sistranda,Frøya,Trøndelag,63.733815,8.836051,0,0,"sjøen utenfor Sistrandfjæra nord, Sistranda, Frøya, Tø",291,"POLYGON((8.837808 63.735247, 8.836605 63.730928, 8.835957 63.731232, 8.83392 63.731363, 8.83516 63.733526, 8.836123 63.733502, 8.835457 63.734026, 8.835475 63.734665, 8.835679 63.735157, 8.836049 63.735411, 8.836568 63.735476, 8.837808 63.735247))",1,0
1043145,sjøen utenfor Stamnesøya,,Heim,Trøndelag,63.47193,9.051317,0,0,"sjøen utenfor Stamnesøya, Heim, Tø",500,,1,0
646076,Sjømyråsen naturreservat,,Hitra,Trøndelag,63.625958,8.731832,0,0,"Sjømyråsen naturreservat, Hitra, Tø",286,"POLYGON((8.729291 63.623961, 8.729785 63.624028, 8.730675 63.624056, 8.731201 63.624152, 8.73149 63.625014, 8.731437 63.625195, 8.731576 63.6255, 8.731759 63.625672, 8.732016 63.625786, 8.732692 63.626282, 8.732714 63.626411, 8.732821 63.626587, 8.732917 63.62683, 8.732982 63.627035, 8.733218 63.627197, 8.733347 63.62745, 8.733336 63.627564, 8.732971 63.628165, 8.732231 63.627288, 8.731158 63.627136, 8.731394 63.625801, 8.729291 63.623961))",1,0
356969,Sjønhalsen,Kvaløya,Frøya,Trøndelag,63.787511,8.714916,0,0,"Sjønhalsen, Kvaløya, Frøya, Tø",0,,1,0
895043,sjøområdet nord for Kvisten,Kvisten,Frøya,Trøndelag,63.723747,8.449383,0,0,"sjøområdet nord for Kvisten, Kvisten, Frøya, Tø",2000,,1,0
3283521,Sjøområdet utenfor Skaga,Hammarvika,Frøya,Trøndelag,63.70041,8.834836,0,0,"Sjøområdet utenfor Skaga, Hammarvika, Frøya, Tø",517,"POLYGON((8.835659 63.702713, 8.827562 63.698381, 8.83307 63.696156, 8.842229 63.702086, 8.835659 63.702713))",0,1
425156,Skagan,Svellingen,Frøya,Trøndelag,63.802367,8.82142,0,0,"Skagan, Svellingen, Frøya, Tø",200,,1,0
642108,Skagavatnet,,Frøya,Trøndelag,63.681606,8.411294,0,0,"Skagavatnet, Frøya, Tø",235,"POLYGON((8.413122 63.682399, 8.415054 63.681324, 8.414045 63.680953, 8.414839 63.680306, 8.414646 63.680249, 8.413187 63.680944, 8.410805 63.680649, 8.409475 63.681181, 8.408573 63.681162, 8.407758 63.681828, 8.408037 63.682428, 8.40838 63.682409, 8.408874 63.681714, 8.41102 63.682066, 8.409839 63.68238, 8.41102 63.68238, 8.411492 63.682133, 8.413122 63.682399))",1,0
371446,Skardsvågen,,Frøya,Trøndelag,63.684265,8.672587,0,0,"Skardsvågen, Frøya, Tø",0,,1,0
352428,Skarpnesvatnet,,Frøya,Trøndelag,63.681426,8.645692,0,0,"Skarpnesvatnet, Frøya, Tø",0,,1,0
386729,Skarvflesa,Vingleia - Skarvflesan,Frøya,Trøndelag,63.914004,8.669201,0,0,"Skarvflesa, Vingleia - Skarvflesan, Frøya, Tø",0,,1,0
355050,Skipnes,,Hitra,Trøndelag,63.573067,8.654828,0,0,"Skipnes, Hitra, Tø",0,,1,0
355051,Skipnesvatnet,Skipnes,Hitra,Trøndelag,63.576413,8.645997,0,0,"Skipnesvatnet, Skipnes, Hitra, Tø",0,,1,0
439500,Skjellandet,,Hitra,Trøndelag,63.651559,8.989594,0,0,"Skjellandet, Hitra, Tø",0,,1,0
779037,Skjulsvika,,Hitra,Trøndelag,63.616439,8.655998,0,0,"Skjulsvika, Hitra, Tø",195,"POLYGON((8.654239 63.615956, 8.659303 63.615651, 8.660161 63.616948, 8.654582 63.617482, 8.653466 63.616643, 8.654239 63.615956))",1,0
1857115,Skjøttholmen,Sula,Frøya,Trøndelag,63.843429,8.445611,0,0,"Skjøttholmen, Sula, Frøya, Tø",340,"POLYGON((8.449782 63.84295, 8.447207 63.846128, 8.444168 63.846105, 8.441919 63.843147, 8.441735 63.841462, 8.444687 63.841258, 8.449782 63.84295))",1,0
432022,"skog omkring Laksåelva, sone 1B",Havmyran naturreservat,Hitra,Trøndelag,63.481814,8.643437,0,0,"skog omkring Laksåelva, sone 1B, Havmyran naturreservat, Hitra, Tø",0,,1,0
432011,skog omkring Tverrelva,,Hitra,Trøndelag,63.477105,8.661727,0,0,"skog omkring Tverrelva, Hitra, Tø",0,,1,0
432012,skog Seterelva sone 2A,Havmyran naturreservat,Hitra,Trøndelag,63.487513,8.687984,0,0,"skog Seterelva sone 2A, Havmyran naturreservat, Hitra, Tø",0,,1,0
793226,Skognesvatnet,,Hitra,Trøndelag,63.603404,8.6481,0,0,"Skognesvatnet, Hitra, Tø",983,"POLYGON((8.657214 63.596802, 8.659617 63.601992, 8.650948 63.611035, 8.647772 63.611035, 8.640992 63.609356, 8.645283 63.605617, 8.636357 63.605465, 8.634125 63.603252, 8.649146 63.599817, 8.650433 63.596268, 8.657214 63.596802))",1,0
432034,Skogoddvatnet,,Hitra,Trøndelag,63.520116,8.714269,0,0,"Skogoddvatnet, Hitra, Tø",0,,1,0
642001,Skogsøya,Mausundvær,Frøya,Trøndelag,63.847732,8.630544,0,0,"Skogsøya, Mausundvær, Frøya, Tø",971,"POLYGON((8.639771 63.850834, 8.63917 63.841603, 8.618914 63.839446, 8.614193 63.842511, 8.623978 63.852347, 8.632904 63.853141, 8.635651 63.851136, 8.639771 63.850834))",1,0
362417,Skolen,Titran,Frøya,Trøndelag,63.669921,8.319738,0,0,"Skolen, Titran, Frøya, Tø",100,,1,0
641993,skolen,Sula,Frøya,Trøndelag,63.845386,8.455896,0,0,"skolen, Sula, Frøya, Tø",68,"POLYGON((8.455074 63.845628, 8.45664 63.845747, 8.45708 63.845056, 8.45561 63.844872, 8.455074 63.845628))",1,0
399305,Skrådalsvatnet,,Hitra,Trøndelag,63.526376,8.733655,0,0,"Skrådalsvatnet, Hitra, Tø",0,,1,0
433225,Skumfossøra,Havmyran naturreservat,Hitra,Trøndelag,63.512244,8.578067,0,0,"Skumfossøra, Havmyran naturreservat, Hitra, Tø",0,,1,0
432002,"Skumstjørna, sone 3B",Havmyran naturreservat,Hitra,Trøndelag,63.504827,8.582621,0,0,"Skumstjørna, sone 3B, Havmyran naturreservat, Hitra, Tø",0,,1,0
662857,Skybuvatnet,Titran,Frøya,Trøndelag,63.673899,8.313916,0,0,"Skybuvatnet, Titran, Frøya, Tø",412,"POLYGON((8.319472 63.675577, 8.319451 63.675206, 8.318893 63.674949, 8.318442 63.674768, 8.318228 63.674711, 8.31797 63.674616, 8.317413 63.674626, 8.317241 63.674559, 8.317906 63.674502, 8.317928 63.67434, 8.317434 63.674254, 8.317005 63.674245, 8.316726 63.674216, 8.316468 63.674112, 8.316232 63.674045, 8.315846 63.673921, 8.315782 63.67376, 8.315803 63.673636, 8.315739 63.673455, 8.315503 63.673379, 8.31531 63.673179, 8.314988 63.673084, 8.31473 63.673055, 8.314194 63.672932, 8.314022 63.672998, 8.313829 63.673027, 8.313271 63.672941, 8.3134 63.672789, 8.313421 63.672751, 8.31325 63.672789, 8.313035 63.672846, 8.312778 63.67277, 8.313057 63.672751, 8.313486 63.672713, 8.313443 63.672675, 8.313185 63.672675, 8.312864 63.672675, 8.31267 63.672684, 8.312434 63.672513, 8.311962 63.672427, 8.311855 63.672351, 8.311447 63.672389, 8.310911 63.672313, 8.310782 63.672285, 8.310525 63.672323, 8.310138 63.672275, 8.309688 63.67218, 8.309108 63.672113, 8.309044 63.672227, 8.308894 63.672304, 8.309023 63.672361, 8.30928 63.672332, 8.309623 63.67238, 8.309666 63.672446, 8.309559 63.672542, 8.309452 63.672713, 8.309817 63.672779, 8.309752 63.672894, 8.309645 63.672989, 8.309838 63.67317, 8.309967 63.673284, 8.310138 63.673427, 8.309838 63.673588, 8.309881 63.673798, 8.309967 63.673959, 8.310117 63.674112, 8.310095 63.674264, 8.31001 63.674388, 8.309902 63.674645, 8.309967 63.674702, 8.310335 63.674707, 8.31041 63.674571, 8.310699 63.674612, 8.310807 63.67455, 8.310903 63.674631, 8.311064 63.674659, 8.311096 63.674631, 8.311171 63.674578, 8.311361 63.674511, 8.312005 63.674426, 8.312456 63.674283, 8.312756 63.674121, 8.313078 63.674055, 8.31358 63.674106, 8.313816 63.674134, 8.313773 63.674196, 8.313805 63.674249, 8.313913 63.674253, 8.314041 63.674253, 8.314172 63.674254, 8.314374 63.674258, 8.314535 63.674291, 8.314739 63.674272, 8.314881 63.674235, 8.315061 63.674211, 8.315297 63.674196, 8.315468 63.674225, 8.315425 63.674144, 8.315576 63.674134, 8.315758 63.674215, 8.315737 63.674258, 8.315747 63.674325, 8.315803 63.674378, 8.315726 63.674458, 8.315758 63.67452, 8.315897 63.674563, 8.316026 63.67461, 8.316133 63.67461, 8.31637 63.674601, 8.316704 63.674664, 8.316876 63.674854, 8.316554 63.67494, 8.31679 63.675216, 8.317005 63.67532, 8.317413 63.675273, 8.317649 63.675235, 8.317928 63.675273, 8.318121 63.675311, 8.318357 63.675273, 8.318442 63.67532, 8.318528 63.675377, 8.318829 63.675587, 8.319151 63.675634, 8.319451 63.675568, 8.319472 63.675577))",1,0
442979,Skålhaugberget,Melandsjø,Hitra,Trøndelag,63.629873,8.731732,0,0,"Skålhaugberget, Melandsjø, Hitra, Tø",0,,1,0
463842,"Skårøya, Hitra",,Hitra,Trøndelag,63.518153,8.303685,0,0,"Skårøya, Hitra, Hitra, Tø",0,,1,0
643206,Slettaskogen,,Frøya,Trøndelag,63.771225,8.780204,0,0,"Slettaskogen, Frøya, Tø",341,"POLYGON((8.776101 63.770423, 8.77623 63.770072, 8.777989 63.770224, 8.777925 63.770063, 8.776745 63.770006, 8.778096 63.769067, 8.781058 63.770385, 8.782581 63.770471, 8.782753 63.770641, 8.783139 63.771542, 8.78389 63.77194, 8.78389 63.772661, 8.782731 63.773884, 8.782173 63.773951, 8.781487 63.773297, 8.781101 63.771988, 8.779684 63.771011, 8.776101 63.770423))",1,0
350922,Slettringen,Titran,Frøya,Trøndelag,63.666419,8.260099,0,0,"Slettringen, Titran, Frøya, Tø",500,,1,0
641989,Smaløya,Sula,Frøya,Trøndelag,63.848224,8.486334,0,0,"Smaløya, Sula, Frøya, Tø",957,"POLYGON((8.487936 63.843445, 8.484675 63.845602, 8.47592 63.856193, 8.489996 63.855966, 8.491541 63.844694, 8.487936 63.843445))",1,0
352403,Smettartjønna,,Frøya,Trøndelag,63.717359,8.624312,0,0,"Smettartjønna, Frøya, Tø",0,,1,0
426564,Småbåthavna,Sandstad,Hitra,Trøndelag,63.523292,9.107507,0,0,"Småbåthavna, Sandstad, Hitra, Tø",0,,1,0
352454,Smågevatnet,,Hitra,Trøndelag,63.606466,8.631633,0,0,"Smågevatnet, Hitra, Tø",0,,1,0
891579,Smågeveien 99,Smågevatnet,Hitra,Trøndelag,63.607752,8.627654,0,0,"Smågeveien 99, Smågevatnet, Hitra, Tø",50,,1,0
355072,Snæringstjønna,,Hitra,Trøndelag,63.580646,8.826145,0,0,"Snæringstjønna, Hitra, Tø",0,,1,0
371440,Solbakken,Barmfjorden,Hitra,Trøndelag,63.601426,8.861117,0,0,"Solbakken, Barmfjorden, Hitra, Tø",0,,1,0
350923,Stabben,Titran,Frøya,Trøndelag,63.663601,8.311123,0,0,"Stabben, Titran, Frøya, Tø",300,,1,0
3338717,Stabburshaugen,Uttian,Frøya,Trøndelag,63.767811,8.870047,0,0,"Stabburshaugen, Uttian, Frøya, Tø",212,"POLYGON((8.869774 63.769067, 8.871694 63.768939, 8.871766 63.768476, 8.872886 63.767692, 8.871359 63.767319, 8.869061 63.766496, 8.868028 63.766457, 8.868407 63.766997, 8.868494 63.76739, 8.869279 63.768026, 8.869774 63.769067))",1,0
432031,Stakkvatnet,,Hitra,Trøndelag,63.535713,8.578641,0,0,"Stakkvatnet, Hitra, Tø",0,,1,0
381792,Stakstuvollan,Kvaløya,Frøya,Trøndelag,63.782245,8.72442,0,0,"Stakstuvollan, Kvaløya, Frøya, Tø",0,,1,0
355058,Stamnes,,Hitra,Trøndelag,63.595223,8.558214,0,0,"Stamnes, Hitra, Tø",0,,1,0
3338796,Starrberget,Sistranda,Frøya,Trøndelag,63.715224,8.84178,0,0,"Starrberget, Sistranda, Frøya, Tø",131,"POLYGON((8.841071 63.71464, 8.84309 63.714402, 8.84308 63.715226, 8.841812 63.716223, 8.841118 63.716198, 8.841219 63.715239, 8.841071 63.71464))",1,0
352387,Staulan,Svellingen,Frøya,Trøndelag,63.78719,8.797507,0,0,"Staulan, Svellingen, Frøya, Tø",0,,1,0
909214,"Staulan, jorde ved krysset",Svellingen,Frøya,Trøndelag,63.790475,8.805538,0,0,"Staulan, jorde ved krysset, Svellingen, Frøya, Tø",50,,1,0
3338728,Staulberget,Uttian,Frøya,Trøndelag,63.769291,8.86662,0,0,"Staulberget, Uttian, Frøya, Tø",222,"POLYGON((8.865233 63.768134, 8.864579 63.768308, 8.863517 63.769639, 8.866688 63.771426, 8.868884 63.77113, 8.869306 63.770108, 8.868666 63.768552, 8.867473 63.768192, 8.865233 63.768134))",1,0
440488,Staulvågen,Svellingen,Frøya,Trøndelag,63.788717,8.796357,0,0,"Staulvågen, Svellingen, Frøya, Tø",0,,1,0
358010,Steindamvatnet,,Frøya,Trøndelag,63.695661,8.67919,0,0,"Steindamvatnet, Frøya, Tø",0,,1,0
646068,Steinklovvatnet,,Hitra,Trøndelag,63.6188,8.96885,0,0,"Steinklovvatnet, Hitra, Tø",371,"POLYGON((8.974187 63.619065, 8.968866 63.620437, 8.964489 63.620094, 8.961613 63.618092, 8.965132 63.617386, 8.968093 63.618092, 8.97423 63.618168, 8.974187 63.619065))",1,0
353339,Steinsvatnet,Nordskaget,Frøya,Trøndelag,63.697707,8.578156,0,0,"Steinsvatnet, Nordskaget, Frøya, Tø",0,,1,0
356511,Steinsvatnet,Daløya,Frøya,Trøndelag,63.684516,8.38571,0,0,"Steinsvatnet, Daløya, Frøya, Tø",0,,1,0
434533,Steiurdheia,Storfjordkastet,Frøya,Trøndelag,63.681517,8.570754,0,0,"Steiurdheia, Storfjordkastet, Frøya, Tø",0,,1,0
430562,Stiksdalen,,Hitra,Trøndelag,63.538571,8.982174,0,0,"Stiksdalen, Hitra, Tø",0,,1,0
390810,Stiksdalsvatnet,,Hitra,Trøndelag,63.546227,8.991875,0,0,"Stiksdalsvatnet, Hitra, Tø",0,,1,0
380667,Stokkvik,Fillfjorden,Hitra,Trøndelag,63.583547,9.01392,0,0,"Stokkvik, Fillfjorden, Hitra, Tø",0,,1,0
432008,Storbrattåvatnet,,Hitra,Trøndelag,63.475356,8.590526,0,0,"Storbrattåvatnet, Hitra, Tø",0,,1,0
3339558,Storbåtbukta øst,Uttian,Frøya,Trøndelag,63.767613,8.842914,0,0,"Storbåtbukta øst, Uttian, Frøya, Tø",179,"POLYGON((8.84064 63.768355, 8.842372 63.768684, 8.844088 63.767684, 8.845505 63.766564, 8.844734 63.76638, 8.842994 63.767106, 8.842339 63.767776, 8.84064 63.768355))",1,0
355060,Stordamsvatnet,Helgebostadøya,Hitra,Trøndelag,63.572791,8.56876,0,0,"Stordamsvatnet, Helgebostadøya, Hitra, Tø",0,,1,0
643202,Stordola,,Frøya,Trøndelag,63.674671,8.419419,0,0,"Stordola, Frøya, Tø",1416,"POLYGON((8.439055 63.676346, 8.421202 63.677526, 8.401718 63.676993, 8.394337 63.67627, 8.390217 63.674215, 8.41588 63.666182, 8.43339 63.672464, 8.439913 63.675699, 8.439055 63.676346))",1,0
642004,Store Aursøy,Mausundvær,Frøya,Trøndelag,63.874309,8.634591,0,0,"Store Aursøy, Mausundvær, Frøya, Tø",804,"POLYGON((8.623721 63.876599, 8.626424 63.871288, 8.628398 63.872082, 8.632175 63.872385, 8.633205 63.872819, 8.63578 63.872271, 8.636295 63.872555, 8.640758 63.872876, 8.6405 63.873141, 8.645479 63.874104, 8.648139 63.877959, 8.635093 63.881341, 8.623721 63.876599))",1,0
355065,Store Torsøya,Bispøyan,Hitra,Trøndelag,63.613965,8.460513,0,0,"Store Torsøya, Bispøyan, Hitra, Tø",0,,1,0
425354,Storfjordkastet,,Frøya,Trøndelag,63.684217,8.566281,0,0,"Storfjordkastet, Frøya, Tø",0,,1,0
352431,Storhallaren,,Frøya,Trøndelag,63.674594,8.602492,0,0,"Storhallaren, Frøya, Tø",0,,1,0
460629,Storhestvatnet,,Frøya,Trøndelag,63.72694,8.765787,0,0,"Storhestvatnet, Frøya, Tø",0,,1,0
357646,Storholmvatnet,,Frøya,Trøndelag,63.727016,8.707666,0,0,"Storholmvatnet, Frøya, Tø",0,,1,0
3339590,Storklingertjønna,Neset (Frøya),Frøya,Trøndelag,63.762638,8.789243,0,0,"Storklingertjønna, Neset (Frøya), Frøya, Tø",150,,1,0
653634,"Stormyra, Inntian naturreservat",,Frøya,Trøndelag,63.736005,8.899569,0,0,"Stormyra, Inntian naturreservat, Frøya, Tø",613,"POLYGON((8.897178 63.738923, 8.902886 63.739435, 8.907756 63.735862, 8.905396 63.732862, 8.894796 63.730848, 8.891792 63.735179, 8.897178 63.738923))",1,0
370400,Storslåttøya,Kråkvåg,Ørland,Trøndelag,63.659966,9.324288,0,0,"Storslåttøya, Kråkvåg, Ørland, Tø",0,,1,0
636580,Stort tjern S av Vågsenden,Titran,Frøya,Trøndelag,63.679464,8.337686,0,0,"Stort tjern S av Vågsenden, Titran, Frøya, Tø",64,"POLYGON((8.337302 63.679344, 8.337216 63.679386, 8.337227 63.679462, 8.337152 63.67951, 8.337002 63.679548, 8.337066 63.679672, 8.337152 63.679724, 8.337238 63.679748, 8.337367 63.679772, 8.337517 63.679772, 8.337731 63.6798, 8.337849 63.679791, 8.337882 63.679867, 8.337957 63.679824, 8.337903 63.679762, 8.337967 63.679743, 8.338021 63.679781, 8.338096 63.679748, 8.338096 63.67971, 8.338214 63.679681, 8.338236 63.679638, 8.338193 63.679572, 8.338182 63.679491, 8.33815 63.67942, 8.338107 63.679396, 8.338042 63.679324, 8.338 63.679258, 8.337935 63.67922, 8.337914 63.67912, 8.33786 63.679015, 8.337753 63.678977, 8.337645 63.678958, 8.337527 63.678972, 8.337474 63.67903, 8.337463 63.679091, 8.337527 63.679158, 8.33757 63.67922, 8.337549 63.679324, 8.337656 63.67941, 8.337656 63.679505, 8.337517 63.679515, 8.337291 63.679358, 8.337302 63.679344))",1,0
666359,Stortjønna,Titran,Frøya,Trøndelag,63.670627,8.321297,0,0,"Stortjønna, Titran, Frøya, Tø",53,"POLYGON((8.321281 63.670922, 8.321227 63.67096, 8.321087 63.670926, 8.321077 63.670836, 8.320959 63.670836, 8.320873 63.670817, 8.320733 63.670755, 8.320562 63.670722, 8.320572 63.670684, 8.320487 63.670627, 8.320444 63.670532, 8.320412 63.670465, 8.320562 63.670413, 8.320594 63.670355, 8.320744 63.670341, 8.320884 63.670336, 8.321023 63.670346, 8.32112 63.670379, 8.321173 63.670351, 8.321259 63.670332, 8.321399 63.670322, 8.321495 63.670341, 8.321592 63.670303, 8.32172 63.670313, 8.321806 63.67036, 8.321742 63.670398, 8.32186 63.670427, 8.321978 63.670479, 8.32216 63.67056, 8.322203 63.670612, 8.32215 63.670685, 8.322074 63.670761, 8.321967 63.670813, 8.321892 63.670847, 8.321785 63.670875, 8.321645 63.670885, 8.321506 63.670903, 8.321377 63.670903, 8.321323 63.670869, 8.321195 63.670888, 8.321259 63.670931, 8.321281 63.670922))",1,0
386739,Stortromsa,Tromsa,Frøya,Trøndelag,63.919056,8.861126,0,0,"Stortromsa, Tromsa, Frøya, Tø",0,,1,0
383134,Storvalen,Dolmøya,Hitra,Trøndelag,63.652863,8.788308,0,0,"Storvalen, Dolmøya, Hitra, Tø",0,,1,0
355055,Storvatnet,,Hitra,Trøndelag,63.608451,8.744048,0,0,"Storvatnet, Hitra, Tø",0,,1,0
355075,Storvatnet,,Hitra,Trøndelag,63.5699,8.798217,0,0,"Storvatnet, Hitra, Tø",0,,1,0
452693,Storvågen,Kjølsøya,Hitra,Trøndelag,63.63944,8.900759,0,0,"Storvågen, Kjølsøya, Hitra, Tø",0,,1,0
646053,Storvågen,,Hitra,Trøndelag,63.552337,9.131425,0,0,"Storvågen, Hitra, Tø",634,"POLYGON((9.134981 63.556285, 9.127771 63.552539, 9.124509 63.54971, 9.127771 63.547225, 9.132749 63.548869, 9.137212 63.555444, 9.134981 63.556285))",1,0
355081,Strand,,Hitra,Trøndelag,63.543258,9.152755,0,0,"Strand, Hitra, Tø",0,,1,0
390796,Strandavatnet,,Hitra,Trøndelag,63.539303,9.101263,0,0,"Strandavatnet, Hitra, Tø",0,,1,0
420832,"Strandfjæra, Hitra",Strand,Hitra,Trøndelag,63.54074,9.151111,0,0,"Strandfjæra, Hitra, Strand, Hitra, Tø",0,,1,0
423266,Strandskjæra,,Hitra,Trøndelag,63.532874,9.167721,0,0,"Strandskjæra, Hitra, Tø",0,,1,0
355054,Straum (Hitra),,Hitra,Trøndelag,63.56319,8.75331,0,0,"Straum (Hitra), Hitra, Tø",0,,1,0
811767,Strauman,,Hitra,Trøndelag,63.488981,8.303919,0,0,"Strauman, Hitra, Tø",200,,1,0
382196,Straumfjorden,,Hitra,Trøndelag,63.565925,8.682127,0,0,"Straumfjorden, Hitra, Tø",0,,1,0
355038,Straumsvik,Dolmøya,Hitra,Trøndelag,63.654912,8.794668,0,0,"Straumsvik, Dolmøya, Hitra, Tø",0,,1,0
352389,Strømøya,,Frøya,Trøndelag,63.786825,8.780682,0,0,"Strømøya, Frøya, Tø",0,,1,0
425155,Strømøybotnen,Strømøya,Frøya,Trøndelag,63.776963,8.782209,0,0,"Strømøybotnen, Strømøya, Frøya, Tø",400,,1,0
792709,Stutvassdalen,,Frøya,Trøndelag,63.702653,8.699474,0,0,"Stutvassdalen, Frøya, Tø",1421,"POLYGON((8.695316 63.694131, 8.701582 63.696566, 8.711109 63.706681, 8.703212 63.707935, 8.705015 63.714778, 8.694973 63.715082, 8.69626 63.699038, 8.692484 63.695539, 8.695316 63.694131))",1,0
450182,"Stutvassdalen, nedre del",Stutvassdalen,Frøya,Trøndelag,63.696998,8.698522,0,0,"Stutvassdalen, nedre del, Stutvassdalen, Frøya, Tø",0,,1,0
352411,"Stutvassdalen, øvre del",Stutvassdalen,Frøya,Trøndelag,63.709677,8.699267,0,0,"Stutvassdalen, øvre del, Stutvassdalen, Frøya, Tø",0,,1,0
352409,Stutvassheia,,Frøya,Trøndelag,63.698029,8.689386,0,0,"Stutvassheia, Frøya, Tø",0,,1,0
358009,Stutvatnet,,Frøya,Trøndelag,63.702678,8.688182,0,0,"Stutvatnet, Frøya, Tø",0,,1,0
3321301,Sula,Sula,Frøya,Trøndelag,63.847988,8.451009,0,0,"Sula, Sula, Frøya, Tø",1,,1,0
3323847,Sula,Sula,Frøya,Trøndelag,63.844365,8.454755,0,0,"Sula, Sula, Frøya, Tø",1500,,0,1
352261,Sula,,Frøya,Trøndelag,63.845323,8.452249,0,0,"Sula, Frøya, Tø",0,,1,0
950796,Sula havhotell,Sula,Frøya,Trøndelag,63.845322,8.465635,0,0,"Sula havhotell, Sula, Frøya, Tø",167,"POLYGON((8.465809 63.846508, 8.464479 63.845941, 8.463856 63.844976, 8.465423 63.843898, 8.466689 63.844323, 8.466367 63.844541, 8.466646 63.845884, 8.465809 63.846508))",1,0
763864,Sula indre havn,Sula,Frøya,Trøndelag,63.846615,8.459582,0,0,"Sula indre havn, Sula, Frøya, Tø",350,"POLYGON((8.460643 63.843942, 8.463433 63.845001, 8.458534 63.848861, 8.457632 63.848653, 8.458126 63.84818, 8.458062 63.847726, 8.460643 63.843942))",1,0
2290251,Sulfjorden,,Frøya,Trøndelag,63.829543,8.55348,0,0,"Sulfjorden, Frøya, Tø",2000,,1,0
360427,"sump ved hotellet, Kvernhusvik",Dolmsundet,Hitra,Trøndelag,63.635678,8.819327,0,0,"sump ved hotellet, Kvernhusvik, Dolmsundet, Hitra, Tø",0,,1,0
642105,Sump Ø for Høgset,Høgset,Frøya,Trøndelag,63.692051,8.449602,0,0,"Sump Ø for Høgset, Høgset, Frøya, Tø",187,"POLYGON((8.449874 63.692409, 8.450947 63.691857, 8.451033 63.690583, 8.447042 63.691915, 8.448844 63.693132, 8.449874 63.692409))",1,0
3339541,sund mellom Litlsørøya og Sørøya,Uttian,Frøya,Trøndelag,63.763304,8.829912,0,0,"sund mellom Litlsørøya og Sørøya, Uttian, Frøya, Tø",204,"POLYGON((8.827618 63.76455, 8.82933 63.764987, 8.832049 63.763684, 8.832962 63.76236, 8.830756 63.762178, 8.830423 63.762233, 8.828978 63.762473, 8.830081 63.762561, 8.830376 63.763124, 8.828845 63.763645, 8.827618 63.76455))",1,0
355053,Sundbu,Straumfjorden,Hitra,Trøndelag,63.571507,8.682666,0,0,"Sundbu, Straumfjorden, Hitra, Tø",0,,1,0
355668,Sunde,,Hitra,Trøndelag,63.496831,9.180108,0,0,"Sunde, Hitra, Tø",0,,1,0
372504,Sundvatnet,Sunde,Hitra,Trøndelag,63.488311,9.188409,0,0,"Sundvatnet, Sunde, Hitra, Tø",0,,1,0
646081,Svansholmen,,Hitra,Trøndelag,63.521497,9.220442,0,0,"Svansholmen, Hitra, Tø",317,"POLYGON((9.216219 63.521336, 9.224717 63.523364, 9.227206 63.521795, 9.21785 63.519652, 9.216219 63.521336))",1,0
643190,Svantjønna,Nabeita,Frøya,Trøndelag,63.697307,8.784428,0,0,"Svantjønna, Nabeita, Frøya, Tø",140,"POLYGON((8.786288 63.69777, 8.784872 63.698188, 8.782855 63.697465, 8.782254 63.696458, 8.784013 63.696191, 8.786288 63.69777))",1,0
425764,Svanåstjønna,,Hitra,Trøndelag,63.529463,9.035561,0,0,"Svanåstjønna, Hitra, Tø",0,,1,0
951837,Svartbergvatnet øst,,Hitra,Trøndelag,63.601393,8.678478,0,0,"Svartbergvatnet øst, Hitra, Tø",242,"POLYGON((8.675697 63.601851, 8.682907 63.601965, 8.682907 63.600439, 8.675182 63.600859, 8.675697 63.601851))",1,0
425002,Svarthavet,Sandstad,Hitra,Trøndelag,63.527577,9.102889,0,0,"Svarthavet, Sandstad, Hitra, Tø",0,,1,0
440482,Svartskjæret,Rottingen,Frøya,Trøndelag,63.821052,8.803714,0,0,"Svartskjæret, Rottingen, Frøya, Tø",0,,1,0
386738,Svartskjærklakken,,Frøya,Trøndelag,63.916398,8.781212,0,0,"Svartskjærklakken, Frøya, Tø",0,,1,0
643198,Sveabakken gravsted,Nordskaget,Frøya,Trøndelag,63.693544,8.571266,0,0,"Sveabakken gravsted, Nordskaget, Frøya, Tø",181,"POLYGON((8.572725 63.694264, 8.572017 63.694463, 8.571566 63.694036, 8.56867 63.692162, 8.569206 63.691943, 8.571953 63.693674, 8.572725 63.694264))",1,0
352386,Svellingen,,Frøya,Trøndelag,63.797604,8.80305,0,0,"Svellingen, Frøya, Tø",0,,1,0
811799,Sætermyran,,Frøya,Trøndelag,63.681589,8.441226,0,0,"Sætermyran, Frøya, Tø",300,,1,0
355032,Sætra,Fjellværsøya,Hitra,Trøndelag,63.621697,9.105441,0,0,"Sætra, Fjellværsøya, Hitra, Tø",0,,1,0
424688,Sætra,Hestvika,Hitra,Trøndelag,63.557026,9.196161,0,0,"Sætra, Hestvika, Hitra, Tø",0,,1,0
433224,sø av Langvasstjørna 2B,Havmyran naturreservat,Hitra,Trøndelag,63.507448,8.61125,0,0,"sø av Langvasstjørna 2B, Havmyran naturreservat, Hitra, Tø",500,,1,0
433233,sø av Vardeheia 3A,Havmyran naturreservat,Hitra,Trøndelag,63.53251,8.597407,0,0,"sø av Vardeheia 3A, Havmyran naturreservat, Hitra, Tø",750,,1,0
433223,sør av Langvatnet 2B,Havmyran naturreservat,Hitra,Trøndelag,63.5097,8.632837,0,0,"sør av Langvatnet 2B, Havmyran naturreservat, Hitra, Tø",500,,1,0
1217077,sør for Hemnskjela skole,Hemnskjel,Hitra,Trøndelag,63.49194,9.134205,0,0,"sør for Hemnskjela skole, Hemnskjel, Hitra, Tø",25,,1,0
3342889,Sør for Krokvatnet,,Frøya,Trøndelag,63.694088,8.71108,0,0,"Sør for Krokvatnet, Frøya, Tø",300,,0,1
440485,sør for sykehjem,Hammarvika,Frøya,Trøndelag,63.702885,8.826666,0,0,"sør for sykehjem, Hammarvika, Frøya, Tø",0,,1,0
398008,Sørbotn,Fjellværsøya,Hitra,Trøndelag,63.647125,9.104219,0,0,"Sørbotn, Fjellværsøya, Hitra, Tø",0,,1,0
356966,Sørdyrøya,,Frøya,Trøndelag,63.785892,8.649501,0,0,"Sørdyrøya, Frøya, Tø",0,,1,0
693421,Sørfrøyveien 1555,Nordskaget,Frøya,Trøndelag,63.701532,8.567152,0,0,"Sørfrøyveien 1555, Nordskaget, Frøya, Tø",25,,1,0
704702,Sørfrøyveien 1563,Nordskaget,Frøya,Trøndelag,63.702264,8.567089,0,0,"Sørfrøyveien 1563, Nordskaget, Frøya, Tø",25,,1,0
355660,Sørhamna,Sørleksa,Orkland,Trøndelag,63.569052,9.323165,0,0,"Sørhamna, Sørleksa, Orkland, Tø",0,,1,0
350250,Sørleksa,,Orkland,Trøndelag,63.577912,9.324567,0,0,"Sørleksa, Orkland, Tø",0,,1,0
433215,Sørlona,Setervatnet,Hitra,Trøndelag,63.532094,8.732208,0,0,"Sørlona, Setervatnet, Hitra, Tø",0,,1,0
353338,Sørskaget,,Frøya,Trøndelag,63.702761,8.492825,0,0,"Sørskaget, Frøya, Tø",0,,1,0
812940,Sørsætra,Fjellværsøya,Hitra,Trøndelag,63.615426,9.091687,0,0,"Sørsætra, Fjellværsøya, Hitra, Tø",200,,1,0
432030,"sørvest for Indre Leberget, sone 1A",Havmyran naturreservat,Hitra,Trøndelag,63.482761,8.583735,0,0,"sørvest for Indre Leberget, sone 1A, Havmyran naturreservat, Hitra, Tø",0,,1,0
388343,Sørvågen,,Hitra,Trøndelag,63.632718,8.75216,0,0,"Sørvågen, Hitra, Tø",0,,1,0
793195,sørøst for Gaddnesvatnet,Havmyran naturreservat,Hitra,Trøndelag,63.522303,8.66974,0,0,"sørøst for Gaddnesvatnet, Havmyran naturreservat, Hitra, Tø",300,,1,0
436755,"Sørøyan, Uttian",Uttian,Frøya,Trøndelag,63.767852,8.839503,0,0,"Sørøyan, Uttian, Uttian, Frøya, Tø",500,,1,0
3339539,Sørøyvalen,Uttian,Frøya,Trøndelag,63.76837,8.836571,0,0,"Sørøyvalen, Uttian, Frøya, Tø",244,"POLYGON((8.835853 63.766844, 8.832717 63.769142, 8.833064 63.769348, 8.836298 63.770326, 8.840823 63.768501, 8.839701 63.76824, 8.838263 63.767712, 8.835853 63.766844))",1,0
352420,takrørsumpen,Flatval,Frøya,Trøndelag,63.694685,8.760155,0,0,"takrørsumpen, Flatval, Frøya, Tø",0,,1,0
355819,Tarvahavet,,Ørland,Trøndelag,63.864771,9.335975,0,0,"Tarvahavet, Ørland, Tø",0,,1,0
646079,Terningen,,Hitra,Trøndelag,63.495999,9.038927,0,0,"Terningen, Hitra, Tø",785,"POLYGON((9.042155 63.499446, 9.025675 63.497302, 9.032713 63.48987, 9.051939 63.493931, 9.042155 63.499446))",1,0
435728,Terningsmoen,,Hitra,Trøndelag,63.515818,9.051649,0,0,"Terningsmoen, Hitra, Tø",100,,1,0
425763,Terningssanden,Terningsvatnet (Hitra),Hitra,Trøndelag,63.521718,9.032488,0,0,"Terningssanden, Terningsvatnet (Hitra), Hitra, Tø",0,,1,0
440552,Terningsvatnet (Hitra),,Hitra,Trøndelag,63.522727,9.012025,0,0,"Terningsvatnet (Hitra), Hitra, Tø",0,,1,0
425765,Terningsvatnet nord,Terningsvatnet (Hitra),Hitra,Trøndelag,63.526844,9.001137,0,0,"Terningsvatnet nord, Terningsvatnet (Hitra), Hitra, Tø",0,,1,0
384530,Tevika,Akset,Hitra,Trøndelag,63.493988,8.940609,0,0,"Tevika, Akset, Hitra, Tø",0,,1,0
386725,Tidbreddskj - Flatmåsskj,,Frøya,Trøndelag,63.905076,8.832622,0,0,"Tidbreddskj - Flatmåsskj, Frøya, Tø",0,,1,0
386727,Tidbreddskjæra,Tidbreddskj - Flatmåsskj,Frøya,Trøndelag,63.906763,8.825319,0,0,"Tidbreddskjæra, Tidbreddskj - Flatmåsskj, Frøya, Tø",0,,1,0
821749,"Tindskjæra, Froan",,Frøya,Trøndelag,63.911895,8.589044,0,0,"Tindskjæra, Froan, Frøya, Tø",300,,1,0
349647,Titran,,Frøya,Trøndelag,63.669654,8.309003,0,0,"Titran, Frøya, Tø",0,,1,0
636569,Titran Canning,Titran,Frøya,Trøndelag,63.668889,8.300775,0,0,"Titran Canning, Titran, Frøya, Tø",75,,1,0
580498,Titran kapell,Titran,Frøya,Trøndelag,63.669407,8.308698,0,0,"Titran kapell, Titran, Frøya, Tø",25,,1,0
433824,tjern ved Vardeheia,,Hitra,Trøndelag,63.540912,8.594766,0,0,"tjern ved Vardeheia, Hitra, Tø",0,,1,0
3339563,tjønn ved Staulan,Uttian,Frøya,Trøndelag,63.776517,8.873905,0,0,"tjønn ved Staulan, Uttian, Frøya, Tø",119,"POLYGON((8.872586 63.776071, 8.87276 63.775899, 8.873348 63.775819, 8.875138 63.776064, 8.875834 63.776653, 8.875569 63.777012, 8.874293 63.777342, 8.873539 63.777261, 8.873754 63.777034, 8.873547 63.776459, 8.872586 63.776071))",1,0
355062,Tonningen,,Hitra,Trøndelag,63.51375,8.425928,0,0,"Tonningen, Hitra, Tø",0,,1,0
423591,Tranholmen,Sandstad,Hitra,Trøndelag,63.51603,9.117801,0,0,"Tranholmen, Sandstad, Hitra, Tø",0,,1,0
440094,Tranvikan,,Hitra,Trøndelag,63.598614,9.022167,0,0,"Tranvikan, Hitra, Tø",0,,1,0
357302,Tromsa,,Frøya,Trøndelag,63.917452,8.870271,0,0,"Tromsa, Frøya, Tø",0,,1,0
387459,Tryggholmen ved Tromsa,Tromsa,Frøya,Trøndelag,63.917413,8.835955,0,0,"Tryggholmen ved Tromsa, Tromsa, Frøya, Tø",0,,1,0
387460,Tryggholmen vinter,Sallåtholman - Tromsa,Frøya,Trøndelag,63.91936,8.837042,0,0,"Tryggholmen vinter, Sallåtholman - Tromsa, Frøya, Tø",0,,1,0
792305,Trøan,Fillingsnes,Frøya,Trøndelag,63.667345,8.514897,0,0,"Trøan, Fillingsnes, Frøya, Tø",219,"POLYGON((8.514588 63.669135, 8.515575 63.668593, 8.515897 63.668326, 8.516563 63.667822, 8.517657 63.667184, 8.516863 63.666584, 8.515833 63.666413, 8.514889 63.66628, 8.514524 63.665956, 8.51373 63.665832, 8.512078 63.666794, 8.510876 63.667431, 8.514588 63.669135))",1,0
356949,Tungvågen,,Frøya,Trøndelag,63.73719,8.664538,0,0,"Tungvågen, Frøya, Tø",0,,1,0
370204,Tunnelinnslag,Dolmøya,Hitra,Trøndelag,63.653871,8.821429,0,0,"Tunnelinnslag, Dolmøya, Hitra, Tø",0,,1,0
1615585,turbin A01 (5),Frøya vindkraftverk,Frøya,Trøndelag,63.696688,8.634966,0,0,"turbin A01 (5), Frøya vindkraftverk, Frøya, Tø",250,,1,0
1615582,turbin A02 (2),Frøya vindkraftverk,Frøya,Trøndelag,63.693539,8.622461,0,0,"turbin A02 (2), Frøya vindkraftverk, Frøya, Tø",250,,1,0
1615584,turbin A03 (4),Frøya vindkraftverk,Frøya,Trøndelag,63.688976,8.633322,0,0,"turbin A03 (4), Frøya vindkraftverk, Frøya, Tø",250,,1,0
1615580,turbin A04 (3),Frøya vindkraftverk,Frøya,Trøndelag,63.688884,8.622524,0,0,"turbin A04 (3), Frøya vindkraftverk, Frøya, Tø",250,,1,0
1615588,turbin B01 (6),Frøya vindkraftverk,Frøya,Trøndelag,63.692977,8.644982,0,0,"turbin B01 (6), Frøya vindkraftverk, Frøya, Tø",250,,1,0
1615587,turbin B02 (8),Frøya vindkraftverk,Frøya,Trøndelag,63.695788,8.650013,0,0,"turbin B02 (8), Frøya vindkraftverk, Frøya, Tø",250,,1,0
1615586,turbin B03 (7),Frøya vindkraftverk,Frøya,Trøndelag,63.699227,8.647129,0,0,"turbin B03 (7), Frøya vindkraftverk, Frøya, Tø",250,,1,0
1615591,turbin C01 (10),Frøya vindkraftverk,Frøya,Trøndelag,63.702487,8.662176,0,0,"turbin C01 (10), Frøya vindkraftverk, Frøya, Tø",250,,1,0
1615593,turbin C02 (1),Frøya vindkraftverk,Frøya,Trøndelag,63.704122,8.669057,0,0,"turbin C02 (1), Frøya vindkraftverk, Frøya, Tø",250,,1,0
1615595,turbin C03 (13),Frøya vindkraftverk,Frøya,Trøndelag,63.706339,8.678471,0,0,"turbin C03 (13), Frøya vindkraftverk, Frøya, Tø",250,,1,0
1615589,turbin D01 (9),Frøya vindkraftverk,Frøya,Trøndelag,63.694303,8.661493,0,0,"turbin D01 (9), Frøya vindkraftverk, Frøya, Tø",250,,1,0
1615590,turbin D02 (11),Frøya vindkraftverk,Frøya,Trøndelag,63.697309,8.66567,0,0,"turbin D02 (11), Frøya vindkraftverk, Frøya, Tø",250,,1,0
1615596,turbin D03 (12),Frøya vindkraftverk,Frøya,Trøndelag,63.699956,8.676504,0,0,"turbin D03 (12), Frøya vindkraftverk, Frøya, Tø",250,,1,0
1615597,turbin D04 (14),Frøya vindkraftverk,Frøya,Trøndelag,63.700457,8.68661,0,0,"turbin D04 (14), Frøya vindkraftverk, Frøya, Tø",250,,1,0
435501,Tuvheia,Hestvika,Hitra,Trøndelag,63.565505,9.1937,0,0,"Tuvheia, Hestvika, Hitra, Tø",0,,1,0
356948,Tuvnes,,Frøya,Trøndelag,63.72739,8.624258,0,0,"Tuvnes, Frøya, Tø",0,,1,0
358023,Tuvnesvatnet,,Frøya,Trøndelag,63.726893,8.645979,0,0,"Tuvnesvatnet, Frøya, Tø",0,,1,0
433219,Tverrvatnet nord 2A,Havmyran naturreservat,Hitra,Trøndelag,63.517308,8.662499,0,0,"Tverrvatnet nord 2A, Havmyran naturreservat, Hitra, Tø",400,,1,0
433217,Tverrvatnet sør 2A,Havmyran naturreservat,Hitra,Trøndelag,63.511371,8.667135,0,0,"Tverrvatnet sør 2A, Havmyran naturreservat, Hitra, Tø",300,,1,0
442156,Uggsteinen,,Ørland,Trøndelag,63.66857,9.297455,0,0,"Uggsteinen, Ørland, Tø",0,,1,0
442157,Uggsteinskjæra,Uggsteinen,Ørland,Trøndelag,63.67847,9.280657,0,0,"Uggsteinskjæra, Uggsteinen, Ørland, Tø",0,,1,0
355026,Ulvan,Ulvøya,Hitra,Trøndelag,63.673897,9.044193,0,0,"Ulvan, Ulvøya, Hitra, Tø",0,,1,0
646057,Ulvvågen,,Hitra,Trøndelag,63.596288,9.071991,0,0,"Ulvvågen, Hitra, Tø",885,"POLYGON((9.082452 63.593427, 9.080392 63.596061, 9.068891 63.598961, 9.056617 63.60113, 9.057905 63.598612, 9.067689 63.595221, 9.079534 63.593465, 9.082452 63.593427))",1,0
646056,Ulvvågvatnet,,Hitra,Trøndelag,63.587291,9.101389,0,0,"Ulvvågvatnet, Hitra, Tø",555,"POLYGON((9.096271 63.589386, 9.093868 63.588012, 9.102708 63.582933, 9.111549 63.585568, 9.109231 63.587859, 9.102193 63.586943, 9.099017 63.588241, 9.096271 63.589386))",1,0
355022,Ulvøya,,Hitra,Trøndelag,63.673355,9.079856,0,0,"Ulvøya, Hitra, Tø",0,,1,0
372959,Urdevikkammen,Bustlisundet,Hitra,Trøndelag,63.495488,9.291598,0,0,"Urdevikkammen, Bustlisundet, Hitra, Tø",0,,1,0
642000,Ursøya,Mausundvær,Frøya,Trøndelag,63.848842,8.647222,0,0,"Ursøya, Mausundvær, Frøya, Tø",675,"POLYGON((8.639964 63.85088, 8.641981 63.850751, 8.650736 63.849238, 8.653954 63.850313, 8.659319 63.849389, 8.652367 63.844244, 8.639492 63.845039, 8.639964 63.85088))",1,0
3295035,Utfor Synnvorden,Uttian,Frøya,Trøndelag,63.784234,8.885623,0,0,"Utfor Synnvorden, Uttian, Frøya, Tø",200,,0,1
429358,"Utset, Hitra",,Hitra,Trøndelag,63.582061,9.135615,0,0,"Utset, Hitra, Hitra, Tø",0,,1,0
646041,Utsetøya,,Hitra,Trøndelag,63.581847,9.172896,0,0,"Utsetøya, Hitra, Tø",717,"POLYGON((9.170214 63.585847, 9.161631 63.579279, 9.165407 63.576835, 9.177424 63.575383, 9.181715 63.580348, 9.180342 63.585084, 9.176222 63.586153, 9.170214 63.585847))",1,0
428400,Utsikten,Fillan,Hitra,Trøndelag,63.596313,8.97505,0,0,"Utsikten, Fillan, Hitra, Tø",0,,1,0
352401,Uttian,,Frøya,Trøndelag,63.773549,8.869184,0,0,"Uttian, Frøya, Tø",1500,,1,0
3283110,Uttianbrua,,Frøya,Trøndelag,63.763019,8.821052,0,0,"Uttianbrua, Frøya, Tø",100,,0,1
352402,Valavatnet,,Frøya,Trøndelag,63.72261,8.625974,0,0,"Valavatnet, Frøya, Tø",0,,1,0
642109,Valavatnet,,Frøya,Trøndelag,63.683037,8.40634,0,0,"Valavatnet, Frøya, Tø",204,"POLYGON((8.408842 63.682516, 8.407297 63.682535, 8.40676 63.683086, 8.40337 63.682877, 8.402791 63.682582, 8.402297 63.682849, 8.404722 63.683857, 8.407061 63.684, 8.408134 63.683467, 8.407447 63.683258, 8.40852 63.682896, 8.408842 63.682516))",1,0
372657,Valen,,Frøya,Trøndelag,63.722331,8.601629,0,0,"Valen, Frøya, Tø",0,,1,0
662844,Valmovatnet,Titran,Frøya,Trøndelag,63.683123,8.331114,0,0,"Valmovatnet, Titran, Frøya, Tø",867,"POLYGON((8.315556 63.681322, 8.316457 63.681684, 8.317401 63.681836, 8.317959 63.682064, 8.318045 63.682483, 8.318474 63.68254, 8.318688 63.682235, 8.319203 63.682064, 8.319933 63.682159, 8.320491 63.682292, 8.32122 63.682464, 8.321306 63.682844, 8.322122 63.682901, 8.323109 63.682977, 8.323667 63.68311, 8.324267 63.68313, 8.324911 63.682996, 8.325769 63.683168, 8.326757 63.683396, 8.3274 63.683529, 8.327958 63.683206, 8.328902 63.683358, 8.329846 63.683529, 8.33019 63.684043, 8.330791 63.683929, 8.331348 63.683929, 8.331778 63.683681, 8.332293 63.683624, 8.332507 63.683434, 8.333194 63.683681, 8.333451 63.683472, 8.334438 63.683681, 8.335211 63.683948, 8.335726 63.683986, 8.335726 63.684366, 8.336885 63.684195, 8.337528 63.684366, 8.337957 63.684804, 8.338644 63.684994, 8.339202 63.685051, 8.339588 63.684861, 8.339889 63.684785, 8.340275 63.684766, 8.340876 63.684823, 8.341734 63.684823, 8.341903 63.684728, 8.341989 63.684662, 8.342204 63.684633, 8.342118 63.684567, 8.342043 63.684519, 8.342279 63.684367, 8.342075 63.684143, 8.342311 63.683986, 8.342536 63.683848, 8.342633 63.683753, 8.34288 63.683725, 8.342987 63.683591, 8.342815 63.683525, 8.342654 63.683477, 8.342515 63.683473, 8.342461 63.68353, 8.342354 63.683525, 8.342247 63.683492, 8.342107 63.683492, 8.342 63.683539, 8.34186 63.683572, 8.341678 63.683639, 8.341539 63.683653, 8.341133 63.683719, 8.340747 63.6837, 8.339889 63.683415, 8.338816 63.683263, 8.337829 63.683263, 8.336799 63.683149, 8.336455 63.683015, 8.336241 63.682616, 8.335468 63.682559, 8.335597 63.68311, 8.334996 63.683149, 8.334481 63.683225, 8.333709 63.68313, 8.332636 63.683053, 8.331391 63.682882, 8.330705 63.682673, 8.33019 63.682426, 8.329632 63.682654, 8.329374 63.682977, 8.328559 63.683091, 8.327915 63.683015, 8.327572 63.682692, 8.326885 63.682692, 8.326027 63.682768, 8.32504 63.682502, 8.324139 63.682388, 8.32371 63.682311, 8.323366 63.682064, 8.32195 63.681779, 8.321092 63.681626, 8.320276 63.681569, 8.319332 63.681246, 8.319075 63.681493, 8.318259 63.681417, 8.317616 63.681227, 8.317701 63.681018, 8.317143 63.681037, 8.316156 63.680789, 8.315813 63.68096, 8.316714 63.681322, 8.315727 63.681303, 8.315556 63.681322))",1,0
355667,Valslag,,Hitra,Trøndelag,63.494975,9.272303,0,0,"Valslag, Hitra, Tø",0,,1,0
355666,Valslagvågen,,Hitra,Trøndelag,63.509523,9.250599,0,0,"Valslagvågen, Hitra, Tø",0,,1,0
386741,Valtromsa,Tromsa,Frøya,Trøndelag,63.924624,8.873325,0,0,"Valtromsa, Tromsa, Frøya, Tø",0,,1,0
364989,Valvåg,Kvisten,Frøya,Trøndelag,63.697392,8.445161,0,0,"Valvåg, Kvisten, Frøya, Tø",0,,1,0
359997,Valøya i Gjæsingen,Ytre Gjæsingen,Frøya,Trøndelag,63.926922,8.888659,0,0,"Valøya i Gjæsingen, Ytre Gjæsingen, Frøya, Tø",0,,1,0
3128683,Valøyan,,Frøya,Trøndelag,63.820164,8.457629,0,0,"Valøyan, Frøya, Tø",750,,1,0
458961,Vamyra,Kvaløya,Frøya,Trøndelag,63.784781,8.715482,0,0,"Vamyra, Kvaløya, Frøya, Tø",0,,1,0
1645100,Vann N av riksveien,Malmmyran,Frøya,Trøndelag,63.696494,8.481585,0,0,"Vann N av riksveien, Malmmyran, Frøya, Tø",34,"POLYGON((8.48136 63.696727, 8.48121 63.696563, 8.481009 63.69637, 8.481377 63.696378, 8.481595 63.696363, 8.481813 63.696296, 8.481997 63.696341, 8.48193 63.69643, 8.481712 63.696445, 8.481695 63.696549, 8.481913 63.696519, 8.481628 63.696719, 8.48136 63.696727))",1,0
946849,vann S for veien ved Veisan,Kvisten,Frøya,Trøndelag,63.691448,8.463868,0,0,"vann S for veien ved Veisan, Kvisten, Frøya, Tø",118,"POLYGON((8.465173 63.692032, 8.46322 63.69187, 8.462598 63.690805, 8.463177 63.690501, 8.465173 63.692032))",1,0
432019,"vann vest, sone 2B",Havmyran naturreservat,Hitra,Trøndelag,63.500635,8.618967,0,0,"vann vest, sone 2B, Havmyran naturreservat, Hitra, Tø",0,,1,0
432023,"vann øst, sone 1B",Havmyran naturreservat,Hitra,Trøndelag,63.488664,8.634651,0,0,"vann øst, sone 1B, Havmyran naturreservat, Hitra, Tø",0,,1,0
1897108,vanndammene,Sula,Frøya,Trøndelag,63.841711,8.459326,0,0,"vanndammene, Sula, Frøya, Tø",140,"POLYGON((8.459039 63.842057, 8.458407 63.841618, 8.458356 63.840604, 8.459793 63.840706, 8.460697 63.842468, 8.459953 63.842464, 8.459039 63.842057))",1,0
793618,Vardeheia,Havmyran naturreservat,Hitra,Trøndelag,63.539908,8.587328,0,0,"Vardeheia, Havmyran naturreservat, Hitra, Tø",300,,1,0
643199,Vassbukta,Kverva,Frøya,Trøndelag,63.701996,8.531179,0,0,"Vassbukta, Kverva, Frøya, Tø",248,"POLYGON((8.528426 63.701507, 8.529327 63.700651, 8.531001 63.700765, 8.534949 63.702629, 8.534606 63.703674, 8.531516 63.703237, 8.528426 63.701507))",1,0
653635,Vassholmen naturreservat,Humlingsvær IBA,Frøya,Trøndelag,63.753002,8.374054,0,0,"Vassholmen naturreservat, Humlingsvær IBA, Frøya, Tø",736,"POLYGON((8.383946 63.756529, 8.38356 63.756719, 8.383313 63.757198, 8.382852 63.757597, 8.382273 63.757824, 8.381629 63.757905, 8.380749 63.757872, 8.379676 63.757734, 8.378839 63.757488, 8.367306 63.753066, 8.365428 63.752193, 8.364538 63.751642, 8.364237 63.751125, 8.364087 63.750589, 8.364077 63.750186, 8.36427 63.749849, 8.364613 63.749583, 8.365493 63.749379, 8.366158 63.749346, 8.36737 63.749341, 8.368314 63.749412, 8.369226 63.74955, 8.370289 63.749744, 8.371737 63.750053, 8.373443 63.750499, 8.375112 63.750976, 8.379548 63.752288, 8.382927 63.753436, 8.383313 63.753631, 8.383399 63.753778, 8.383946 63.756529))",1,0
641994,Vassøya,Sula,Frøya,Trøndelag,63.840576,8.460107,0,0,"Vassøya, Sula, Frøya, Tø",656,"POLYGON((8.463657 63.84486, 8.457263 63.842495, 8.451469 63.837481, 8.454774 63.835419, 8.462198 63.837273, 8.467734 63.841644, 8.463657 63.84486))",1,0
641999,Vassøya,Mausundvær,Frøya,Trøndelag,63.852756,8.647512,0,0,"Vassøya, Mausundvær, Frøya, Tø",898,"POLYGON((8.650736 63.849276, 8.653826 63.850297, 8.66198 63.852264, 8.655886 63.856992, 8.645843 63.859941, 8.630737 63.854836, 8.635715 63.851167, 8.642153 63.850751, 8.650736 63.849276))",1,0
2517168,Vavika øst,Neset (Frøya),Frøya,Trøndelag,63.764178,8.810313,0,0,"Vavika øst, Neset (Frøya), Frøya, Tø",119,"POLYGON((8.810497 63.763452, 8.810899 63.763887, 8.810788 63.764278, 8.810949 63.764629, 8.811361 63.764935, 8.810748 63.765091, 8.808568 63.765055, 8.808739 63.763505, 8.810085 63.763492, 8.810497 63.763452))",1,0
440192,"Vedøya, Hestvika",,Hitra,Trøndelag,63.548364,9.202081,0,0,"Vedøya, Hestvika, Hitra, Tø",0,,1,0
440243,Vedøyleiret,"Vedøya, Hestvika",Hitra,Trøndelag,63.548596,9.205809,0,0,"Vedøyleiret, Vedøya, Hestvika, Hitra, Tø",400,,1,0
356512,Veisan,Kvisten,Frøya,Trøndelag,63.701146,8.463459,0,0,"Veisan, Kvisten, Frøya, Tø",0,,1,0
356946,Veisan syd,Kvisten,Frøya,Trøndelag,63.692675,8.464241,0,0,"Veisan syd, Kvisten, Frøya, Tø",0,,1,0
355566,Veltheian,Titran,Frøya,Trøndelag,63.679335,8.3555,0,0,"Veltheian, Titran, Frøya, Tø",300,,1,0
666354,Venåsbusken,Titran,Frøya,Trøndelag,63.668575,8.310972,0,0,"Venåsbusken, Titran, Frøya, Tø",41,"POLYGON((8.310648 63.66877, 8.310562 63.668694, 8.310766 63.668508, 8.311077 63.668408, 8.311292 63.668222, 8.311539 63.668251, 8.311571 63.668289, 8.311292 63.668584, 8.311013 63.668684, 8.310809 63.668741, 8.310745 63.668784, 8.31068 63.668765, 8.310648 63.66877))",1,0
3294498,Verøysundet,Uttian,Frøya,Trøndelag,63.785444,8.888264,0,0,"Verøysundet, Uttian, Frøya, Tø",300,,0,1
433228,vest av Gaddnesvatnet 3B,Havmyran naturreservat,Hitra,Trøndelag,63.523388,8.64067,0,0,"vest av Gaddnesvatnet 3B, Havmyran naturreservat, Hitra, Tø",750,,1,0
433220,vest av Tverrfjellet 2A,Havmyran naturreservat,Hitra,Trøndelag,63.511799,8.693177,0,0,"vest av Tverrfjellet 2A, Havmyran naturreservat, Hitra, Tø",500,,1,0
433222,vest av Tverrvatnet 2B,Havmyran naturreservat,Hitra,Trøndelag,63.511956,8.651531,0,0,"vest av Tverrvatnet 2B, Havmyran naturreservat, Hitra, Tø",500,,1,0
1810312,vest for Hestnes,,Hitra,Trøndelag,63.590257,8.588676,0,0,"vest for Hestnes, Hitra, Tø",100,,1,0
2114008,vest for Vollavatnet,Strømøya,Frøya,Trøndelag,63.779372,8.764171,0,0,"vest for Vollavatnet, Strømøya, Frøya, Tø",50,,1,0
434537,vestre del,Langvatnet,Hitra,Trøndelag,63.475982,8.702807,0,0,"vestre del, Langvatnet, Hitra, Tø",0,,1,0
689553,vestre vann,Malmmyran,Frøya,Trøndelag,63.694016,8.480023,0,0,"vestre vann, Malmmyran, Frøya, Tø",135,"POLYGON((8.479139 63.69472, 8.48077 63.694682, 8.481842 63.693084, 8.479225 63.692875, 8.479139 63.69472))",1,0
452704,Vettan,Dolmsundet,Hitra,Trøndelag,63.638977,8.782299,0,0,"Vettan, Dolmsundet, Hitra, Tø",0,,1,0
423985,Vikahalten,Sandstad,Hitra,Trøndelag,63.526159,9.110884,0,0,"Vikahalten, Sandstad, Hitra, Tø",0,,1,0
352391,Vikan,Strømøya,Frøya,Trøndelag,63.79802,8.782388,0,0,"Vikan, Strømøya, Frøya, Tø",0,,1,0
379542,Vikan sør,Strømøya,Frøya,Trøndelag,63.792245,8.782721,0,0,"Vikan sør, Strømøya, Frøya, Tø",0,,1,0
454927,"Vikan, Hitra",Fillan,Hitra,Trøndelag,63.601426,8.988624,0,0,"Vikan, Hitra, Fillan, Hitra, Tø",0,,1,0
724113,Vikanveien 22,Fillan,Hitra,Trøndelag,63.600272,8.983512,0,0,"Vikanveien 22, Fillan, Hitra, Tø",50,,1,0
352392,Vikasundet,Strømøya,Frøya,Trøndelag,63.802077,8.767934,0,0,"Vikasundet, Strømøya, Frøya, Tø",0,,1,0
361717,Vikavatnet,Ulvøya,Hitra,Trøndelag,63.665602,9.062753,0,0,"Vikavatnet, Ulvøya, Hitra, Tø",0,,1,0
355046,Vikstraum,Dolmsundet,Hitra,Trøndelag,63.635044,8.777376,0,0,"Vikstraum, Dolmsundet, Hitra, Tø",0,,1,0
457745,Vikstrøm,Dolmsundet,Hitra,Trøndelag,63.635016,8.777358,0,0,"Vikstrøm, Dolmsundet, Hitra, Tø",0,,1,0
450958,Viksvaet,Strømøya,Frøya,Trøndelag,63.780789,8.756409,0,0,"Viksvaet, Strømøya, Frøya, Tø",0,,1,0
358435,Vingan,Vingvågen,Hitra,Trøndelag,63.514988,9.28628,0,0,"Vingan, Vingvågen, Hitra, Tø",0,,1,0
368490,Vingleia,Vingleia - Skarvflesan,Frøya,Trøndelag,63.916098,8.674357,0,0,"Vingleia, Vingleia - Skarvflesan, Frøya, Tø",0,,1,0
386728,Vingleia - Skarvflesan,,Frøya,Trøndelag,63.913423,8.679729,0,0,"Vingleia - Skarvflesan, Frøya, Tø",0,,1,0
372503,Vingvågen,,Hitra,Trøndelag,63.520296,9.304031,0,0,"Vingvågen, Hitra, Tø",0,,1,0
352413,Vobsjøen,,Frøya,Trøndelag,63.705209,8.733978,0,0,"Vobsjøen, Frøya, Tø",0,,1,0
361396,Vold-huset,Titran,Frøya,Trøndelag,63.671041,8.309506,0,0,"Vold-huset, Titran, Frøya, Tø",50,,1,0
3131443,Vollavatnet,,Frøya,Trøndelag,63.776355,8.694551,0,0,"Vollavatnet, Frøya, Tø",125,,1,0
355074,Vollavatnet,,Hitra,Trøndelag,63.592758,8.845091,0,0,"Vollavatnet, Hitra, Tø",0,,1,0
443833,Vollavatnet,Strømøya,Frøya,Trøndelag,63.782662,8.771914,0,0,"Vollavatnet, Strømøya, Frøya, Tø",0,,1,0
426429,Volnestjønna,,Hitra,Trøndelag,63.571123,8.707002,0,0,"Volnestjønna, Hitra, Tø",0,,1,0
646047,Vågavatnet,,Hitra,Trøndelag,63.556278,9.11461,0,0,"Vågavatnet, Hitra, Tø",589,"POLYGON((9.120475 63.557622, 9.110261 63.559838, 9.102365 63.555596, 9.11112 63.552347, 9.122964 63.55464, 9.120475 63.557622))",1,0
946856,vågen N for Titran bro,Titran,Frøya,Trøndelag,63.670148,8.312824,0,0,"vågen N for Titran bro, Titran, Frøya, Tø",64,"POLYGON((8.31331 63.670328, 8.313557 63.670276, 8.313567 63.670147, 8.313063 63.669767, 8.312773 63.669738, 8.312462 63.66979, 8.312344 63.670043, 8.312055 63.670281, 8.312076 63.67048, 8.31228 63.670495, 8.312376 63.670319, 8.312859 63.669948, 8.313213 63.670095, 8.313117 63.67019, 8.31331 63.670328))",1,0
946851,vågen S for Titran bro,Titran,Frøya,Trøndelag,63.66923,8.313848,0,0,"vågen S for Titran bro, Titran, Frøya, Tø",121,"POLYGON((8.312759 63.66969, 8.312556 63.669519, 8.312867 63.669005, 8.313382 63.668986, 8.313746 63.668695, 8.313586 63.6686, 8.313789 63.668377, 8.314176 63.668439, 8.313875 63.668872, 8.313918 63.669167, 8.314476 63.669647, 8.314809 63.669623, 8.315527 63.669776, 8.315334 63.669948, 8.314004 63.669643, 8.312759 63.66969))",1,0
457053,Vågsenden,Titran,Frøya,Trøndelag,63.679072,8.324472,0,0,"Vågsenden, Titran, Frøya, Tø",0,,1,0
747043,Vågsenden (land),Titran,Frøya,Trøndelag,63.68125,8.341574,0,0,"Vågsenden (land), Titran, Frøya, Tø",203,"POLYGON((8.338613 63.681063, 8.34196 63.681729, 8.345394 63.681824, 8.345522 63.681215, 8.339343 63.680606, 8.338613 63.681063))",1,0
542827,Vågsvågtjønnin,Titran,Frøya,Trøndelag,63.681565,8.347819,0,0,"Vågsvågtjønnin, Titran, Frøya, Tø",75,,1,0
459222,Ystholmen,Sunde,Hitra,Trøndelag,63.51341,9.180288,0,0,"Ystholmen, Sunde, Hitra, Tø",0,,1,0
358008,Ytre Damvatnet,,Frøya,Trøndelag,63.701587,8.678777,0,0,"Ytre Damvatnet, Frøya, Tø",0,,1,0
431997,Ytre Laksåvatnet,,Hitra,Trøndelag,63.480001,8.647668,0,0,"Ytre Laksåvatnet, Hitra, Tø",0,,1,0
432004,"Ytre Langvatnet, sone 3A",Havmyran naturreservat,Hitra,Trøndelag,63.525719,8.617179,0,0,"Ytre Langvatnet, sone 3A, Havmyran naturreservat, Hitra, Tø",0,,1,0
431995,"Ytre Lebergvatnet, sone 1A",Havmyran naturreservat,Hitra,Trøndelag,63.488744,8.591784,0,0,"Ytre Lebergvatnet, sone 1A, Havmyran naturreservat, Hitra, Tø",0,,1,0
426745,Ytre Setervågen,,Hitra,Trøndelag,63.48047,8.762536,0,0,"Ytre Setervågen, Hitra, Tø",0,,1,0
424775,Ytter Børøyneset,Hestvika,Hitra,Trøndelag,63.577368,9.19255,0,0,"Ytter Børøyneset, Hestvika, Hitra, Tø",0,,1,0
358012,Ytter Røssvatnet,,Frøya,Trøndelag,63.697977,8.615122,0,0,"Ytter Røssvatnet, Frøya, Tø",0,,1,0
643197,Ytter Singsvatnet,,Frøya,Trøndelag,63.689253,8.602216,0,0,"Ytter Singsvatnet, Frøya, Tø",235,"POLYGON((8.605759 63.68846, 8.603807 63.689183, 8.601511 63.689497, 8.600416 63.690115, 8.599536 63.690267, 8.598914 63.689915, 8.599687 63.689078, 8.604558 63.688299, 8.605759 63.68846))",1,0
791108,Ytterneset,Fillingsnes,Frøya,Trøndelag,63.668347,8.479135,0,0,"Ytterneset, Fillingsnes, Frøya, Tø",150,,1,0
437244,Yttersia,Titran,Frøya,Trøndelag,63.669296,8.305922,0,0,"Yttersia, Titran, Frøya, Tø",75,,1,0
352395,Yttersian,Sistranda,Frøya,Trøndelag,63.735202,8.818132,0,0,"Yttersian, Sistranda, Frøya, Tø",0,,1,0
3323846,Ytterst Sulsveien,Sula,Frøya,Trøndelag,63.848563,8.455114,0,0,"Ytterst Sulsveien, Sula, Frøya, Tø",112,"POLYGON((8.45428 63.848996, 8.453538 63.848634, 8.45428 63.848251, 8.454906 63.848283, 8.455326 63.848295, 8.45572 63.848236, 8.456015 63.848157, 8.456292 63.847999, 8.456775 63.848109, 8.456059 63.848515, 8.455308 63.848811, 8.45462 63.848961, 8.454736 63.849091, 8.454575 63.849114, 8.45428 63.848996))",0,1
418230,Yttervågen,Titran,Frøya,Trøndelag,63.671547,8.322496,0,0,"Yttervågen, Titran, Frøya, Tø",100,,1,0
420833,Åkervikdalen,Strand,Hitra,Trøndelag,63.546732,9.156537,0,0,"Åkervikdalen, Strand, Hitra, Tø",0,,1,0
451758,Årlidalsvatnet,,Frøya,Trøndelag,63.734641,8.789305,0,0,"Årlidalsvatnet, Frøya, Tø",0,,1,0
368499,Årtalet,,Frøya,Trøndelag,63.907561,8.915339,0,0,"Årtalet, Frøya, Tø",0,,1,0
387468,Årtalet - Storflua,,Frøya,Trøndelag,63.903345,8.940061,0,0,"Årtalet - Storflua, Frøya, Tø",0,,1,0
355042,Åsvang,Dolmøya,Hitra,Trøndelag,63.648892,8.823693,0,0,"Åsvang, Dolmøya, Hitra, Tø",0,,1,0
636606,Ø av Haugen,Titran,Frøya,Trøndelag,63.67218,8.315812,0,0,"Ø av Haugen, Titran, Frøya, Tø",100,,1,0
423634,Ø av Laksvatnet,Laksvatnet,Hitra,Trøndelag,63.57437,8.961153,0,0,"Ø av Laksvatnet, Laksvatnet, Hitra, Tø",0,,1,0
431999,"Ømmentjørna, sone 2B",Havmyran naturreservat,Hitra,Trøndelag,63.491479,8.667925,0,0,"Ømmentjørna, sone 2B, Havmyran naturreservat, Hitra, Tø",0,,1,0
452707,Øra,Straum (Hitra),Hitra,Trøndelag,63.560802,8.748504,0,0,"Øra, Straum (Hitra), Hitra, Tø",0,,1,0
437946,Ørndalen,Sistranda,Frøya,Trøndelag,63.728654,8.817288,0,0,"Ørndalen, Sistranda, Frøya, Tø",0,,1,0
432033,Ørndalsvatnet,,Hitra,Trøndelag,63.547412,8.68281,0,0,"Ørndalsvatnet, Hitra, Tø",0,,1,0
2678148,Ørndalsvågen,Hammarvatnet,Frøya,Trøndelag,63.726928,8.807619,0,0,"Ørndalsvågen, Hammarvatnet, Frøya, Tø",54,"POLYGON((8.807367 63.726637, 8.807841 63.726706, 8.808381 63.72729, 8.807829 63.72736, 8.806928 63.726936, 8.807367 63.726637))",1,0
386742,Ørnholmen,Tromsa,Frøya,Trøndelag,63.912215,8.868249,0,0,"Ørnholmen, Tromsa, Frøya, Tø",0,,1,0
406513,Ørnåstjørna,Akset,Hitra,Trøndelag,63.513013,8.916174,0,0,"Ørnåstjørna, Akset, Hitra, Tø",0,,1,0
439833,øst av I.Leberget sone 1B,Havmyran naturreservat,Hitra,Trøndelag,63.491779,8.617431,0,0,"øst av I.Leberget sone 1B, Havmyran naturreservat, Hitra, Tø",0,,1,0
433227,øst av Leberget 3B,Havmyran naturreservat,Hitra,Trøndelag,63.518125,8.615796,0,0,"øst av Leberget 3B, Havmyran naturreservat, Hitra, Tø",500,,1,0
433221,øst av Tverrvatnet 2A,Havmyran naturreservat,Hitra,Trøndelag,63.519579,8.6859,0,0,"øst av Tverrvatnet 2A, Havmyran naturreservat, Hitra, Tø",500,,1,0
689555,østre vann,Malmmyran,Frøya,Trøndelag,63.693894,8.486666,0,0,"østre vann, Malmmyran, Frøya, Tø",242,"POLYGON((8.485576 63.692399, 8.488966 63.695537, 8.488151 63.695937, 8.485061 63.693198, 8.485576 63.692399))",1,0
355073,Øverdalsvatnet,,Hitra,Trøndelag,63.586369,8.837275,0,0,"Øverdalsvatnet, Hitra, Tø",0,,1,0
371445,Øverskarsvågen,Skardsvågen,Frøya,Trøndelag,63.6916,8.689826,0,0,"Øverskarsvågen, Skardsvågen, Frøya, Tø",0,,1,0
