latS,lonW,latin,count
57,2,Larus marinus,236
57,2,Fulmarus glacialis,195
57,2,Morus bassanus,142
57,2,Rissa tridactyla,124
57,2,Larus canus,100
57,2,Larus argentatus,74
57,2,Larus fuscus,47
57,2,Coloeus monedula,35
57,2,Sturnus vulgaris,33
57,2,Falco tinnunculus,28
57,2,Chroicocephalus ridibundus,24
57,2,Turdus merula,23
57,2,Accipiter nisus,22
57,2,Corvus cornix,22
57,2,Uria aalge,20
57,2,Asio flammeus,19
57,2,Asio otus,19
57,2,Turdus pilaris,18
57,2,Stercorarius skua,16
57,2,Erithacus rubecula,16
57,2,Hirundo rustica,16
57,2,Oenanthe oenanthe,15
57,2,Sylvia atricapilla,13
57,2,Phylloscopus trochilus,11
57,2,Anthus pratensis,10
57,2,Turdus iliacus,10
57,2,Ficedula hypoleuca,10
57,2,Sylvia borin,10
57,2,Columba palumbus,10
57,2,Turdus philomelos,9
57,2,Scolopax rusticola,8
57,2,Phylloscopus collybita,8
57,2,Phalacrocorax carbo,7
57,2,Columba livia,7
57,2,Phoenicurus phoenicurus,7
57,2,Corvus corone,7
57,2,Pandion haliaetus,6
57,2,Delichon urbicum,6
57,2,Sylvia curruca,6
57,2,Troglodytes troglodytes,6
57,2,Falco peregrinus,5
57,2,Larus hyperboreus,5
57,2,Larus glaucoides,5
57,2,Haematopus ostralegus,5
57,2,Motacilla alba,5
57,6,Larus marinus,3554
57,6,Somateria mollissima,2952
57,6,Larus argentatus,2337
57,6,Phalacrocorax carbo,1781
57,6,Haematopus ostralegus,1381
57,6,Phalacrocorax aristotelis,1309
57,6,Morus bassanus,1249
57,6,Larus canus,1206
57,6,Anser anser,982
57,6,Larus fuscus,932
57,6,Melanitta nigra,919
57,6,Corvus cornix,896
57,6,Anthus petrosus,859
57,6,Parus major,827
57,6,Mergus serrator,814
57,6,Turdus merula,801
57,6,Anthus pratensis,690
57,6,Cyanistes caeruleus,655
57,6,Erithacus rubecula,641
57,6,Bucephala clangula,629
57,6,Motacilla alba,608
57,6,Oenanthe oenanthe,567
57,6,Rissa tridactyla,520
57,6,Acanthis flammea,519
57,6,Fringilla coelebs,501
57,6,Phylloscopus trochilus,497
57,6,Hirundo rustica,488
57,6,Troglodytes troglodytes,475
57,6,Gavia stellata,439
57,6,Uria aalge,419
57,6,Pica pica,419
57,6,Anas platyrhynchos,389
57,6,Ardea cinerea,380
57,6,Haliaeetus albicilla,377
57,6,Turdus philomelos,376
57,6,Chloris chloris,369
57,6,Spinus spinus,358
57,6,Falco peregrinus,351
57,6,Accipiter nisus,346
57,6,Sitta europaea,335
57,6,Falco tinnunculus,335
57,6,Sylvia atricapilla,330
57,6,Alca torda,317
57,6,Cygnus olor,314
57,6,Sturnus vulgaris,314
57,6,Stercorarius parasiticus,309
57,6,Linaria cannabina,309
57,6,Prunella modularis,308
57,6,Phylloscopus collybita,306
57,6,Fulmarus glacialis,302
57,6,Corvus corax,288
57,6,Tringa totanus,277
57,6,Actitis hypoleucos,270
57,6,Tadorna tadorna,266
57,6,Regulus regulus,262
57,6,Columba palumbus,257
57,6,Hydrobates pelagicus,250
57,6,Alle alle,248
57,6,Sylvia communis,245
57,6,Melanitta fusca,243
57,6,Jynx torquilla,240
57,6,Calidris alpina,238
57,6,Chroicocephalus ridibundus,228
57,6,Turdus pilaris,226
57,6,Stercorarius skua,215
57,6,Numenius arquata,212
57,6,Sylvia curruca,201
57,6,Picus viridis,198
57,6,Calidris maritima,192
57,6,Sterna hirundo,184
57,6,Calidris canutus,171
57,6,Clangula hyemalis,169
57,6,Numenius phaeopus,167
57,6,Anas crecca,167
57,6,Gavia immer,155
57,6,Fringilla montifringilla,153
57,6,Anthus trivialis,149
57,6,Sylvia borin,147
57,6,Loxia curvirostra,147
57,6,Emberiza schoeniclus,144
57,6,Cuculus canorus,144
57,6,Alauda arvensis,140
57,6,Buteo lagopus,139
57,6,Buteo buteo,139
57,6,Charadrius hiaticula,137
57,6,Carduelis carduelis,128
57,6,Cepphus grylle,127
57,6,Emberiza citrinella,126
57,6,Calidris alba,122
57,6,Turdus iliacus,121
57,6,Periparus ater,119
57,6,Dendrocopos major,116
57,6,Arenaria interpres,116
57,6,Pluvialis apricaria,113
57,6,Tringa nebularia,113
57,6,Apus apus,111
57,6,Ficedula hypoleuca,108
57,6,Garrulus glandarius,108
57,6,Motacilla cinerea,106
57,6,Muscicapa striata,105
57,6,Linaria flavirostris,100
57,6,Gavia arctica,98
57,6,Passer montanus,98
57,6,Aythya fuligula,91
57,6,Phoenicurus phoenicurus,90
57,6,Fratercula arctica,88
57,6,Scolopax rusticola,88
57,6,Pyrrhula pyrrhula,81
57,6,Branta leucopsis,80
57,6,Certhia familiaris,75
57,6,Gallinago gallinago,73
57,6,Phoenicurus ochruros,73
57,6,Mergus merganser,73
57,6,Falco columbarius,72
57,6,Branta bernicla,70
57,6,Dryobates minor,70
57,6,Passer domesticus,66
57,6,Caprimulgus europaeus,66
57,6,Saxicola rubetra,65
57,6,Stercorarius pomarinus,64
57,6,Sterna paradisaea,64
57,6,Mareca penelope,63
57,6,Accipiter gentilis,58
57,6,Gavia adamsii,57
57,6,Podiceps auritus,57
57,6,Delichon urbicum,57
57,6,Aegithalos caudatus,57
57,6,Puffinus puffinus,57
57,6,Limosa lapponica,54
57,6,Motacilla flava,53
57,6,Turdus viscivorus,51
57,6,Vanellus vanellus,50
57,6,Asio flammeus,49
57,6,Riparia riparia,46
57,6,Tringa ochropus,44
57,6,Tachybaptus ruficollis,44
57,6,Bombycilla garrulus,44
57,6,Pluvialis squatarola,43
57,6,Poecile montanus,42
57,6,Lanius excubitor,39
57,6,Calidris minuta,38
57,6,Saxicola rubicola,38
57,6,Tringa glareola,36
57,6,Podiceps grisegena,35
57,6,Corvus corone,35
57,6,Turdus torquatus,33
57,6,Strix aluco,33
57,6,Coloeus monedula,31
57,6,Coccothraustes coccothraustes,30
57,6,Calidris pugnax,30
57,6,Thalasseus sandvicensis,29
57,6,Hippolais icterina,29
57,6,Carpodacus erythrinus,29
57,6,Streptopelia decaocto,29
57,6,Pandion haliaetus,28
57,6,Poecile palustris,27
57,6,Puffinus griseus,27
57,6,Picus canus,26
57,6,Eremophila alpestris,26
57,6,Plectrophenax nivalis,25
57,6,Circus cyaneus,24
57,6,Loxia pytyopsittacus,24
57,6,Phylloscopus inornatus,22
57,6,Falco rusticolus,20
57,6,Aythya marila,19
57,6,Loxia leucoptera,19
57,6,Aquila chrysaetos,18
57,6,Lophophanes cristatus,18
57,6,Acrocephalus scirpaceus,18
57,6,Anser brachyrhynchus,17
57,6,Cygnus cygnus,16
57,6,Rallus aquaticus,15
57,6,Circus aeruginosus,15
57,6,Larus hyperboreus,15
57,6,Larus glaucoides,15
57,6,Calcarius lapponicus,15
57,6,Columba oenas,15
57,6,Luscinia svecica,15
57,6,Branta canadensis,14
57,6,Hydrocoloeus minutus,14
57,6,Pernis apivorus,13
57,6,Cinclus cinclus,13
57,6,Asio otus,13
57,6,Lanius collurio,13
57,6,Acrocephalus palustris,12
57,6,Acrocephalus schoenobaenus,11
57,6,Lyrurus tetrix,10
57,6,Stercorarius longicaudus,10
57,6,Oceanodroma leucorhoa,10
57,6,Anas acuta,10
57,6,Glaucidium passerinum,10
57,6,Dryocopus martius,9
57,6,Calidris ferruginea,9
57,6,Serinus serinus,9
57,6,Corvus frugilegus,8
57,6,Nucifraga caryocatactes,8
57,6,Mareca strepera,8
57,6,Tringa erythropus,7
57,6,Lymnocryptes minimus,7
57,6,Sylvia nisoria,7
57,6,Columba livia,7
57,6,Milvus milvus,7
57,6,Regulus ignicapilla,7
57,6,Podiceps cristatus,6
57,6,Lullula arborea,6
57,6,Surnia ulula,6
57,6,Milvus migrans,6
57,6,Acanthis hornemanni,6
57,6,Curruca cantillans,6
57,6,Dendrocopos leucotos,5
57,6,Calidris temminckii,5
57,6,Anthus cervinus,5
57,6,Lanius senator,5
57,6,Locustella naevia,5
57,6,Phylloscopus sibillatrix,5
57,8,Fulmarus glacialis,128
57,8,Morus bassanus,70
57,8,Larus marinus,31
57,8,Stercorarius skua,28
57,8,Larus argentatus,21
57,8,Larus fuscus,11
57,8,Rissa tridactyla,11
57,8,Phalacrocorax carbo,9
57,8,Phalacrocorax aristotelis,8
57,8,Uria aalge,6
57,8,Somateria mollissima,6
57,8,Larus canus,6
58,2,Fulmarus glacialis,380
58,2,Larus marinus,357
58,2,Morus bassanus,266
58,2,Larus argentatus,177
58,2,Rissa tridactyla,173
58,2,Larus fuscus,120
58,2,Larus canus,111
58,2,Phalacrocorax carbo,55
58,2,Falco tinnunculus,55
58,2,Corvus corone,43
58,2,Accipiter nisus,35
58,2,Motacilla alba,28
58,2,Sturnus vulgaris,28
58,2,Larus hyperboreus,26
58,2,Stercorarius skua,26
58,2,Oenanthe oenanthe,25
58,2,Turdus iliacus,23
58,2,Turdus merula,22
58,2,Hirundo rustica,21
58,2,Fringilla coelebs,19
58,2,Anthus petrosus,18
58,2,Corvus cornix,16
58,2,Erithacus rubecula,16
58,2,Columba palumbus,16
58,2,Uria aalge,15
58,2,Phylloscopus collybita,14
58,2,Chroicocephalus ridibundus,13
58,2,Larus glaucoides,12
58,2,Turdus pilaris,12
58,2,Sylvia atricapilla,11
58,2,Ardea cinerea,11
58,2,Anthus pratensis,10
58,2,Fringilla montifringilla,10
58,2,Regulus regulus,9
58,2,Scolopax rusticola,8
58,2,Asio flammeus,8
58,2,Phalacrocorax aristotelis,7
58,2,Sylvia borin,7
58,2,Phoenicurus ochruros,7
58,2,Phylloscopus trochilus,5
58,2,Columba livia,5
58,2,Phoenicurus phoenicurus,5
58,4,Corvus cornix,50685
58,4,Anas platyrhynchos,45874
58,4,Larus canus,43484
58,4,Sturnus vulgaris,40049
58,4,Larus argentatus,39760
58,4,Turdus merula,36652
58,4,Haematopus ostralegus,31494
58,4,Vanellus vanellus,31386
58,4,Somateria mollissima,29712
58,4,Motacilla alba,28787
58,4,Parus major,27226
58,4,Cygnus olor,26298
58,4,Bucephala clangula,26231
58,4,Phalacrocorax carbo,26207
58,4,Larus marinus,25847
58,4,Pica pica,25420
58,4,Passer domesticus,24878
58,4,Columba palumbus,24362
58,4,Mareca penelope,24254
58,4,Numenius arquata,23055
58,4,Hirundo rustica,23015
58,4,Anthus pratensis,22879
58,4,Erithacus rubecula,22739
58,4,Charadrius hiaticula,22622
58,4,Chroicocephalus ridibundus,22250
58,4,Tringa totanus,22131
58,4,Fringilla coelebs,21760
58,4,Aythya fuligula,21591
58,4,Calidris alpina,20896
58,4,Anas crecca,20416
58,4,Cyanistes caeruleus,20283
58,4,Mergus serrator,20206
58,4,Anser anser,19981
58,4,Tadorna tadorna,19828
58,4,Ardea cinerea,18829
58,4,Alauda arvensis,18164
58,4,Larus fuscus,17664
58,4,Chloris chloris,17541
58,4,Melanitta fusca,17176
58,4,Troglodytes troglodytes,17111
58,4,Melanitta nigra,16732
58,4,Turdus pilaris,16709
58,4,Podiceps cristatus,16707
58,4,Phalacrocorax aristotelis,16002
58,4,Coloeus monedula,15878
58,4,Passer montanus,15796
58,4,Clangula hyemalis,15431
58,4,Anthus petrosus,15374
58,4,Oenanthe oenanthe,15236
58,4,Phylloscopus collybita,13602
58,4,Fulica atra,13224
58,4,Turdus iliacus,12921
58,4,Phylloscopus trochilus,12584
58,4,Linaria cannabina,12550
58,4,Gavia immer,12409
58,4,Cygnus cygnus,11924
58,4,Gallinago gallinago,11253
58,4,Gavia stellata,11203
58,4,Emberiza citrinella,11096
58,4,Streptopelia decaocto,11060
58,4,Accipiter nisus,11054
58,4,Actitis hypoleucos,10965
58,4,Riparia riparia,10947
58,4,Falco peregrinus,10594
58,4,Haliaeetus albicilla,10412
58,4,Corvus frugilegus,10175
58,4,Mareca strepera,10041
58,4,Morus bassanus,9921
58,4,Mergus merganser,9878
58,4,Carduelis carduelis,9729
58,4,Sylvia atricapilla,9570
58,4,Limosa lapponica,9550
58,4,Columba livia,9351
58,4,Acrocephalus schoenobaenus,9204
58,4,Calidris canutus,8973
58,4,Acanthis flammea,8910
58,4,Aythya marila,8859
58,4,Emberiza schoeniclus,8843
58,4,Corvus corax,8671
58,4,Regulus regulus,8611
58,4,Buteo buteo,8570
58,4,Arenaria interpres,8568
58,4,Spinus spinus,8548
58,4,Turdus philomelos,8488
58,4,Spatula clypeata,8220
58,4,Fringilla montifringilla,8144
58,4,Tringa nebularia,8081
58,4,Calidris pugnax,8054
58,4,Pluvialis apricaria,8030
58,4,Limosa limosa,7958
58,4,Circus aeruginosus,7473
58,4,Dendrocopos major,7310
58,4,Apus apus,7210
58,4,Periparus ater,7208
58,4,Calidris alba,6999
58,4,Sitta europaea,6964
58,4,Anas acuta,6772
58,4,Mergellus albellus,6635
58,4,Podiceps auritus,6624
58,4,Cepphus grylle,6614
58,4,Tachybaptus ruficollis,6538
58,4,Motacilla cinerea,6472
58,4,Calidris minuta,6177
58,4,Gallinula chloropus,5722
58,4,Branta leucopsis,5712
58,4,Branta canadensis,5628
58,4,Circus cyaneus,5526
58,4,Accipiter gentilis,5523
58,4,Alca torda,5405
58,4,Pluvialis squatarola,5270
58,4,Aythya ferina,4977
58,4,Sterna hirundo,4915
58,4,Uria aalge,4884
58,4,Anser brachyrhynchus,4840
58,4,Calidris maritima,4756
58,4,Corvus corone,4725
58,4,Sterna paradisaea,4532
58,4,Prunella modularis,4346
58,4,Loxia curvirostra,4272
58,4,Numenius phaeopus,4125
58,4,Rallus aquaticus,4098
58,4,Poecile montanus,3966
58,4,Anser albifrons,3933
58,4,Saxicola rubetra,3887
58,4,Calidris ferruginea,3813
58,4,Sylvia communis,3667
58,4,Pyrrhula pyrrhula,3621
58,4,Scolopax rusticola,3614
58,4,Falco tinnunculus,3547
58,4,Tringa glareola,3469
58,4,Motacilla flava,3219
58,4,Tringa erythropus,3167
58,4,Locustella naevia,3115
58,4,Tringa ochropus,3100
58,4,Gavia arctica,3089
58,4,Linaria flavirostris,3039
58,4,Certhia familiaris,3021
58,4,Saxicola rubicola,3015
58,4,Spatula querquedula,2911
58,4,Podiceps grisegena,2831
58,4,Cinclus cinclus,2797
58,4,Delichon urbicum,2721
58,4,Phasianus colchicus,2714
58,4,Falco columbarius,2698
58,4,Plectrophenax nivalis,2649
58,4,Rissa tridactyla,2640
58,4,Cuculus canorus,2640
58,4,Buteo lagopus,2624
58,4,Branta bernicla,2572
58,4,Anthus trivialis,2528
58,4,Sylvia borin,2359
58,4,Hydrocoloeus minutus,2273
58,4,Garrulus glandarius,2240
58,4,Ardea alba,2207
58,4,Ficedula hypoleuca,2091
58,4,Thalasseus sandvicensis,2077
58,4,Alle alle,2048
58,4,Acrocephalus scirpaceus,2037
58,4,Muscicapa striata,1981
58,4,Larus hyperboreus,1967
58,4,Larus glaucoides,1967
58,4,Sylvia curruca,1959
58,4,Charadrius dubius,1886
58,4,Coccothraustes coccothraustes,1790
58,4,Dryobates minor,1780
58,4,Bombycilla garrulus,1760
58,4,Coturnix coturnix,1681
58,4,Aegithalos caudatus,1655
58,4,Anser fabalis,1589
58,4,Strix aluco,1550
58,4,Asio flammeus,1497
58,4,Calidris temminckii,1461
58,4,Crex crex,1439
58,4,Fulmarus glacialis,1359
58,4,Lophophanes cristatus,1357
58,4,Calcarius lapponicus,1334
58,4,Stercorarius parasiticus,1260
58,4,Stercorarius skua,1252
58,4,Melanitta perspicillata,1251
58,4,Gavia adamsii,1179
58,4,Phoenicurus phoenicurus,1168
58,4,Phoenicurus ochruros,1162
58,4,Aix galericulata,1142
58,4,Grus grus,1049
58,4,Anser indicus,1023
58,4,Jynx torquilla,1017
58,4,Loxia leucoptera,1004
58,4,Cygnus columbianus,1002
58,4,Falco rusticolus,956
58,4,Turdus torquatus,954
58,4,Egretta garzetta,932
58,4,Hippolais icterina,903
58,4,Lanius excubitor,896
58,4,Lymnocryptes minimus,895
58,4,Turdus viscivorus,871
58,4,Charadrius morinellus,858
58,4,Picus canus,849
58,4,Asio otus,834
58,4,Anser serrirostris,830
58,4,Loxia pytyopsittacus,827
58,4,Recurvirostra avosetta,798
58,4,Fratercula arctica,747
58,4,Eremophila alpestris,732
58,4,Ichthyaetus melanocephalus,727
58,4,Mareca americana,725
58,4,Phylloscopus sibillatrix,720
58,4,Phylloscopus inornatus,717
58,4,Picus viridis,712
58,4,Calidris melanotos,706
58,4,Panurus biarmicus,638
58,4,Columba oenas,582
58,4,Porzana porzana,575
58,4,Aquila chrysaetos,558
58,4,Regulus ignicapilla,547
58,4,Surnia ulula,534
58,4,Chlidonias niger,515
58,4,Anas carolinensis,503
58,4,Anthus richardi,499
58,4,Alcedo atthis,475
58,4,Acrocephalus palustris,420
58,4,Calidris falcinellus,420
58,4,Nucifraga caryocatactes,412
58,4,Aythya collaris,411
58,4,Lanius collurio,409
58,4,Phalaropus lobatus,402
58,4,Sternula albifrons,385
58,4,Tadorna ferruginea,365
58,4,Pandion haliaetus,353
58,4,Polysticta stelleri,350
58,4,Dryocopus martius,346
58,4,Oenanthe deserti,341
58,4,Acrocephalus arundinaceus,339
58,4,Anser caerulescens,333
58,4,Puffinus puffinus,320
58,4,Hydrobates pelagicus,319
58,4,Platalea leucorodia,313
58,4,Streptopelia turtur,305
58,4,Puffinus griseus,297
58,4,Netta rufina,293
58,4,Carpodacus erythrinus,290
58,4,Botaurus stellaris,286
58,4,Stercorarius pomarinus,283
58,4,Charadrius leschenaultii,271
58,4,Larus delawarensis,270
58,4,Lyrurus tetrix,263
58,4,Milvus milvus,263
58,4,Dendrocopos leucotos,256
58,4,Anthus spinoletta,254
58,4,Circus macrourus,247
58,4,Hydroprogne caspia,247
58,4,Larus cachinnans,246
58,4,Phalaropus fulicarius,245
58,4,Ciconia ciconia,244
58,4,Calidris subruficollis,244
58,4,Podilymbus podiceps,242
58,4,Sibirionetta formosa,232
58,4,Bubulcus ibis,228
58,4,Calidris fuscicollis,227
58,4,Motacilla citreola,219
58,4,Streptopelia orientalis,213
58,4,Sylvia nisoria,211
58,4,Phylloscopus fuscatus,206
58,4,Tringa flavipes,203
58,4,Aythya affinis,203
58,4,Locustella luscinioides,199
58,4,Alopochen aegyptiaca,198
58,4,Emberiza pusilla,195
58,4,Luscinia svecica,191
58,4,Himantopus himantopus,179
58,4,Branta ruficollis,179
58,4,Chlidonias leucopterus,172
58,4,Emberiza leucocephalos,167
58,4,Falco subbuteo,166
58,4,Emberiza calandra,165
58,4,Pluvialis fulva,162
58,4,Somateria spectabilis,162
58,4,Calidris bairdii,161
58,4,Pinicola enucleator,160
58,4,Oenanthe pleschanka,159
58,4,Gelochelidon nilotica,157
58,4,Upupa epops,156
58,4,Falco vespertinus,153
58,4,Chroicocephalus philadelphia,151
58,4,Acanthis hornemanni,143
58,4,Pastor roseus,142
58,4,Lullula arborea,138
58,4,Turdus atrogularis,136
58,4,Pluvialis dominica,134
58,4,Glareola nordmanni,134
58,4,Luscinia luscinia,133
58,4,Calidris pusilla,130
58,4,Podiceps nigricollis,129
58,4,Poecile palustris,129
58,4,Oxyura jamaicensis,128
58,4,Xema sabini,115
58,4,Glaucidium passerinum,114
58,4,Ficedula parva,113
58,4,Locustella fluviatilis,113
58,4,Phylloscopus humei,111
58,4,Pernis apivorus,102
58,4,Tringa stagnatilis,102
58,4,Milvus migrans,102
58,4,Aegolius funereus,100
58,4,Anas rubripes,98
58,4,Phylloscopus proregulus,96
58,4,Remiz pendulinus,95
58,4,Charadrius alexandrinus,89
58,4,Acrocephalus dumetorum,89
58,4,Curruca iberiae,87
58,4,Motacilla tschutschensis,84
58,4,Aquila heliaca,83
58,4,Bubo bubo,83
58,4,Glareola maldivarum,80
58,4,Lanius senator,80
58,4,Anthus cervinus,74
58,4,Saxicola maurus,71
58,4,Oceanodroma leucorhoa,69
58,4,Anthus rubescens,68
58,4,Circus pygargus,66
58,4,Stercorarius longicaudus,57
58,4,Calidris mauri,56
58,4,Tringa melanoleuca,54
58,4,Leucophaeus pipixcan,54
58,4,Iduna pallida,53
58,4,Picoides tridactylus,49
58,4,Larus michahellis,49
58,4,Phylloscopus trochiloides,47
58,4,Branta hutchinsii,47
58,4,Anthus campestris,45
58,4,Setophaga striata,43
58,4,Curruca cantillans,43
58,4,Calandrella brachydactyla,41
58,4,Calidris himantopus,41
58,4,Limnodromus scolopaceus,40
58,4,Phalaropus tricolor,40
58,4,Xenus cinereus,38
58,4,Apus pallidus,38
58,4,Gypaetus barbatus,36
58,4,Lanius minor,35
58,4,Merops apiaster,34
58,4,Leucophaeus atricilla,34
58,4,Puffinus mauretanicus,33
58,4,Calidris ruficollis,32
58,4,Ficedula albicilla,31
58,4,Chlidonias hybrida,29
58,4,Anthus hodgsoni,29
58,4,Anser erythropus,29
58,4,Aix sponsa,29
58,4,Spatula discors,28
58,4,Plegadis falcinellus,27
58,4,Burhinus oedicnemus,27
58,4,Cairina moschata,27
58,4,Tachymarptis melba,25
58,4,Gallinago media,25
58,4,Anthus godlewskii,25
58,4,Lophodytes cucullatus,24
58,4,Aythya nyroca,23
58,4,Bubo scandiacus,22
58,4,Prunella montanella,21
58,4,Oriolus oriolus,20
58,4,Anas bahamensis,20
58,4,Iduna rama,20
58,4,Lanius cristatus,18
58,4,Iduna caligata,18
58,4,Strix nebulosa,17
58,4,Ardea purpurea,16
58,4,Calidris acuminata,16
58,4,Emberiza rustica,16
58,4,Cygnus atratus,16
58,4,Neophron percnopterus,15
58,4,Acrocephalus agricola,15
58,4,Bucephala albeola,15
58,4,Ficedula albicollis,15
58,4,Emberiza hortulana,13
58,4,Larus smithsonianus,13
58,4,Luscinia megarhynchos,13
58,4,Charadrius mongolus,13
58,4,Ciconia nigra,12
58,4,Phylloscopus orientalis,12
58,4,Perdix perdix,11
58,4,Nycticorax nycticorax,11
58,4,Tetrao urogallus,10
58,4,Anser cygnoides,10
58,4,Oenanthe isabellina,10
58,4,Caprimulgus europaeus,10
58,4,Calonectris diomedea,9
58,4,Oceanodroma monorhis,9
58,4,Melanitta americana,9
58,4,Lagopus lagopus,8
58,4,Syrrhaptes paradoxus,8
58,4,Actitis macularius,8
58,4,Serinus serinus,8
58,4,Mniotilta varia,6
58,4,Tarsiger cyanurus,6
58,4,Phylloscopus schwarzi,6
58,4,Acrocephalus paludicola,6
58,4,Uria lomvia,5
58,4,Anthus gustavi,5
58,4,Phylloscopus bonelli,5
58,4,Tyto alba,5
58,6,Larus argentatus,75672
58,6,Anas platyrhynchos,75092
58,6,Somateria mollissima,75066
58,6,Corvus cornix,68233
58,6,Larus marinus,60530
58,6,Phalacrocorax carbo,59108
58,6,Bucephala clangula,58821
58,6,Motacilla alba,58676
58,6,Turdus merula,56341
58,6,Larus canus,55598
58,6,Parus major,53798
58,6,Fringilla coelebs,51858
58,6,Sturnus vulgaris,47822
58,6,Erithacus rubecula,45296
58,6,Anthus pratensis,44035
58,6,Cygnus olor,42653
58,6,Cyanistes caeruleus,41063
58,6,Hirundo rustica,40034
58,6,Haematopus ostralegus,39705
58,6,Anser anser,39567
58,6,Mergus serrator,37976
58,6,Pica pica,36668
58,6,Phylloscopus trochilus,33204
58,6,Alauda arvensis,33200
58,6,Troglodytes troglodytes,33102
58,6,Vanellus vanellus,32944
58,6,Oenanthe oenanthe,32601
58,6,Ardea cinerea,32354
58,6,Emberiza citrinella,31201
58,6,Larus fuscus,31170
58,6,Columba palumbus,29355
58,6,Chloris chloris,28686
58,6,Melanitta nigra,28548
58,6,Turdus pilaris,28423
58,6,Passer domesticus,27572
58,6,Spinus spinus,26196
58,6,Turdus philomelos,25816
58,6,Anas crecca,25348
58,6,Anthus petrosus,25145
58,6,Tadorna tadorna,23649
58,6,Charadrius hiaticula,22173
58,6,Accipiter nisus,22010
58,6,Linaria cannabina,21881
58,6,Numenius arquata,21737
58,6,Buteo buteo,21318
58,6,Acanthis flammea,21160
58,6,Sylvia atricapilla,21011
58,6,Actitis hypoleucos,20393
58,6,Gallinago gallinago,20377
58,6,Aythya fuligula,19893
58,6,Phalacrocorax aristotelis,19800
58,6,Corvus corax,19605
58,6,Chroicocephalus ridibundus,19305
58,6,Melanitta fusca,18965
58,6,Clangula hyemalis,18892
58,6,Cygnus cygnus,18788
58,6,Sitta europaea,18755
58,6,Calidris alpina,18364
58,6,Turdus iliacus,18084
58,6,Emberiza schoeniclus,17924
58,6,Tringa totanus,17213
58,6,Coloeus monedula,16971
58,6,Mareca penelope,16583
58,6,Morus bassanus,16477
58,6,Phylloscopus collybita,16473
58,6,Regulus regulus,16397
58,6,Dendrocopos major,16177
58,6,Prunella modularis,15869
58,6,Carduelis carduelis,15024
58,6,Pluvialis apricaria,14878
58,6,Apus apus,14219
58,6,Saxicola rubetra,14000
58,6,Mergus merganser,13754
58,6,Falco peregrinus,13597
58,6,Fringilla montifringilla,13577
58,6,Motacilla cinerea,13524
58,6,Picus viridis,13289
58,6,Passer montanus,13259
58,6,Pyrrhula pyrrhula,12522
58,6,Anthus trivialis,12504
58,6,Sylvia communis,12329
58,6,Motacilla flava,12149
58,6,Streptopelia decaocto,12131
58,6,Riparia riparia,11671
58,6,Periparus ater,11663
58,6,Gavia immer,11604
58,6,Podiceps auritus,11380
58,6,Haliaeetus albicilla,11067
58,6,Branta canadensis,10992
58,6,Garrulus glandarius,10856
58,6,Delichon urbicum,10365
58,6,Tringa nebularia,10316
58,6,Gavia stellata,10047
58,6,Falco tinnunculus,9957
58,6,Ficedula hypoleuca,9920
58,6,Coccothraustes coccothraustes,9812
58,6,Loxia curvirostra,9648
58,6,Poecile montanus,9427
58,6,Sylvia borin,8584
58,6,Grus grus,8520
58,6,Circus aeruginosus,8502
58,6,Acrocephalus schoenobaenus,7997
58,6,Scolopax rusticola,7664
58,6,Uria aalge,7146
58,6,Sterna hirundo,7055
58,6,Limosa lapponica,6773
58,6,Certhia familiaris,6601
58,6,Circus cyaneus,6588
58,6,Cinclus cinclus,6544
58,6,Dryobates minor,6497
58,6,Calidris canutus,6477
58,6,Strix aluco,6407
58,6,Corvus corone,6379
58,6,Muscicapa striata,6319
58,6,Jynx torquilla,6264
58,6,Calidris pugnax,6244
58,6,Sylvia curruca,6149
58,6,Tachybaptus ruficollis,6016
58,6,Tringa ochropus,5941
58,6,Tringa glareola,5867
58,6,Cuculus canorus,5794
58,6,Gavia arctica,5787
58,6,Columba livia,5772
58,6,Calidris alba,5574
58,6,Arenaria interpres,5567
58,6,Numenius phaeopus,5544
58,6,Podiceps cristatus,5408
58,6,Falco columbarius,5369
58,6,Aythya marila,5363
58,6,Lophophanes cristatus,5296
58,6,Pluvialis squatarola,5119
58,6,Saxicola rubicola,5090
58,6,Accipiter gentilis,5073
58,6,Turdus viscivorus,5062
58,6,Anser brachyrhynchus,5054
58,6,Alca torda,4889
58,6,Rissa tridactyla,4867
58,6,Aegithalos caudatus,4600
58,6,Rallus aquaticus,4400
58,6,Bombycilla garrulus,4299
58,6,Dryocopus martius,4063
58,6,Pandion haliaetus,4058
58,6,Lanius collurio,4041
58,6,Phoenicurus phoenicurus,4036
58,6,Mergellus albellus,4004
58,6,Corvus frugilegus,3953
58,6,Aythya ferina,3725
58,6,Cepphus grylle,3685
58,6,Buteo lagopus,3660
58,6,Linaria flavirostris,3635
58,6,Podiceps grisegena,3591
58,6,Dendrocopos leucotos,3471
58,6,Calidris minuta,3419
58,6,Columba oenas,3417
58,6,Branta leucopsis,3393
58,6,Poecile palustris,3337
58,6,Alle alle,3326
58,6,Lyrurus tetrix,3315
58,6,Lanius excubitor,3291
58,6,Turdus torquatus,3259
58,6,Fulmarus glacialis,3143
58,6,Phylloscopus sibillatrix,3124
58,6,Picus canus,2883
58,6,Fulica atra,2877
58,6,Anas acuta,2850
58,6,Acrocephalus palustris,2750
58,6,Anser albifrons,2711
58,6,Stercorarius skua,2670
58,6,Phoenicurus ochruros,2619
58,6,Branta bernicla,2587
58,6,Acrocephalus scirpaceus,2531
58,6,Sterna paradisaea,2498
58,6,Tringa erythropus,2470
58,6,Plectrophenax nivalis,2404
58,6,Spatula clypeata,2340
58,6,Locustella naevia,2271
58,6,Calidris maritima,2268
58,6,Coturnix coturnix,2191
58,6,Lymnocryptes minimus,2043
58,6,Calidris ferruginea,1971
58,6,Eremophila alpestris,1907
58,6,Carpodacus erythrinus,1899
58,6,Hippolais icterina,1873
58,6,Spatula querquedula,1843
58,6,Loxia pytyopsittacus,1785
58,6,Aquila chrysaetos,1784
58,6,Mareca strepera,1776
58,6,Panurus biarmicus,1703
58,6,Anser fabalis,1690
58,6,Gallinula chloropus,1617
58,6,Calcarius lapponicus,1607
58,6,Tetrao urogallus,1463
58,6,Gavia adamsii,1395
58,6,Luscinia svecica,1385
58,6,Nucifraga caryocatactes,1384
58,6,Stercorarius parasiticus,1346
58,6,Limosa limosa,1303
58,6,Asio flammeus,1292
58,6,Larus hyperboreus,1254
58,6,Surnia ulula,1199
58,6,Charadrius morinellus,1173
58,6,Charadrius dubius,1162
58,6,Larus glaucoides,1077
58,6,Thalasseus sandvicensis,1061
58,6,Ardea alba,1058
58,6,Loxia leucoptera,1029
58,6,Pernis apivorus,990
58,6,Lullula arborea,926
58,6,Porzana porzana,914
58,6,Circus macrourus,910
58,6,Lagopus lagopus,908
58,6,Glaucidium passerinum,885
58,6,Falco rusticolus,876
58,6,Anser serrirostris,845
58,6,Calidris temminckii,817
58,6,Phylloscopus inornatus,809
58,6,Anthus richardi,809
58,6,Falco subbuteo,781
58,6,Milvus milvus,751
58,6,Fratercula arctica,731
58,6,Crex crex,711
58,6,Caprimulgus europaeus,706
58,6,Alcedo atthis,705
58,6,Aix galericulata,678
58,6,Egretta garzetta,640
58,6,Melanitta perspicillata,600
58,6,Hydrocoloeus minutus,599
58,6,Aythya collaris,570
58,6,Asio otus,540
58,6,Pastor roseus,522
58,6,Pinicola enucleator,517
58,6,Streptopelia turtur,504
58,6,Cygnus columbianus,491
58,6,Milvus migrans,471
58,6,Sylvia nisoria,469
58,6,Aegolius funereus,459
58,6,Larus smithsonianus,448
58,6,Stercorarius pomarinus,444
58,6,Larus cachinnans,428
58,6,Puffinus puffinus,428
58,6,Anthus cervinus,381
58,6,Emberiza calandra,350
58,6,Calandrella brachydactyla,343
58,6,Lagopus muta,341
58,6,Motacilla citreola,317
58,6,Emberiza pusilla,312
58,6,Gavia pacifica,305
58,6,Locustella luscinioides,303
58,6,Anser indicus,300
58,6,Ciconia ciconia,282
58,6,Circus pygargus,275
58,6,Ichthyaetus melanocephalus,270
58,6,Hydrobates pelagicus,258
58,6,Anthus spinoletta,245
58,6,Picoides tridactylus,238
58,6,Saxicola maurus,236
58,6,Puffinus griseus,234
58,6,Larus delawarensis,233
58,6,Regulus ignicapilla,231
58,6,Falco vespertinus,227
58,6,Calidris melanotos,219
58,6,Bubulcus ibis,212
58,6,Acrocephalus dumetorum,212
58,6,Emberiza leucocephalos,207
58,6,Podiceps nigricollis,192
58,6,Emberiza hortulana,178
58,6,Luscinia luscinia,173
58,6,Burhinus oedicnemus,167
58,6,Gallinago media,157
58,6,Merops apiaster,156
58,6,Lanius senator,154
58,6,Phasianus colchicus,142
58,6,Acrocephalus arundinaceus,140
58,6,Phalaropus lobatus,140
58,6,Acanthis hornemanni,137
58,6,Oenanthe deserti,135
58,6,Coracias garrulus,130
58,6,Streptopelia orientalis,130
58,6,Upupa epops,130
58,6,Ardeola ralloides,128
58,6,Calidris falcinellus,128
58,6,Polysticta stelleri,127
58,6,Botaurus stellaris,121
58,6,Mareca americana,120
58,6,Chlidonias niger,118
58,6,Somateria spectabilis,114
58,6,Bubo bubo,111
58,6,Serinus serinus,93
58,6,Plegadis falcinellus,84
58,6,Larus michahellis,81
58,6,Ficedula parva,80
58,6,Turdus atrogularis,78
58,6,Anthus campestris,77
58,6,Anas carolinensis,75
58,6,Motacilla tschutschensis,72
58,6,Lanius minor,71
58,6,Phalaropus fulicarius,68
58,6,Recurvirostra avosetta,67
58,6,Ardea purpurea,67
58,6,Stercorarius longicaudus,67
58,6,Prunella atrogularis,67
58,6,Phylloscopus proregulus,65
58,6,Acrocephalus paludicola,62
58,6,Oenanthe pleschanka,62
58,6,Pluvialis fulva,61
58,6,Alopochen aegyptiaca,61
58,6,Sternula albifrons,61
58,6,Emberiza spodocephala,59
58,6,Locustella fluviatilis,59
58,6,Tringa stagnatilis,58
58,6,Actitis macularius,54
58,6,Leucophaeus pipixcan,53
58,6,Chroicocephalus philadelphia,53
58,6,Aythya affinis,52
58,6,Phylloscopus trochiloides,50
58,6,Anser caerulescens,50
58,6,Lanius nubicus,47
58,6,Anthus godlewskii,46
58,6,Pluvialis dominica,44
58,6,Lanius cristatus,43
58,6,Calidris fuscicollis,42
58,6,Phylloscopus fuscatus,39
58,6,Charadrius alexandrinus,38
58,6,Acrocephalus agricola,38
58,6,Anser erythropus,37
58,6,Ciconia nigra,36
58,6,Iduna caligata,34
58,6,Anthus rubescens,33
58,6,Emberiza rustica,33
58,6,Tringa flavipes,31
58,6,Calidris pusilla,31
58,6,Strix nebulosa,31
58,6,Chlidonias leucopterus,30
58,6,Tadorna ferruginea,30
58,6,Calidris bairdii,29
58,6,Oriolus oriolus,29
58,6,Emberiza caesia,29
58,6,Emberiza buchanani,29
58,6,Charadrius leschenaultii,28
58,6,Calidris subruficollis,28
58,6,Neophron percnopterus,27
58,6,Platalea leucorodia,27
58,6,Anthus hodgsoni,27
58,6,Vanellus leucurus,27
58,6,Leucophaeus atricilla,27
58,6,Oenanthe isabellina,26
58,6,Luscinia megarhynchos,26
58,6,Hydroprogne caspia,25
58,6,Puffinus mauretanicus,25
58,6,Nycticorax nycticorax,24
58,6,Xenus cinereus,22
58,6,Turdus eunomus,22
58,6,Curruca iberiae,21
58,6,Tarsiger cyanurus,21
58,6,Oxyura jamaicensis,20
58,6,Emberiza melanocephala,20
58,6,Xema sabini,19
58,6,Passerculus sandwichensis,19
58,6,Cairina moschata,19
58,6,Gypaetus barbatus,18
58,6,Apus pallidus,18
58,6,Branta hutchinsii,17
58,6,Uria lomvia,16
58,6,Oceanodroma leucorhoa,16
58,6,Anser rossii,16
58,6,Branta ruficollis,16
58,6,Curruca melanocephala,16
58,6,Lanius isabellinus,15
58,6,Curruca cantillans,15
58,6,Calidris acuminata,14
58,6,Pelecanus onocrotalus,13
58,6,Gelochelidon nilotica,13
58,6,Phoenicopterus roseus,13
58,6,Ficedula albicollis,13
58,6,Limnodromus scolopaceus,12
58,6,Melanocorypha calandra,12
58,6,Syrrhaptes paradoxus,11
58,6,Tyto alba,11
58,6,Lanius phoenicuroides,10
58,6,Calidris himantopus,10
58,6,Phylloscopus borealis,9
58,6,Emberiza aureola,8
58,6,Phylloscopus humei,8
58,6,Remiz pendulinus,7
58,6,Puffinus gravis,6
58,6,Cecropis daurica,6
58,6,Rhodostethia rosea,5
58,6,Anthus gustavi,5
58,6,Emberiza bruniceps,5
58,8,Corvus cornix,62384
58,8,Larus argentatus,60394
58,8,Parus major,58991
58,8,Turdus merula,58659
58,8,Somateria mollissima,56432
58,8,Cyanistes caeruleus,53849
58,8,Phalacrocorax carbo,52118
58,8,Larus marinus,51065
58,8,Erithacus rubecula,48540
58,8,Anas platyrhynchos,47551
58,8,Fringilla coelebs,46935
58,8,Larus canus,45977
58,8,Motacilla alba,45451
58,8,Chloris chloris,45069
58,8,Mergus serrator,45065
58,8,Columba palumbus,42716
58,8,Sturnus vulgaris,41957
58,8,Haematopus ostralegus,40549
58,8,Pica pica,40291
58,8,Bucephala clangula,40289
58,8,Cygnus olor,39369
58,8,Anser anser,38135
58,8,Hirundo rustica,34039
58,8,Anthus pratensis,30868
58,8,Spinus spinus,30265
58,8,Passer domesticus,30054
58,8,Emberiza citrinella,29704
58,8,Chroicocephalus ridibundus,29381
58,8,Phylloscopus trochilus,29008
58,8,Turdus pilaris,28515
58,8,Sylvia atricapilla,27212
58,8,Sitta europaea,27141
58,8,Alauda arvensis,26874
58,8,Passer montanus,26708
58,8,Troglodytes troglodytes,26473
58,8,Dendrocopos major,25688
58,8,Ardea cinerea,25437
58,8,Melanitta nigra,25411
58,8,Melanitta fusca,25305
58,8,Charadrius hiaticula,24996
58,8,Linaria cannabina,24837
58,8,Anthus petrosus,24630
58,8,Turdus philomelos,24425
58,8,Acanthis flammea,22947
58,8,Tadorna tadorna,22007
58,8,Larus fuscus,21762
58,8,Accipiter nisus,20854
58,8,Oenanthe oenanthe,20769
58,8,Regulus regulus,19693
58,8,Phylloscopus collybita,19565
58,8,Pyrrhula pyrrhula,18292
58,8,Emberiza schoeniclus,18201
58,8,Buteo buteo,18031
58,8,Vanellus vanellus,17839
58,8,Apus apus,17711
58,8,Carduelis carduelis,17664
58,8,Tringa totanus,17393
58,8,Phalacrocorax aristotelis,17202
58,8,Calidris alpina,17194
58,8,Turdus iliacus,16368
58,8,Fringilla montifringilla,16352
58,8,Sterna hirundo,16320
58,8,Prunella modularis,16315
58,8,Sylvia borin,16226
58,8,Delichon urbicum,16151
58,8,Actitis hypoleucos,15710
58,8,Corvus corax,15611
58,8,Sylvia curruca,15325
58,8,Numenius arquata,15109
58,8,Sylvia communis,13566
58,8,Gavia stellata,13440
58,8,Pluvialis apricaria,13317
58,8,Garrulus glandarius,12599
58,8,Anas crecca,12307
58,8,Mergus merganser,11736
58,8,Picus viridis,11725
58,8,Uria aalge,11535
58,8,Tringa nebularia,11429
58,8,Certhia familiaris,11342
58,8,Morus bassanus,11194
58,8,Coloeus monedula,10981
58,8,Anthus trivialis,10962
58,8,Ficedula hypoleuca,10959
58,8,Periparus ater,10013
58,8,Motacilla flava,9464
58,8,Lanius collurio,9135
58,8,Saxicola rubetra,9125
58,8,Clangula hyemalis,9090
58,8,Gallinago gallinago,8890
58,8,Alca torda,8741
58,8,Cepphus grylle,8532
58,8,Limosa lapponica,8380
58,8,Aythya fuligula,8195
58,8,Muscicapa striata,8194
58,8,Coccothraustes coccothraustes,8126
58,8,Branta leucopsis,8116
58,8,Dryocopus martius,8102
58,8,Loxia curvirostra,8072
58,8,Scolopax rusticola,7917
58,8,Falco peregrinus,7902
58,8,Cygnus cygnus,7456
58,8,Gavia arctica,7391
58,8,Motacilla cinerea,7255
58,8,Dryobates minor,7194
58,8,Mareca penelope,7044
58,8,Luscinia luscinia,6765
58,8,Accipiter gentilis,6751
58,8,Phoenicurus phoenicurus,6694
58,8,Falco tinnunculus,6578
58,8,Bombycilla garrulus,6394
58,8,Strix aluco,6235
58,8,Calidris pugnax,6212
58,8,Calidris canutus,6167
58,8,Linaria flavirostris,6152
58,8,Jynx torquilla,6039
58,8,Turdus viscivorus,5925
58,8,Pandion haliaetus,5895
58,8,Arenaria interpres,5883
58,8,Rissa tridactyla,5835
58,8,Pluvialis squatarola,5683
58,8,Numenius phaeopus,5661
58,8,Riparia riparia,5590
58,8,Haliaeetus albicilla,5355
58,8,Poecile montanus,5294
58,8,Cuculus canorus,5266
58,8,Anser brachyrhynchus,5048
58,8,Branta canadensis,4929
58,8,Podiceps grisegena,4857
58,8,Hippolais icterina,4768
58,8,Podiceps auritus,4699
58,8,Alle alle,4662
58,8,Tringa glareola,4610
58,8,Lophophanes cristatus,4596
58,8,Falco columbarius,4459
58,8,Columba oenas,4407
58,8,Phasianus colchicus,4070
58,8,Tringa ochropus,4066
58,8,Aythya marila,3691
58,8,Acrocephalus palustris,3669
58,8,Streptopelia decaocto,3618
58,8,Acrocephalus scirpaceus,3599
58,8,Carpodacus erythrinus,3587
58,8,Calidris minuta,3470
58,8,Aegithalos caudatus,3371
58,8,Poecile palustris,3291
58,8,Calidris maritima,3288
58,8,Plectrophenax nivalis,3105
58,8,Corvus frugilegus,2989
58,8,Columba livia,2934
58,8,Calidris alba,2838
58,8,Calcarius lapponicus,2650
58,8,Fulmarus glacialis,2613
58,8,Phylloscopus sibillatrix,2544
58,8,Cinclus cinclus,2534
58,8,Nucifraga caryocatactes,2427
58,8,Grus grus,2402
58,8,Lanius excubitor,2255
58,8,Loxia pytyopsittacus,2243
58,8,Calidris ferruginea,2241
58,8,Caprimulgus europaeus,2168
58,8,Eremophila alpestris,2157
58,8,Rallus aquaticus,2108
58,8,Corvus corone,2036
58,8,Luscinia svecica,1864
58,8,Stercorarius skua,1779
58,8,Sylvia nisoria,1676
58,8,Circus cyaneus,1667
58,8,Turdus torquatus,1634
58,8,Circus aeruginosus,1615
58,8,Gavia immer,1591
58,8,Buteo lagopus,1555
58,8,Branta bernicla,1541
58,8,Tringa erythropus,1514
58,8,Charadrius dubius,1496
58,8,Glaucidium passerinum,1491
58,8,Stercorarius parasiticus,1478
58,8,Anas acuta,1470
58,8,Podiceps cristatus,1396
58,8,Pernis apivorus,1345
58,8,Sterna paradisaea,1338
58,8,Tachybaptus ruficollis,1280
58,8,Asio flammeus,1256
58,8,Acrocephalus schoenobaenus,1250
58,8,Gallinula chloropus,1244
58,8,Fulica atra,1235
58,8,Calidris temminckii,1194
58,8,Lymnocryptes minimus,1155
58,8,Saxicola rubicola,1098
58,8,Dendrocopos leucotos,1094
58,8,Anser albifrons,1071
58,8,Falco subbuteo,1059
58,8,Lyrurus tetrix,1020
58,8,Thalasseus sandvicensis,1020
58,8,Asio otus,1014
58,8,Anser fabalis,1011
58,8,Lullula arborea,970
58,8,Spatula clypeata,958
58,8,Picus canus,940
58,8,Fratercula arctica,862
58,8,Anthus cervinus,804
58,8,Mergellus albellus,764
58,8,Tetrao urogallus,755
58,8,Aegolius funereus,749
58,8,Phoenicurus ochruros,709
58,8,Mareca strepera,666
58,8,Puffinus puffinus,630
58,8,Larus hyperboreus,562
58,8,Limosa limosa,557
58,8,Loxia leucoptera,543
58,8,Charadrius morinellus,535
58,8,Pinicola enucleator,520
58,8,Alcedo atthis,486
58,8,Hydrocoloeus minutus,482
58,8,Picoides tridactylus,471
58,8,Surnia ulula,439
58,8,Aix galericulata,433
58,8,Aythya ferina,430
58,8,Aquila chrysaetos,421
58,8,Stercorarius pomarinus,406
58,8,Coturnix coturnix,400
58,8,Oriolus oriolus,383
58,8,Gavia adamsii,380
58,8,Anthus richardi,362
58,8,Larus glaucoides,352
58,8,Spatula querquedula,352
58,8,Crex crex,350
58,8,Anser serrirostris,331
58,8,Falco rusticolus,330
58,8,Somateria spectabilis,329
58,8,Puffinus griseus,288
58,8,Streptopelia turtur,281
58,8,Ardea alba,273
58,8,Panurus biarmicus,267
58,8,Anthus spinoletta,265
58,8,Milvus milvus,256
58,8,Acanthis hornemanni,247
58,8,Polysticta stelleri,243
58,8,Phylloscopus inornatus,239
58,8,Egretta garzetta,234
58,8,Calidris falcinellus,234
58,8,Locustella naevia,198
58,8,Locustella fluviatilis,185
58,8,Acrocephalus dumetorum,183
58,8,Upupa epops,171
58,8,Stercorarius longicaudus,146
58,8,Calandrella brachydactyla,146
58,8,Gallinago media,132
58,8,Perdix perdix,130
58,8,Circus macrourus,126
58,8,Tringa semipalmata,126
58,8,Cygnus columbianus,125
58,8,Porzana porzana,123
58,8,Emberiza hortulana,123
58,8,Hydrobates pelagicus,123
58,8,Milvus migrans,117
58,8,Ficedula parva,116
58,8,Anser indicus,112
58,8,Junco hyemalis,112
58,8,Emberiza pusilla,109
58,8,Vanellus cinereus,109
58,8,Regulus ignicapilla,109
58,8,Phalaropus lobatus,108
58,8,Phylloscopus trochiloides,101
58,8,Melanitta perspicillata,95
58,8,Phylloscopus humei,95
58,8,Alopochen aegyptiaca,94
58,8,Calidris melanotos,93
58,8,Ciconia ciconia,91
58,8,Recurvirostra avosetta,77
58,8,Locustella luscinioides,73
58,8,Ichthyaetus melanocephalus,73
58,8,Strix nebulosa,72
58,8,Oenanthe pleschanka,70
58,8,Tetrastes bonasia,69
58,8,Falco vespertinus,67
58,8,Acrocephalus arundinaceus,65
58,8,Phylloscopus proregulus,64
58,8,Motacilla citreola,63
58,8,Anas carolinensis,62
58,8,Phalaropus fulicarius,62
58,8,Luscinia megarhynchos,61
58,8,Lagopus lagopus,60
58,8,Tetrax tetrax,55
58,8,Emberiza leucocephalos,54
58,8,Nycticorax nycticorax,53
58,8,Serinus serinus,48
58,8,Hydroprogne caspia,47
58,8,Merops apiaster,41
58,8,Turdus atrogularis,41
58,8,Pastor roseus,41
58,8,Chlidonias niger,40
58,8,Anthus campestris,40
58,8,Xema sabini,35
58,8,Oceanodroma leucorhoa,34
58,8,Burhinus oedicnemus,34
58,8,Oenanthe isabellina,34
58,8,Sternula albifrons,34
58,8,Cairina moschata,32
58,8,Anthus godlewskii,31
58,8,Bubo bubo,31
58,8,Tringa stagnatilis,25
58,8,Uria lomvia,24
58,8,Calonectris diomedea,24
58,8,Anser caerulescens,24
58,8,Calidris subruficollis,24
58,8,Charadrius alexandrinus,21
58,8,Pluvialis dominica,21
58,8,Tyto alba,21
58,8,Tadorna ferruginea,21
58,8,Platalea leucorodia,20
58,8,Phoenicopterus roseus,20
58,8,Cygnus atratus,18
58,8,Aythya collaris,17
58,8,Cecropis daurica,17
58,8,Motacilla tschutschensis,15
58,8,Aix sponsa,15
58,8,Puffinus mauretanicus,15
58,8,Botaurus stellaris,14
58,8,Emberiza calandra,14
58,8,Curruca cantillans,14
58,8,Lagopus muta,13
58,8,Calidris fuscicollis,12
58,8,Oenanthe deserti,12
58,8,Tringa flavipes,11
58,8,Anser erythropus,11
58,8,Tarsiger cyanurus,10
58,8,Numenius hudsonicus,10
58,8,Saxicola maurus,10
58,8,Tachymarptis melba,9
58,8,Circus pygargus,9
58,8,Thalassarche melanophris,9
58,8,Emberiza rustica,9
58,8,Larus cachinnans,8
58,8,Puffinus gravis,8
58,8,Bucephala albeola,7
58,8,Apus pallidus,7
58,8,Glareola nordmanni,6
58,8,Plegadis falcinellus,6
58,8,Ciconia nigra,6
58,8,Anthus hodgsoni,6
58,8,Lanius isabellinus,6
58,8,Sylvia nana,6
58,8,Phylloscopus fuscatus,6
58,8,Netta rufina,6
58,8,Pluvialis fulva,5
58,8,Podiceps nigricollis,5
58,8,Phylloscopus borealis,5
58,8,Branta ruficollis,5
58,8,Leiothlypis peregrina,5
58,10,Somateria mollissima,1826
58,10,Phalacrocorax carbo,1820
58,10,Bucephala clangula,1556
58,10,Turdus merula,1304
58,10,Troglodytes troglodytes,1260
58,10,Larus argentatus,1196
58,10,Anas platyrhynchos,1153
58,10,Parus major,1152
58,10,Cyanistes caeruleus,1100
58,10,Larus marinus,1092
58,10,Corvus cornix,1092
58,10,Cygnus cygnus,1053
58,10,Corvus corax,1046
58,10,Erithacus rubecula,1032
58,10,Anser anser,1030
58,10,Emberiza citrinella,917
58,10,Motacilla alba,860
58,10,Fringilla coelebs,850
58,10,Chloris chloris,833
58,10,Anthus petrosus,829
58,10,Regulus regulus,823
58,10,Phalacrocorax aristotelis,792
58,10,Cepphus grylle,769
58,10,Spinus spinus,769
58,10,Mergus serrator,761
58,10,Grus grus,728
58,10,Anthus pratensis,727
58,10,Branta canadensis,718
58,10,Phylloscopus collybita,714
58,10,Sitta europaea,700
58,10,Columba palumbus,700
58,10,Buteo buteo,698
58,10,Ardea cinerea,691
58,10,Dendrocopos major,680
58,10,Haematopus ostralegus,674
58,10,Mergus merganser,674
58,10,Cygnus olor,673
58,10,Pyrrhula pyrrhula,672
58,10,Garrulus glandarius,643
58,10,Phylloscopus trochilus,633
58,10,Melanitta nigra,618
58,10,Larus canus,610
58,10,Aegithalos caudatus,600
58,10,Turdus philomelos,584
58,10,Dryocopus martius,570
58,10,Sturnus vulgaris,557
58,10,Tadorna tadorna,552
58,10,Haliaeetus albicilla,551
58,10,Hirundo rustica,543
58,10,Clangula hyemalis,532
58,10,Sylvia atricapilla,529
58,10,Alauda arvensis,518
58,10,Accipiter nisus,509
58,10,Poecile palustris,507
58,10,Oenanthe oenanthe,505
58,10,Periparus ater,495
58,10,Pica pica,487
58,10,Turdus pilaris,483
58,10,Acanthis flammea,475
58,10,Linaria cannabina,461
58,10,Actitis hypoleucos,460
58,10,Motacilla cinerea,448
58,10,Larus fuscus,446
58,10,Picus viridis,436
58,10,Lophophanes cristatus,434
58,10,Cinclus cinclus,428
58,10,Prunella modularis,428
58,10,Poecile montanus,420
58,10,Turdus viscivorus,410
58,10,Emberiza schoeniclus,409
58,10,Passer montanus,407
58,10,Certhia familiaris,380
58,10,Turdus iliacus,375
58,10,Sylvia curruca,352
58,10,Sylvia borin,348
58,10,Fringilla montifringilla,335
58,10,Gavia arctica,328
58,10,Sterna hirundo,325
58,10,Chroicocephalus ridibundus,317
58,10,Lanius excubitor,299
58,10,Sylvia communis,292
58,10,Charadrius hiaticula,287
58,10,Pandion haliaetus,286
58,10,Loxia curvirostra,286
58,10,Ficedula hypoleuca,284
58,10,Vanellus vanellus,283
58,10,Coloeus monedula,282
58,10,Gallinago gallinago,279
58,10,Branta leucopsis,271
58,10,Carduelis carduelis,269
58,10,Phoenicurus phoenicurus,265
58,10,Uria aalge,264
58,10,Morus bassanus,263
58,10,Anthus trivialis,262
58,10,Tetrao urogallus,257
58,10,Apus apus,252
58,10,Anas crecca,244
58,10,Strix aluco,243
58,10,Scolopax rusticola,241
58,10,Dryobates minor,240
58,10,Falco peregrinus,234
58,10,Tringa totanus,233
58,10,Muscicapa striata,221
58,10,Delichon urbicum,220
58,10,Lanius collurio,215
58,10,Aythya fuligula,212
58,10,Calidris maritima,208
58,10,Jynx torquilla,204
58,10,Aquila chrysaetos,197
58,10,Hippolais icterina,193
58,10,Acrocephalus scirpaceus,191
58,10,Alca torda,190
58,10,Linaria flavirostris,188
58,10,Lyrurus tetrix,184
58,10,Accipiter gentilis,182
58,10,Tringa ochropus,181
58,10,Cuculus canorus,177
58,10,Falco tinnunculus,173
58,10,Tringa nebularia,171
58,10,Gavia stellata,170
58,10,Passer domesticus,167
58,10,Melanitta fusca,164
58,10,Phasianus colchicus,160
58,10,Glaucidium passerinum,158
58,10,Luscinia luscinia,156
58,10,Bombycilla garrulus,155
58,10,Caprimulgus europaeus,155
58,10,Numenius phaeopus,144
58,10,Numenius arquata,142
58,10,Rissa tridactyla,139
58,10,Calidris alpina,137
58,10,Tachybaptus ruficollis,136
58,10,Stercorarius parasiticus,130
58,10,Saxicola rubetra,125
58,10,Pernis apivorus,124
58,10,Anser brachyrhynchus,116
58,10,Tetrastes bonasia,112
58,10,Columba livia,112
58,10,Fulmarus glacialis,109
58,10,Turdus torquatus,107
58,10,Motacilla flava,104
58,10,Alcedo atthis,102
58,10,Sylvia nana,100
58,10,Pluvialis apricaria,97
58,10,Sterna paradisaea,97
58,10,Alle alle,93
58,10,Arenaria interpres,90
58,10,Rallus aquaticus,89
58,10,Falco columbarius,85
58,10,Circus aeruginosus,78
58,10,Lullula arborea,78
58,10,Coccothraustes coccothraustes,70
58,10,Phylloscopus sibillatrix,70
58,10,Loxia pytyopsittacus,68
58,10,Plectrophenax nivalis,66
58,10,Columba oenas,65
58,10,Tringa glareola,61
58,10,Mareca penelope,61
58,10,Riparia riparia,57
58,10,Picus canus,53
58,10,Asio flammeus,53
58,10,Falco subbuteo,52
58,10,Nucifraga caryocatactes,52
58,10,Phoenicurus ochruros,52
58,10,Buteo lagopus,49
58,10,Stercorarius skua,49
58,10,Acrocephalus palustris,48
58,10,Luscinia svecica,47
58,10,Pluvialis squatarola,44
58,10,Calidris canutus,43
58,10,Podiceps cristatus,43
58,10,Anser albifrons,43
58,10,Ficedula parva,41
58,10,Mergellus albellus,38
58,10,Aythya marila,37
58,10,Fratercula arctica,36
58,10,Aegolius funereus,36
58,10,Streptopelia decaocto,34
58,10,Charadrius dubius,34
58,10,Asio otus,30
58,10,Limosa lapponica,28
58,10,Calidris alba,26
58,10,Lymnocryptes minimus,26
58,10,Calcarius lapponicus,25
58,10,Circus cyaneus,24
58,10,Anser fabalis,23
58,10,Corvus frugilegus,22
58,10,Coturnix coturnix,21
58,10,Anthus richardi,21
58,10,Acrocephalus arundinaceus,20
58,10,Acrocephalus schoenobaenus,20
58,10,Podiceps auritus,19
58,10,Branta bernicla,19
58,10,Podiceps grisegena,18
58,10,Anser serrirostris,18
58,10,Calidris pugnax,18
58,10,Picoides tridactylus,17
58,10,Thalasseus sandvicensis,17
58,10,Eremophila alpestris,17
58,10,Carpodacus erythrinus,16
58,10,Puffinus puffinus,16
58,10,Spatula clypeata,15
58,10,Somateria spectabilis,14
58,10,Crex crex,14
58,10,Emberiza hortulana,13
58,10,Pinicola enucleator,13
58,10,Tringa erythropus,12
58,10,Upupa epops,12
58,10,Corvus corone,11
58,10,Anas acuta,10
58,10,Aythya ferina,10
58,10,Hydrocoloeus minutus,10
58,10,Fulica atra,9
58,10,Saxicola rubicola,9
58,10,Acanthis hornemanni,9
58,10,Polysticta stelleri,9
58,10,Chlidonias niger,8
58,10,Streptopelia turtur,8
58,10,Mareca strepera,8
58,10,Surnia ulula,7
58,10,Hydrobates pelagicus,7
58,10,Calidris temminckii,6
58,10,Anthus spinoletta,6
58,10,Anthus cervinus,6
58,10,Melanitta perspicillata,6
58,10,Cygnus columbianus,6
58,10,Gallinula chloropus,6
58,10,Larus hyperboreus,5
58,10,Calidris ferruginea,5
58,10,Gavia adamsii,5
58,10,Gavia immer,5
58,10,Sylvia nisoria,5
58,10,Phylloscopus proregulus,5
58,10,Panurus biarmicus,5
58,10,Puffinus griseus,5
58,10,Loxia leucoptera,5
58,10,Ardea alba,5
59,2,Larus marinus,487
59,2,Morus bassanus,409
59,2,Fulmarus glacialis,369
59,2,Larus argentatus,232
59,2,Rissa tridactyla,201
59,2,Larus canus,87
59,2,Larus fuscus,80
59,2,Oenanthe oenanthe,61
59,2,Falco tinnunculus,60
59,2,Stercorarius skua,56
59,2,Accipiter nisus,42
59,2,Anthus pratensis,42
59,2,Motacilla alba,41
59,2,Sturnus vulgaris,41
59,2,Turdus merula,36
59,2,Sylvia atricapilla,36
59,2,Hirundo rustica,34
59,2,Uria aalge,27
59,2,Fringilla coelebs,27
59,2,Columba palumbus,27
59,2,Phylloscopus collybita,26
59,2,Corvus corone,26
59,2,Turdus iliacus,25
59,2,Erithacus rubecula,25
59,2,Turdus pilaris,24
59,2,Phylloscopus trochilus,22
59,2,Fringilla montifringilla,21
59,2,Regulus regulus,19
59,2,Calidris alpina,16
59,2,Phoenicurus phoenicurus,15
59,2,Turdus philomelos,15
59,2,Asio flammeus,14
59,2,Scolopax rusticola,13
59,2,Falco columbarius,13
59,2,Muscicapa striata,12
59,2,Sylvia borin,11
59,2,Haematopus ostralegus,11
59,2,Larus hyperboreus,10
59,2,Phalacrocorax carbo,10
59,2,Anthus petrosus,10
59,2,Melanitta nigra,10
59,2,Troglodytes troglodytes,10
59,2,Spinus spinus,10
59,2,Actitis hypoleucos,9
59,2,Streptopelia decaocto,9
59,2,Chroicocephalus ridibundus,9
59,2,Ardea cinerea,9
59,2,Ficedula hypoleuca,8
59,2,Columba livia,8
59,2,Coloeus monedula,8
59,2,Motacilla flava,8
59,2,Sylvia curruca,7
59,2,Alca torda,7
59,2,Alle alle,6
59,2,Stercorarius parasiticus,6
59,2,Numenius phaeopus,6
59,2,Sterna paradisaea,6
59,2,Puffinus griseus,6
59,2,Vanellus vanellus,5
59,2,Larus glaucoides,5
59,2,Limosa lapponica,5
59,2,Anthus trivialis,5
59,2,Asio otus,5
59,2,Apus apus,5
59,2,Prunella modularis,5
59,2,Charadrius hiaticula,5
59,4,Turdus merula,52096
59,4,Corvus cornix,51718
59,4,Larus argentatus,50631
59,4,Pica pica,36796
59,4,Larus marinus,36295
59,4,Parus major,36158
59,4,Erithacus rubecula,34115
59,4,Larus canus,31844
59,4,Sturnus vulgaris,30341
59,4,Ardea cinerea,29985
59,4,Cyanistes caeruleus,29922
59,4,Anas platyrhynchos,29044
59,4,Fringilla coelebs,27844
59,4,Phalacrocorax carbo,27532
59,4,Chloris chloris,26925
59,4,Somateria mollissima,24976
59,4,Passer domesticus,24149
59,4,Motacilla alba,23719
59,4,Haematopus ostralegus,22930
59,4,Hirundo rustica,22666
59,4,Anthus pratensis,22491
59,4,Troglodytes troglodytes,22099
59,4,Mergus serrator,21786
59,4,Regulus regulus,21528
59,4,Anser anser,21418
59,4,Columba palumbus,19295
59,4,Phylloscopus trochilus,18986
59,4,Turdus iliacus,18358
59,4,Sitta europaea,17812
59,4,Passer montanus,17526
59,4,Bucephala clangula,17333
59,4,Phylloscopus collybita,17197
59,4,Sylvia atricapilla,16973
59,4,Turdus pilaris,16655
59,4,Cygnus olor,16511
59,4,Vanellus vanellus,16190
59,4,Turdus philomelos,15495
59,4,Phalacrocorax aristotelis,15325
59,4,Corvus corax,14861
59,4,Haliaeetus albicilla,14831
59,4,Acanthis flammea,14027
59,4,Spinus spinus,13490
59,4,Numenius arquata,13151
59,4,Aythya fuligula,12911
59,4,Larus fuscus,12779
59,4,Oenanthe oenanthe,12416
59,4,Linaria cannabina,11630
59,4,Periparus ater,11382
59,4,Anthus petrosus,11107
59,4,Gallinago gallinago,10962
59,4,Accipiter nisus,10682
59,4,Streptopelia decaocto,9999
59,4,Carduelis carduelis,9711
59,4,Fringilla montifringilla,9536
59,4,Anas crecca,9191
59,4,Clangula hyemalis,8679
59,4,Tringa totanus,8641
59,4,Prunella modularis,8497
59,4,Chroicocephalus ridibundus,8279
59,4,Poecile palustris,8183
59,4,Mareca penelope,8016
59,4,Alauda arvensis,7409
59,4,Charadrius hiaticula,7143
59,4,Pyrrhula pyrrhula,7072
59,4,Sylvia communis,6965
59,4,Dendrocopos major,6962
59,4,Actitis hypoleucos,6802
59,4,Melanitta nigra,6728
59,4,Emberiza schoeniclus,6485
59,4,Morus bassanus,6448
59,4,Pluvialis apricaria,6276
59,4,Garrulus glandarius,6198
59,4,Cygnus cygnus,6159
59,4,Melanitta fusca,6113
59,4,Cepphus grylle,5696
59,4,Calidris alpina,5627
59,4,Sterna hirundo,5435
59,4,Coloeus monedula,5390
59,4,Loxia curvirostra,5229
59,4,Sylvia borin,5125
59,4,Tachybaptus ruficollis,5112
59,4,Poecile montanus,5078
59,4,Motacilla cinerea,4974
59,4,Emberiza citrinella,4927
59,4,Falco peregrinus,4835
59,4,Saxicola rubetra,4807
59,4,Riparia riparia,4687
59,4,Tadorna tadorna,4605
59,4,Corvus corone,4518
59,4,Columba livia,4515
59,4,Scolopax rusticola,4453
59,4,Ficedula hypoleuca,4419
59,4,Acrocephalus schoenobaenus,4334
59,4,Cuculus canorus,4313
59,4,Linaria flavirostris,4122
59,4,Delichon urbicum,4034
59,4,Apus apus,4009
59,4,Gavia stellata,3973
59,4,Sylvia curruca,3954
59,4,Anthus trivialis,3731
59,4,Arenaria interpres,3711
59,4,Muscicapa striata,3664
59,4,Uria aalge,3584
59,4,Rissa tridactyla,3466
59,4,Falco tinnunculus,3397
59,4,Phoenicurus phoenicurus,3387
59,4,Certhia familiaris,3220
59,4,Saxicola rubicola,3175
59,4,Phylloscopus inornatus,3086
59,4,Buteo buteo,2961
59,4,Coccothraustes coccothraustes,2948
59,4,Gavia immer,2832
59,4,Accipiter gentilis,2822
59,4,Calidris maritima,2725
59,4,Sterna paradisaea,2686
59,4,Rallus aquaticus,2464
59,4,Podiceps auritus,2451
59,4,Fulmarus glacialis,2415
59,4,Calidris pugnax,2389
59,4,Anser brachyrhynchus,2373
59,4,Picus canus,2365
59,4,Alca torda,2308
59,4,Mergus merganser,2303
59,4,Podiceps grisegena,2187
59,4,Motacilla flava,2152
59,4,Strix aluco,2147
59,4,Tringa nebularia,2066
59,4,Limosa lapponica,2046
59,4,Aegithalos caudatus,1942
59,4,Turdus torquatus,1869
59,4,Corvus frugilegus,1825
59,4,Bombycilla garrulus,1791
59,4,Branta canadensis,1791
59,4,Plectrophenax nivalis,1698
59,4,Lophophanes cristatus,1685
59,4,Cinclus cinclus,1669
59,4,Branta leucopsis,1631
59,4,Alle alle,1606
59,4,Numenius phaeopus,1599
59,4,Jynx torquilla,1576
59,4,Picus viridis,1575
59,4,Hydrobates pelagicus,1545
59,4,Lymnocryptes minimus,1393
59,4,Pluvialis squatarola,1367
59,4,Falco columbarius,1349
59,4,Calidris alba,1318
59,4,Gallinula chloropus,1317
59,4,Ficedula parva,1300
59,4,Calidris canutus,1276
59,4,Calidris minuta,1273
59,4,Aythya marila,1258
59,4,Dryobates minor,1245
59,4,Hippolais icterina,1242
59,4,Turdus viscivorus,1209
59,4,Phoenicurus ochruros,1196
59,4,Tringa ochropus,1145
59,4,Anser albifrons,1136
59,4,Buteo lagopus,1120
59,4,Stercorarius parasiticus,1114
59,4,Gavia arctica,1109
59,4,Fulica atra,1087
59,4,Loxia pytyopsittacus,1070
59,4,Stercorarius skua,1055
59,4,Circus cyaneus,1045
59,4,Calcarius lapponicus,1040
59,4,Lanius collurio,995
59,4,Lanius excubitor,958
59,4,Emberiza pusilla,950
59,4,Lyrurus tetrix,944
59,4,Carpodacus erythrinus,929
59,4,Anthus richardi,904
59,4,Fratercula arctica,874
59,4,Locustella naevia,871
59,4,Larus glaucoides,870
59,4,Nucifraga caryocatactes,822
59,4,Branta bernicla,791
59,4,Acrocephalus scirpaceus,782
59,4,Tringa glareola,776
59,4,Sylvia nisoria,775
59,4,Crex crex,770
59,4,Dendrocopos leucotos,757
59,4,Phylloscopus sibillatrix,715
59,4,Larus hyperboreus,675
59,4,Calidris ferruginea,663
59,4,Asio flammeus,621
59,4,Streptopelia turtur,607
59,4,Aquila chrysaetos,593
59,4,Anas acuta,563
59,4,Columba oenas,545
59,4,Anser fabalis,541
59,4,Mergellus albellus,501
59,4,Loxia leucoptera,494
59,4,Luscinia svecica,453
59,4,Anthus hodgsoni,452
59,4,Podiceps cristatus,441
59,4,Acrocephalus palustris,436
59,4,Lullula arborea,431
59,4,Puffinus griseus,429
59,4,Mareca strepera,423
59,4,Limosa limosa,392
59,4,Thalasseus sandvicensis,370
59,4,Surnia ulula,369
59,4,Tringa erythropus,368
59,4,Calandrella brachydactyla,364
59,4,Gavia adamsii,361
59,4,Pandion haliaetus,356
59,4,Circus aeruginosus,343
59,4,Grus grus,342
59,4,Spatula clypeata,330
59,4,Somateria spectabilis,311
59,4,Puffinus puffinus,303
59,4,Pastor roseus,302
59,4,Eremophila alpestris,285
59,4,Saxicola maurus,275
59,4,Aythya ferina,270
59,4,Tarsiger cyanurus,265
59,4,Calidris temminckii,260
59,4,Coturnix coturnix,249
59,4,Phylloscopus proregulus,244
59,4,Acrocephalus dumetorum,244
59,4,Falco rusticolus,233
59,4,Emberiza hortulana,228
59,4,Egretta garzetta,200
59,4,Asio otus,200
59,4,Anser serrirostris,197
59,4,Porzana porzana,196
59,4,Anthus cervinus,189
59,4,Oriolus oriolus,179
59,4,Alcedo atthis,172
59,4,Ardea alba,172
59,4,Phasianus colchicus,171
59,4,Regulus ignicapilla,163
59,4,Charadrius morinellus,162
59,4,Stercorarius pomarinus,159
59,4,Sterna dougallii,158
59,4,Emberiza rustica,155
59,4,Upupa epops,155
59,4,Phylloscopus fuscatus,152
59,4,Emberiza melanocephala,146
59,4,Motacilla citreola,143
59,4,Hydrocoloeus minutus,142
59,4,Acanthis hornemanni,134
59,4,Spatula querquedula,125
59,4,Tetrao urogallus,118
59,4,Falco subbuteo,115
59,4,Bubo bubo,113
59,4,Phylloscopus schwarzi,111
59,4,Lanius senator,110
59,4,Aix galericulata,105
59,4,Phalaropus fulicarius,102
59,4,Aegolius funereus,102
59,4,Circus macrourus,99
59,4,Gallinago media,99
59,4,Calidris melanotos,96
59,4,Phylloscopus bonelli,96
59,4,Merops apiaster,90
59,4,Luscinia luscinia,89
59,4,Lanius minor,87
59,4,Anthus campestris,86
59,4,Locustella lanceolata,85
59,4,Anthus godlewskii,83
59,4,Iduna pallida,79
59,4,Phylloscopus humei,78
59,4,Oceanodroma leucorhoa,76
59,4,Vireo olivaceus,76
59,4,Curruca cantillans,76
59,4,Luscinia megarhynchos,75
59,4,Pinicola enucleator,74
59,4,Phylloscopus trochiloides,73
59,4,Xema sabini,72
59,4,Anthus gustavi,70
59,4,Turdus atrogularis,70
59,4,Charadrius dubius,68
59,4,Milvus milvus,67
59,4,Pernis apivorus,65
59,4,Calidris falcinellus,65
59,4,Ficedula albicollis,64
59,4,Emberiza leucocephalos,63
59,4,Lanius nubicus,63
59,4,Limnodromus griseus,60
59,4,Catharus minimus,59
59,4,Acrocephalus agricola,59
59,4,Ichthyaetus melanocephalus,55
59,4,Acrocephalus arundinaceus,54
59,4,Platalea leucorodia,53
59,4,Burhinus oedicnemus,52
59,4,Oenanthe pleschanka,52
59,4,Chlidonias hybrida,48
59,4,Lanius cristatus,47
59,4,Leucophaeus pipixcan,45
59,4,Larus cachinnans,44
59,4,Anthus rubescens,42
59,4,Catharus ustulatus,41
59,4,Phylloscopus borealis,41
59,4,Stercorarius longicaudus,38
59,4,Oenanthe isabellina,38
59,4,Serinus serinus,37
59,4,Lagopus lagopus,36
59,4,Ciconia ciconia,36
59,4,Podilymbus podiceps,36
59,4,Streptopelia orientalis,36
59,4,Oenanthe deserti,36
59,4,Anthus spinoletta,35
59,4,Cygnus columbianus,35
59,4,Setophaga tigrina,35
59,4,Emberiza calandra,34
59,4,Larus delawarensis,33
59,4,Netta rufina,32
59,4,Calidris subruficollis,32
59,4,Glaucidium passerinum,31
59,4,Milvus migrans,29
59,4,Caprimulgus europaeus,28
59,4,Catharus fuscescens,27
59,4,Emberiza aureola,27
59,4,Botaurus stellaris,24
59,4,Gelochelidon nilotica,24
59,4,Calidris ruficollis,24
59,4,Podiceps nigricollis,24
59,4,Calidris himantopus,24
59,4,Falco vespertinus,23
59,4,Alopochen aegyptiaca,23
59,4,Curruca iberiae,22
59,4,Aquila nipalensis,22
59,4,Himantopus himantopus,22
59,4,Seiurus aurocapilla,21
59,4,Hippolais polyglotta,21
59,4,Anser indicus,21
59,4,Phalaropus lobatus,21
59,4,Recurvirostra avosetta,20
59,4,Emberiza pallasi,20
59,4,Panurus biarmicus,19
59,4,Locustella luscinioides,19
59,4,Sternula albifrons,19
59,4,Pluvialis fulva,18
59,4,Anser caerulescens,18
59,4,Charadrius leschenaultii,17
59,4,Melanocorypha bimaculata,17
59,4,Aythya collaris,17
59,4,Apus pallidus,17
59,4,Prunella montanella,17
59,4,Ardea purpurea,16
59,4,Mareca americana,15
59,4,Iduna rama,15
59,4,Charadrius alexandrinus,14
59,4,Pagophila eburnea,14
59,4,Motacilla tschutschensis,13
59,4,Iduna caligata,13
59,4,Circus pygargus,11
59,4,Chlidonias niger,10
59,4,Chlidonias leucopterus,10
59,4,Emberiza rutila,10
59,4,Puffinus mauretanicus,10
59,4,Empidonax alnorum,9
59,4,Tadorna ferruginea,9
59,4,Chroicocephalus philadelphia,9
59,4,Setophaga coronata,9
59,4,Spatula cyanoptera,9
59,4,Tachymarptis melba,8
59,4,Bubulcus ibis,8
59,4,Anas carolinensis,8
59,4,Lanius phoenicuroides,8
59,4,Polysticta stelleri,8
59,4,Coracias garrulus,7
59,4,Calidris fuscicollis,7
59,4,Melanocorypha calandra,7
59,4,Muscicapa sibirica,7
59,4,Locustella fluviatilis,7
59,4,Anser erythropus,7
59,4,Turdus naumanni,7
59,4,Turdus eunomus,7
59,4,Cairina moschata,7
59,4,Picoides tridactylus,6
59,4,Uria lomvia,6
59,4,Xenus cinereus,6
59,4,Lanius isabellinus,6
59,4,Plegadis falcinellus,5
59,4,Emberiza bruniceps,5
59,4,Melanitta perspicillata,5
59,4,Lagopus muta,5
59,6,Parus major,9441
59,6,Fringilla coelebs,8642
59,6,Phylloscopus trochilus,8012
59,6,Turdus merula,7800
59,6,Erithacus rubecula,7150
59,6,Anthus pratensis,7134
59,6,Motacilla alba,6225
59,6,Troglodytes troglodytes,6209
59,6,Corvus corax,6193
59,6,Cyanistes caeruleus,6094
59,6,Spinus spinus,5578
59,6,Poecile montanus,5560
59,6,Corvus cornix,5060
59,6,Acanthis flammea,4704
59,6,Sitta europaea,4541
59,6,Turdus pilaris,4432
59,6,Turdus iliacus,4294
59,6,Pica pica,4218
59,6,Turdus philomelos,4156
59,6,Oenanthe oenanthe,3896
59,6,Anas platyrhynchos,3724
59,6,Chloris chloris,3324
59,6,Turdus torquatus,3294
59,6,Phylloscopus collybita,2938
59,6,Hirundo rustica,2892
59,6,Actitis hypoleucos,2668
59,6,Larus canus,2355
59,6,Regulus regulus,2328
59,6,Pyrrhula pyrrhula,2324
59,6,Mergus merganser,2256
59,6,Columba palumbus,2233
59,6,Prunella modularis,2189
59,6,Poecile palustris,2155
59,6,Picus viridis,2127
59,6,Cinclus cinclus,2118
59,6,Dendrocopos major,1975
59,6,Anthus trivialis,1917
59,6,Sylvia atricapilla,1882
59,6,Sturnus vulgaris,1876
59,6,Ficedula hypoleuca,1873
59,6,Cuculus canorus,1838
59,6,Falco tinnunculus,1818
59,6,Emberiza schoeniclus,1774
59,6,Fringilla montifringilla,1736
59,6,Luscinia svecica,1675
59,6,Bucephala clangula,1646
59,6,Lagopus lagopus,1571
59,6,Delichon urbicum,1545
59,6,Periparus ater,1516
59,6,Phalacrocorax carbo,1504
59,6,Larus argentatus,1501
59,6,Aythya fuligula,1463
59,6,Anas crecca,1416
59,6,Cygnus cygnus,1403
59,6,Lagopus muta,1372
59,6,Ardea cinerea,1287
59,6,Tringa totanus,1270
59,6,Haliaeetus albicilla,1263
59,6,Mergus serrator,1183
59,6,Garrulus glandarius,1172
59,6,Pluvialis apricaria,1163
59,6,Passer domesticus,1103
59,6,Accipiter nisus,1085
59,6,Gallinago gallinago,1048
59,6,Certhia familiaris,1046
59,6,Motacilla cinerea,1018
59,6,Muscicapa striata,1011
59,6,Emberiza citrinella,998
59,6,Larus fuscus,968
59,6,Cygnus olor,941
59,6,Dendrocopos leucotos,939
59,6,Motacilla flava,921
59,6,Lyrurus tetrix,917
59,6,Buteo buteo,875
59,6,Somateria mollissima,869
59,6,Apus apus,838
59,6,Lophophanes cristatus,798
59,6,Branta canadensis,798
59,6,Larus marinus,797
59,6,Buteo lagopus,769
59,6,Picus canus,766
59,6,Aquila chrysaetos,748
59,6,Phoenicurus phoenicurus,733
59,6,Aegithalos caudatus,725
59,6,Saxicola rubetra,704
59,6,Dryobates minor,686
59,6,Scolopax rusticola,683
59,6,Surnia ulula,680
59,6,Melanitta nigra,662
59,6,Turdus viscivorus,640
59,6,Linaria flavirostris,623
59,6,Strix aluco,622
59,6,Falco columbarius,563
59,6,Haematopus ostralegus,543
59,6,Anser anser,514
59,6,Passer montanus,506
59,6,Plectrophenax nivalis,455
59,6,Vanellus vanellus,452
59,6,Loxia curvirostra,448
59,6,Hippolais icterina,434
59,6,Gavia arctica,431
59,6,Mareca penelope,420
59,6,Carduelis carduelis,382
59,6,Loxia pytyopsittacus,374
59,6,Jynx torquilla,348
59,6,Gavia stellata,332
59,6,Tetrao urogallus,302
59,6,Accipiter gentilis,302
59,6,Sylvia communis,299
59,6,Riparia riparia,279
59,6,Grus grus,262
59,6,Bombycilla garrulus,227
59,6,Coccothraustes coccothraustes,226
59,6,Sylvia borin,224
59,6,Charadrius morinellus,213
59,6,Tringa glareola,207
59,6,Lanius excubitor,193
59,6,Pandion haliaetus,187
59,6,Charadrius hiaticula,169
59,6,Tringa ochropus,162
59,6,Coloeus monedula,153
59,6,Calidris maritima,148
59,6,Tachybaptus ruficollis,148
59,6,Falco peregrinus,144
59,6,Melanitta fusca,141
59,6,Tringa nebularia,135
59,6,Linaria cannabina,132
59,6,Dryocopus martius,123
59,6,Nucifraga caryocatactes,123
59,6,Numenius arquata,116
59,6,Aythya marila,114
59,6,Eremophila alpestris,103
59,6,Calcarius lapponicus,99
59,6,Calidris alpina,98
59,6,Asio flammeus,95
59,6,Sterna hirundo,84
59,6,Cepphus grylle,83
59,6,Phylloscopus sibillatrix,76
59,6,Sylvia curruca,75
59,6,Anthus petrosus,68
59,6,Picoides tridactylus,66
59,6,Aegolius funereus,66
59,6,Clangula hyemalis,64
59,6,Mergellus albellus,64
59,6,Chroicocephalus ridibundus,60
59,6,Falco rusticolus,57
59,6,Uria aalge,50
59,6,Perisoreus infaustus,44
59,6,Numenius phaeopus,43
59,6,Columba livia,43
59,6,Anas acuta,42
59,6,Alauda arvensis,42
59,6,Loxia leucoptera,39
59,6,Corvus frugilegus,38
59,6,Acrocephalus schoenobaenus,38
59,6,Saxicola rubicola,36
59,6,Glaucidium passerinum,34
59,6,Circus cyaneus,32
59,6,Gallinago media,32
59,6,Pinicola enucleator,32
59,6,Carpodacus erythrinus,31
59,6,Asio otus,30
59,6,Aix galericulata,28
59,6,Lanius collurio,28
59,6,Acanthis hornemanni,27
59,6,Corvus corone,27
59,6,Fulica atra,26
59,6,Phalacrocorax aristotelis,26
59,6,Coturnix coturnix,24
59,6,Lymnocryptes minimus,22
59,6,Anser brachyrhynchus,21
59,6,Larus glaucoides,20
59,6,Podiceps auritus,20
59,6,Locustella naevia,19
59,6,Mareca strepera,18
59,6,Streptopelia decaocto,15
59,6,Rissa tridactyla,14
59,6,Phoenicurus ochruros,13
59,6,Spatula clypeata,13
59,6,Anser fabalis,12
59,6,Bubo bubo,12
59,6,Tadorna tadorna,11
59,6,Sterna paradisaea,11
59,6,Calidris pugnax,11
59,6,Podiceps cristatus,10
59,6,Alca torda,10
59,6,Circus aeruginosus,9
59,6,Alle alle,9
59,6,Calidris temminckii,9
59,6,Phylloscopus inornatus,9
59,6,Columba oenas,9
59,6,Anser serrirostris,9
59,6,Somateria spectabilis,8
59,6,Upupa epops,8
59,6,Ardea alba,8
59,6,Tetrastes bonasia,7
59,6,Alcedo atthis,7
59,6,Streptopelia turtur,7
59,6,Anser indicus,7
59,6,Stercorarius longicaudus,6
59,6,Acrocephalus dumetorum,6
59,6,Branta leucopsis,6
59,6,Charadrius dubius,6
59,6,Larus hyperboreus,5
59,6,Crex crex,5
59,8,Anas platyrhynchos,31132
59,8,Bucephala clangula,29952
59,8,Cygnus olor,24742
59,8,Parus major,22489
59,8,Fringilla coelebs,20170
59,8,Aythya fuligula,19747
59,8,Cyanistes caeruleus,19553
59,8,Corvus cornix,19511
59,8,Cygnus cygnus,17117
59,8,Emberiza citrinella,17115
59,8,Pica pica,17114
59,8,Branta canadensis,17097
59,8,Turdus merula,17087
59,8,Turdus pilaris,16934
59,8,Motacilla alba,16305
59,8,Columba palumbus,16127
59,8,Erithacus rubecula,15792
59,8,Chloris chloris,14297
59,8,Phalacrocorax carbo,13320
59,8,Dendrocopos major,13223
59,8,Spinus spinus,13003
59,8,Larus argentatus,12869
59,8,Anser anser,12476
59,8,Mergus merganser,12388
59,8,Larus canus,11882
59,8,Pyrrhula pyrrhula,11832
59,8,Buteo buteo,11677
59,8,Corvus corax,11484
59,8,Hirundo rustica,11276
59,8,Phylloscopus trochilus,11137
59,8,Sturnus vulgaris,11127
59,8,Turdus iliacus,10576
59,8,Anas crecca,10425
59,8,Passer montanus,10396
59,8,Sitta europaea,10189
59,8,Emberiza schoeniclus,9791
59,8,Phylloscopus collybita,9718
59,8,Alauda arvensis,9632
59,8,Vanellus vanellus,9245
59,8,Carduelis carduelis,9084
59,8,Turdus philomelos,8897
59,8,Acanthis flammea,8514
59,8,Anthus pratensis,8411
59,8,Fulica atra,8263
59,8,Garrulus glandarius,8207
59,8,Ardea cinerea,7816
59,8,Accipiter nisus,7706
59,8,Passer domesticus,7679
59,8,Poecile montanus,7625
59,8,Grus grus,7324
59,8,Fringilla montifringilla,7173
59,8,Gallinago gallinago,7135
59,8,Troglodytes troglodytes,7124
59,8,Sylvia atricapilla,7028
59,8,Apus apus,6841
59,8,Periparus ater,6602
59,8,Podiceps cristatus,6600
59,8,Actitis hypoleucos,6459
59,8,Larus fuscus,6030
59,8,Mareca penelope,5999
59,8,Coccothraustes coccothraustes,5945
59,8,Coloeus monedula,5623
59,8,Mergus serrator,5613
59,8,Dryocopus martius,5603
59,8,Lophophanes cristatus,5409
59,8,Saxicola rubetra,5301
59,8,Prunella modularis,5285
59,8,Oenanthe oenanthe,5233
59,8,Delichon urbicum,5148
59,8,Cinclus cinclus,5052
59,8,Picus viridis,5007
59,8,Regulus regulus,4993
59,8,Larus marinus,4963
59,8,Anser brachyrhynchus,4744
59,8,Motacilla cinerea,4538
59,8,Ficedula hypoleuca,4408
59,8,Loxia curvirostra,4271
59,8,Tringa ochropus,4171
59,8,Certhia familiaris,4017
59,8,Lanius excubitor,3992
59,8,Sylvia borin,3977
59,8,Haematopus ostralegus,3921
59,8,Columba livia,3914
59,8,Motacilla flava,3880
59,8,Muscicapa striata,3874
59,8,Anthus trivialis,3835
59,8,Accipiter gentilis,3801
59,8,Turdus viscivorus,3718
59,8,Poecile palustris,3665
59,8,Somateria mollissima,3617
59,8,Pandion haliaetus,3614
59,8,Circus aeruginosus,3546
59,8,Chroicocephalus ridibundus,3433
59,8,Bombycilla garrulus,3190
59,8,Lyrurus tetrix,3186
59,8,Linaria cannabina,3172
59,8,Riparia riparia,3162
59,8,Gavia arctica,3115
59,8,Tringa glareola,3030
59,8,Falco tinnunculus,2896
59,8,Cuculus canorus,2856
59,8,Nucifraga caryocatactes,2845
59,8,Dryobates minor,2739
59,8,Scolopax rusticola,2727
59,8,Sylvia communis,2612
59,8,Acrocephalus palustris,2581
59,8,Streptopelia decaocto,2564
59,8,Carpodacus erythrinus,2524
59,8,Aegithalos caudatus,2517
59,8,Strix aluco,2509
59,8,Lanius collurio,2391
59,8,Falco peregrinus,2386
59,8,Tringa nebularia,2300
59,8,Phoenicurus phoenicurus,2214
59,8,Jynx torquilla,2154
59,8,Tachybaptus ruficollis,2141
59,8,Sylvia curruca,2135
59,8,Pluvialis apricaria,2023
59,8,Hippolais icterina,1943
59,8,Columba oenas,1926
59,8,Numenius arquata,1917
59,8,Acrocephalus scirpaceus,1890
59,8,Tringa totanus,1879
59,8,Falco columbarius,1846
59,8,Surnia ulula,1831
59,8,Tetrao urogallus,1777
59,8,Rallus aquaticus,1723
59,8,Falco subbuteo,1684
59,8,Charadrius dubius,1681
59,8,Melanitta nigra,1663
59,8,Glaucidium passerinum,1628
59,8,Turdus torquatus,1588
59,8,Loxia pytyopsittacus,1516
59,8,Aythya marila,1505
59,8,Sterna hirundo,1480
59,8,Buteo lagopus,1448
59,8,Lagopus lagopus,1386
59,8,Tetrastes bonasia,1359
59,8,Picus canus,1288
59,8,Mergellus albellus,1283
59,8,Circus cyaneus,1210
59,8,Caprimulgus europaeus,1209
59,8,Coturnix coturnix,1204
59,8,Luscinia svecica,1194
59,8,Melanitta fusca,1173
59,8,Gallinula chloropus,1137
59,8,Picoides tridactylus,1109
59,8,Corvus frugilegus,1079
59,8,Branta leucopsis,1045
59,8,Phylloscopus sibillatrix,1041
59,8,Linaria flavirostris,1029
59,8,Anas acuta,1000
59,8,Pernis apivorus,982
59,8,Spatula clypeata,872
59,8,Anthus petrosus,834
59,8,Tadorna tadorna,832
59,8,Haliaeetus albicilla,796
59,8,Aquila chrysaetos,737
59,8,Aythya ferina,735
59,8,Plectrophenax nivalis,731
59,8,Numenius phaeopus,721
59,8,Podiceps auritus,718
59,8,Spatula querquedula,711
59,8,Gavia stellata,667
59,8,Luscinia luscinia,618
59,8,Anser albifrons,595
59,8,Calidris alpina,590
59,8,Mareca strepera,573
59,8,Calidris pugnax,569
59,8,Charadrius hiaticula,563
59,8,Panurus biarmicus,550
59,8,Alcedo atthis,548
59,8,Asio otus,525
59,8,Acrocephalus schoenobaenus,491
59,8,Crex crex,477
59,8,Uria aalge,474
59,8,Dendrocopos leucotos,471
59,8,Aegolius funereus,448
59,8,Perisoreus infaustus,416
59,8,Anser fabalis,408
59,8,Clangula hyemalis,398
59,8,Pinicola enucleator,394
59,8,Asio flammeus,386
59,8,Lymnocryptes minimus,365
59,8,Lagopus muta,363
59,8,Phalacrocorax aristotelis,342
59,8,Calcarius lapponicus,330
59,8,Ardea alba,318
59,8,Saxicola rubicola,299
59,8,Larus delawarensis,283
59,8,Gallinago media,283
59,8,Porzana porzana,264
59,8,Corvus corone,259
59,8,Alca torda,258
59,8,Charadrius morinellus,248
59,8,Aix galericulata,245
59,8,Larus glaucoides,225
59,8,Anser serrirostris,223
59,8,Anser indicus,220
59,8,Locustella naevia,212
59,8,Loxia leucoptera,194
59,8,Acrocephalus dumetorum,191
59,8,Acanthis hornemanni,191
59,8,Rissa tridactyla,185
59,8,Circus macrourus,160
59,8,Sterna paradisaea,159
59,8,Sibirionetta formosa,158
59,8,Locustella fluviatilis,156
59,8,Alle alle,144
59,8,Phalaropus lobatus,135
59,8,Lullula arborea,129
59,8,Calidris temminckii,125
59,8,Larus hyperboreus,122
59,8,Phoenicurus ochruros,117
59,8,Phasianus colchicus,116
59,8,Branta bernicla,115
59,8,Morus bassanus,105
59,8,Tringa erythropus,104
59,8,Milvus milvus,101
59,8,Eremophila alpestris,94
59,8,Limosa limosa,84
59,8,Pluvialis squatarola,81
59,8,Podiceps grisegena,72
59,8,Anthus cervinus,71
59,8,Anas carolinensis,69
59,8,Upupa epops,68
59,8,Arenaria interpres,64
59,8,Locustella luscinioides,64
59,8,Limosa lapponica,63
59,8,Falco rusticolus,62
59,8,Gavia adamsii,61
59,8,Calidris minuta,60
59,8,Hydrocoloeus minutus,59
59,8,Calidris maritima,57
59,8,Bubulcus ibis,56
59,8,Calidris canutus,56
59,8,Larus cachinnans,47
59,8,Strix nebulosa,47
59,8,Ciconia ciconia,46
59,8,Acrocephalus arundinaceus,46
59,8,Aythya collaris,45
59,8,Cepphus grylle,44
59,8,Streptopelia turtur,40
59,8,Cygnus columbianus,39
59,8,Chlidonias niger,35
59,8,Botaurus stellaris,31
59,8,Milvus migrans,30
59,8,Podiceps nigricollis,28
59,8,Oriolus oriolus,27
59,8,Bubo bubo,26
59,8,Anser erythropus,25
59,8,Cairina moschata,25
59,8,Ciconia nigra,24
59,8,Fulmarus glacialis,23
59,8,Stercorarius parasiticus,22
59,8,Emberiza aureola,22
59,8,Anser rossii,22
59,8,Pastor roseus,22
59,8,Circus pygargus,19
59,8,Calidris ferruginea,19
59,8,Emberiza hortulana,19
59,8,Netta rufina,19
59,8,Stercorarius skua,18
59,8,Calidris melanotos,18
59,8,Sylvia nisoria,18
59,8,Phylloscopus inornatus,18
59,8,Gavia immer,17
59,8,Remiz pendulinus,17
59,8,Emberiza leucocephalos,17
59,8,Perdix perdix,16
59,8,Anser caerulescens,16
59,8,Oenanthe pleschanka,16
59,8,Oenanthe deserti,16
59,8,Ficedula parva,14
59,8,Hydroprogne caspia,13
59,8,Anthus campestris,13
59,8,Emberiza rustica,13
59,8,Plegadis falcinellus,12
59,8,Melanitta perspicillata,12
59,8,Tadorna ferruginea,11
59,8,Calidris alba,10
59,8,Galerida cristata,10
59,8,Cygnus atratus,10
59,8,Sternula albifrons,9
59,8,Thalasseus sandvicensis,8
59,8,Fratercula arctica,8
59,8,Emberiza pusilla,8
59,8,Stercorarius longicaudus,7
59,8,Anthus richardi,7
59,8,Falco vespertinus,6
59,8,Stercorarius pomarinus,6
59,8,Calidris falcinellus,6
59,8,Charadrius alexandrinus,5
59,8,Motacilla citreola,5
59,8,Bubo scandiacus,5
59,10,Anas platyrhynchos,173126
59,10,Corvus cornix,148311
59,10,Parus major,144272
59,10,Cyanistes caeruleus,140677
59,10,Turdus merula,131715
59,10,Bucephala clangula,131353
59,10,Larus argentatus,131013
59,10,Columba palumbus,123943
59,10,Anser anser,115607
59,10,Cygnus olor,113720
59,10,Pica pica,113133
59,10,Chloris chloris,112503
59,10,Phalacrocorax carbo,102508
59,10,Turdus pilaris,100287
59,10,Erithacus rubecula,99353
59,10,Motacilla alba,99066
59,10,Fringilla coelebs,98120
59,10,Larus canus,97335
59,10,Emberiza citrinella,96877
59,10,Somateria mollissima,90390
59,10,Chroicocephalus ridibundus,83989
59,10,Ardea cinerea,80638
59,10,Sitta europaea,79471
59,10,Larus marinus,78470
59,10,Dendrocopos major,78244
59,10,Mergus serrator,76413
59,10,Passer montanus,75611
59,10,Sturnus vulgaris,74881
59,10,Carduelis carduelis,69056
59,10,Spinus spinus,68953
59,10,Buteo buteo,68813
59,10,Anas crecca,67473
59,10,Vanellus vanellus,66441
59,10,Emberiza schoeniclus,65778
59,10,Haematopus ostralegus,65657
59,10,Hirundo rustica,64281
59,10,Phylloscopus trochilus,61796
59,10,Alauda arvensis,60798
59,10,Troglodytes troglodytes,59316
59,10,Coloeus monedula,56714
59,10,Larus fuscus,55558
59,10,Turdus iliacus,54532
59,10,Pyrrhula pyrrhula,53894
59,10,Tadorna tadorna,52601
59,10,Phylloscopus collybita,52467
59,10,Branta canadensis,52213
59,10,Podiceps cristatus,49786
59,10,Sylvia atricapilla,49179
59,10,Aythya fuligula,49018
59,10,Accipiter nisus,48758
59,10,Anthus pratensis,48394
59,10,Mergus merganser,47134
59,10,Passer domesticus,46773
59,10,Corvus corax,46339
59,10,Cygnus cygnus,46193
59,10,Turdus philomelos,46037
59,10,Branta leucopsis,43689
59,10,Actitis hypoleucos,40277
59,10,Apus apus,40021
59,10,Acanthis flammea,39733
59,10,Sterna hirundo,38680
59,10,Mareca penelope,38022
59,10,Picus viridis,37341
59,10,Garrulus glandarius,36396
59,10,Tringa nebularia,36367
59,10,Linaria cannabina,34543
59,10,Charadrius hiaticula,33680
59,10,Fringilla montifringilla,33631
59,10,Gallinago gallinago,33458
59,10,Fulica atra,32874
59,10,Numenius arquata,32438
59,10,Columba livia,32308
59,10,Tringa totanus,32253
59,10,Regulus regulus,32108
59,10,Oenanthe oenanthe,31241
59,10,Periparus ater,30981
59,10,Delichon urbicum,30700
59,10,Coccothraustes coccothraustes,29090
59,10,Melanitta fusca,28284
59,10,Acrocephalus scirpaceus,26875
59,10,Dryocopus martius,26716
59,10,Prunella modularis,26617
59,10,Circus aeruginosus,26453
59,10,Sylvia communis,26171
59,10,Pandion haliaetus,25851
59,10,Sylvia borin,25716
59,10,Grus grus,25007
59,10,Poecile palustris,24066
59,10,Columba oenas,24033
59,10,Anser brachyrhynchus,23016
59,10,Acrocephalus palustris,22876
59,10,Tringa ochropus,22504
59,10,Motacilla cinerea,21791
59,10,Certhia familiaris,21733
59,10,Sylvia curruca,21414
59,10,Uria aalge,21324
59,10,Falco tinnunculus,20942
59,10,Accipiter gentilis,20524
59,10,Calidris alpina,20003
59,10,Bombycilla garrulus,19973
59,10,Ficedula hypoleuca,19730
59,10,Poecile montanus,19694
59,10,Gallinula chloropus,18916
59,10,Loxia curvirostra,18487
59,10,Tringa glareola,18452
59,10,Anthus trivialis,17951
59,10,Melanitta nigra,17889
59,10,Falco peregrinus,17594
59,10,Motacilla flava,17166
59,10,Calidris pugnax,16920
59,10,Saxicola rubetra,16533
59,10,Anthus petrosus,15846
59,10,Strix aluco,15768
59,10,Turdus viscivorus,15758
59,10,Dryobates minor,15647
59,10,Muscicapa striata,14992
59,10,Scolopax rusticola,14060
59,10,Luscinia luscinia,13977
59,10,Lanius collurio,13625
59,10,Gavia stellata,13460
59,10,Lanius excubitor,13345
59,10,Phoenicurus phoenicurus,12973
59,10,Anas acuta,12954
59,10,Aegithalos caudatus,12698
59,10,Nucifraga caryocatactes,12552
59,10,Lophophanes cristatus,12520
59,10,Charadrius dubius,12447
59,10,Pluvialis apricaria,12308
59,10,Streptopelia decaocto,12167
59,10,Hippolais icterina,12026
59,10,Phasianus colchicus,11689
59,10,Podiceps auritus,11588
59,10,Alca torda,11418
59,10,Rallus aquaticus,11267
59,10,Riparia riparia,11135
59,10,Falco subbuteo,9794
59,10,Gavia arctica,9785
59,10,Cinclus cinclus,9293
59,10,Cuculus canorus,9226
59,10,Haliaeetus albicilla,9052
59,10,Limosa lapponica,8646
59,10,Tachybaptus ruficollis,8628
59,10,Spatula clypeata,8446
59,10,Corvus frugilegus,8427
59,10,Caprimulgus europaeus,8309
59,10,Phylloscopus sibillatrix,8260
59,10,Jynx torquilla,7854
59,10,Linaria flavirostris,7847
59,10,Numenius phaeopus,7383
59,10,Aythya marila,7238
59,10,Rissa tridactyla,6813
59,10,Cepphus grylle,6577
59,10,Panurus biarmicus,6455
59,10,Pernis apivorus,6333
59,10,Tringa erythropus,6232
59,10,Falco columbarius,6063
59,10,Buteo lagopus,6028
59,10,Mergellus albellus,5905
59,10,Carpodacus erythrinus,5836
59,10,Turdus torquatus,5671
59,10,Phalacrocorax aristotelis,5395
59,10,Aythya ferina,5216
59,10,Calidris canutus,5132
59,10,Circus cyaneus,4925
59,10,Clangula hyemalis,4871
59,10,Mareca strepera,4757
59,10,Morus bassanus,4700
59,10,Pluvialis squatarola,4667
59,10,Acrocephalus schoenobaenus,4635
59,10,Plectrophenax nivalis,4479
59,10,Spatula querquedula,4468
59,10,Calidris temminckii,4359
59,10,Coturnix coturnix,4269
59,10,Alle alle,4113
59,10,Luscinia svecica,4040
59,10,Lullula arborea,3934
59,10,Lyrurus tetrix,3672
59,10,Anser albifrons,3649
59,10,Calidris minuta,3635
59,10,Limosa limosa,3572
59,10,Alcedo atthis,3367
59,10,Crex crex,3307
59,10,Asio otus,3270
59,10,Glaucidium passerinum,3238
59,10,Pinicola enucleator,3045
59,10,Hydrocoloeus minutus,2958
59,10,Loxia pytyopsittacus,2909
59,10,Fulmarus glacialis,2850
59,10,Sterna paradisaea,2810
59,10,Asio flammeus,2791
59,10,Calidris maritima,2726
59,10,Lymnocryptes minimus,2689
59,10,Calidris ferruginea,2642
59,10,Anser fabalis,2559
59,10,Calcarius lapponicus,2488
59,10,Surnia ulula,2473
59,10,Tetrao urogallus,2262
59,10,Picoides tridactylus,2051
59,10,Arenaria interpres,2050
59,10,Ardea alba,1935
59,10,Tetrastes bonasia,1719
59,10,Branta bernicla,1676
59,10,Stercorarius parasiticus,1627
59,10,Locustella naevia,1525
59,10,Anser indicus,1508
59,10,Picus canus,1446
59,10,Phoenicurus ochruros,1347
59,10,Acrocephalus dumetorum,1319
59,10,Calidris falcinellus,1312
59,10,Podiceps grisegena,1278
59,10,Porzana porzana,1276
59,10,Aix galericulata,1266
59,10,Stercorarius skua,1264
59,10,Aegolius funereus,1227
59,10,Anthus cervinus,1221
59,10,Calidris alba,1207
59,10,Saxicola rubicola,1197
59,10,Acanthis hornemanni,1100
59,10,Thalasseus sandvicensis,1049
59,10,Gallinago media,976
59,10,Tadorna ferruginea,942
59,10,Milvus milvus,934
59,10,Anser caerulescens,931
59,10,Fratercula arctica,916
59,10,Corvus corone,878
59,10,Cygnus columbianus,867
59,10,Larus hyperboreus,851
59,10,Charadrius morinellus,849
59,10,Stercorarius pomarinus,819
59,10,Loxia leucoptera,770
59,10,Egretta garzetta,766
59,10,Eremophila alpestris,738
59,10,Locustella fluviatilis,733
59,10,Acrocephalus arundinaceus,709
59,10,Anser serrirostris,701
59,10,Aquila chrysaetos,620
59,10,Ficedula parva,589
59,10,Hydroprogne caspia,578
59,10,Botaurus stellaris,556
59,10,Gavia immer,519
59,10,Larus glaucoides,516
59,10,Somateria spectabilis,500
59,10,Ciconia ciconia,489
59,10,Chlidonias niger,450
59,10,Branta ruficollis,445
59,10,Perdix perdix,442
59,10,Ichthyaetus melanocephalus,431
59,10,Sylvia nisoria,429
59,10,Phalaropus lobatus,405
59,10,Anas carolinensis,388
59,10,Upupa epops,388
59,10,Serinus serinus,376
59,10,Sternula albifrons,360
59,10,Falco vespertinus,359
59,10,Aythya collaris,326
59,10,Puffinus puffinus,324
59,10,Recurvirostra avosetta,317
59,10,Dendrocopos leucotos,298
59,10,Platalea leucorodia,275
59,10,Stercorarius longicaudus,268
59,10,Emberiza hortulana,264
59,10,Regulus ignicapilla,264
59,10,Strix nebulosa,261
59,10,Circus macrourus,256
59,10,Streptopelia turtur,250
59,10,Falco rusticolus,248
59,10,Rhodostethia rosea,239
59,10,Anthus spinoletta,239
59,10,Gavia adamsii,227
59,10,Netta rufina,223
59,10,Locustella luscinioides,220
59,10,Oriolus oriolus,219
59,10,Porzana parva,211
59,10,Larus cachinnans,210
59,10,Anthus richardi,210
59,10,Alopochen aegyptiaca,206
59,10,Xema sabini,203
59,10,Phylloscopus inornatus,193
59,10,Porzana carolina,190
59,10,Polysticta stelleri,189
59,10,Remiz pendulinus,184
59,10,Aythya nyroca,183
59,10,Puffinus griseus,169
59,10,Phalaropus fulicarius,167
59,10,Calidris melanotos,166
59,10,Bucanetes githagineus,152
59,10,Luscinia megarhynchos,150
59,10,Mareca americana,149
59,10,Melanitta perspicillata,144
59,10,Circus pygargus,134
59,10,Milvus migrans,133
59,10,Podiceps nigricollis,132
59,10,Lanius senator,130
59,10,Cairina moschata,128
59,10,Chlidonias leucopterus,123
59,10,Motacilla citreola,123
59,10,Charadrius alexandrinus,114
59,10,Actitis macularius,111
59,10,Pastor roseus,110
59,10,Spatula discors,106
59,10,Turdus atrogularis,105
59,10,Xenus cinereus,104
59,10,Phylloscopus humei,103
59,10,Ichthyaetus ichthyaetus,99
59,10,Limnodromus scolopaceus,95
59,10,Merops apiaster,86
59,10,Lanius cristatus,86
59,10,Phylloscopus trochiloides,86
59,10,Oenanthe deserti,84
59,10,Coracias garrulus,83
59,10,Tringa flavipes,78
59,10,Bubo bubo,78
59,10,Burhinus oedicnemus,76
59,10,Lanius minor,76
59,10,Lagopus muta,76
59,10,Uria lomvia,74
59,10,Oceanodroma leucorhoa,72
59,10,Strix uralensis,70
59,10,Cygnus atratus,70
59,10,Psittacula krameri,67
59,10,Lagopus lagopus,62
59,10,Phylloscopus proregulus,62
59,10,Saxicola maurus,62
59,10,Aix sponsa,60
59,10,Lanius phoenicuroides,60
59,10,Anser erythropus,59
59,10,Anthus rubescens,58
59,10,Tarsiger cyanurus,54
59,10,Larus delawarensis,53
59,10,Galerida cristata,53
59,10,Emberiza pusilla,53
59,10,Bucephala albeola,51
59,10,Bubulcus ibis,50
59,10,Hydrobates pelagicus,49
59,10,Emberiza leucocephalos,48
59,10,Sibirionetta formosa,48
59,10,Gelochelidon nilotica,46
59,10,Tachymarptis melba,43
59,10,Emberiza calandra,43
59,10,Nycticorax nycticorax,38
59,10,Anser rossii,33
59,10,Apus pallidus,33
59,10,Leucophaeus pipixcan,31
59,10,Larus michahellis,28
59,10,Calandrella brachydactyla,26
59,10,Bubo scandiacus,26
59,10,Calonectris diomedea,25
59,10,Calidris fuscicollis,24
59,10,Poecile cinctus,21
59,10,Oxyura jamaicensis,21
59,10,Pelecanus crispus,20
59,10,Tringa stagnatilis,19
59,10,Lanius isabellinus,19
59,10,Lophodytes cucullatus,19
59,10,Ciconia nigra,16
59,10,Anthus hodgsoni,14
59,10,Puffinus mauretanicus,13
59,10,Alectoris chukar,12
59,10,Perisoreus infaustus,12
59,10,Emberiza rustica,12
59,10,Oenanthe isabellina,12
59,10,Syrrhaptes paradoxus,10
59,10,Cecropis daurica,10
59,10,Ardea purpurea,9
59,10,Phylloscopus fuscatus,9
59,10,Motacilla tschutschensis,8
59,10,Tyto alba,8
59,10,Curruca cantillans,8
59,10,Curruca iberiae,7
59,10,Circaetus gallicus,7
59,10,Chrysolophus pictus,7
59,10,Calidris subruficollis,7
59,10,Nymphicus hollandicus,6
59,10,Streptopelia orientalis,6
59,10,Phoenicopterus roseus,6
59,10,Puffinus gravis,6
59,10,Ficedula albicollis,6
59,10,Curruca melanocephala,6
59,10,Pluvialis fulva,5
59,10,Ixobrychus minutus,5
59,10,Phoenicopterus chilensis,5
59,10,Thalassarche melanophris,5
59,10,Melospiza melodia,5
59,10,Oenanthe pleschanka,5
59,12,Cyanistes caeruleus,262
59,12,Parus major,253
59,12,Emberiza citrinella,171
59,12,Dendrocopos major,164
59,12,Pyrrhula pyrrhula,164
59,12,Fringilla coelebs,141
59,12,Sitta europaea,136
59,12,Pica pica,136
59,12,Poecile palustris,131
59,12,Erithacus rubecula,125
59,12,Columba palumbus,124
59,12,Spinus spinus,124
59,12,Chloris chloris,115
59,12,Turdus merula,111
59,12,Corvus cornix,108
59,12,Garrulus glandarius,104
59,12,Periparus ater,102
59,12,Passer montanus,98
59,12,Poecile montanus,96
59,12,Phylloscopus trochilus,94
59,12,Cygnus cygnus,86
59,12,Larus canus,86
59,12,Troglodytes troglodytes,84
59,12,Anas platyrhynchos,84
59,12,Grus grus,83
59,12,Dryocopus martius,77
59,12,Motacilla alba,77
59,12,Regulus regulus,74
59,12,Coloeus monedula,74
59,12,Gavia stellata,73
59,12,Turdus pilaris,72
59,12,Prunella modularis,67
59,12,Turdus philomelos,67
59,12,Corvus corax,66
59,12,Sylvia atricapilla,64
59,12,Turdus iliacus,63
59,12,Podiceps cristatus,61
59,12,Motacilla cinerea,61
59,12,Bucephala clangula,60
59,12,Hirundo rustica,56
59,12,Vanellus vanellus,53
59,12,Gavia arctica,45
59,12,Fringilla montifringilla,44
59,12,Lophophanes cristatus,43
59,12,Sylvia borin,43
59,12,Picus viridis,42
59,12,Branta canadensis,42
59,12,Saxicola rubetra,41
59,12,Buteo buteo,40
59,12,Emberiza schoeniclus,40
59,12,Ficedula hypoleuca,40
59,12,Anthus trivialis,39
59,12,Certhia familiaris,37
59,12,Apus apus,37
59,12,Turdus viscivorus,36
59,12,Acanthis flammea,36
59,12,Phylloscopus collybita,35
59,12,Tringa ochropus,30
59,12,Aegithalos caudatus,28
59,12,Scolopax rusticola,26
59,12,Anser anser,26
59,12,Numenius arquata,25
59,12,Anthus pratensis,25
59,12,Loxia curvirostra,25
59,12,Sturnus vulgaris,24
59,12,Aegolius funereus,22
59,12,Acrocephalus scirpaceus,20
59,12,Cuculus canorus,20
59,12,Chroicocephalus ridibundus,20
59,12,Accipiter nisus,19
59,12,Muscicapa striata,19
59,12,Strix aluco,19
59,12,Lyrurus tetrix,17
59,12,Actitis hypoleucos,17
59,12,Hippolais icterina,17
59,12,Sterna hirundo,17
59,12,Lanius collurio,16
59,12,Motacilla flava,16
59,12,Ardea cinerea,16
59,12,Bombycilla garrulus,15
59,12,Alauda arvensis,15
59,12,Anas crecca,15
59,12,Mergus merganser,15
59,12,Sylvia communis,14
59,12,Falco tinnunculus,14
59,12,Gallinago gallinago,13
59,12,Sylvia curruca,13
59,12,Streptopelia decaocto,13
59,12,Jynx torquilla,13
59,12,Columba livia,12
59,12,Glaucidium passerinum,12
59,12,Lanius excubitor,12
59,12,Pernis apivorus,11
59,12,Falco subbuteo,10
59,12,Delichon urbicum,10
59,12,Asio otus,10
59,12,Dryobates minor,10
59,12,Accipiter gentilis,9
59,12,Cinclus cinclus,9
59,12,Oenanthe oenanthe,9
59,12,Picus canus,8
59,12,Larus argentatus,8
59,12,Acrocephalus palustris,8
59,12,Surnia ulula,8
59,12,Passer domesticus,8
59,12,Carduelis carduelis,7
59,12,Phoenicurus phoenicurus,7
59,12,Circus aeruginosus,6
59,12,Riparia riparia,6
59,12,Aythya fuligula,6
59,12,Pluvialis apricaria,5
59,12,Coccothraustes coccothraustes,5
60,2,Larus marinus,237
60,2,Morus bassanus,171
60,2,Fulmarus glacialis,158
60,2,Rissa tridactyla,132
60,2,Larus argentatus,130
60,2,Stercorarius skua,90
60,2,Larus fuscus,58
60,2,Larus canus,58
60,2,Turdus iliacus,29
60,2,Larus hyperboreus,26
60,2,Chroicocephalus ridibundus,24
60,2,Erithacus rubecula,23
60,2,Oenanthe oenanthe,23
60,2,Anthus pratensis,20
60,2,Sturnus vulgaris,17
60,2,Falco tinnunculus,16
60,2,Motacilla alba,15
60,2,Turdus merula,14
60,2,Turdus philomelos,14
60,2,Fringilla coelebs,13
60,2,Turdus pilaris,12
60,2,Sylvia atricapilla,12
60,2,Phylloscopus collybita,12
60,2,Corvus corone,12
60,2,Hirundo rustica,12
60,2,Ardea cinerea,12
60,2,Fringilla montifringilla,11
60,2,Larus glaucoides,10
60,2,Uria aalge,10
60,2,Phalacrocorax carbo,10
60,2,Regulus regulus,10
60,2,Somateria mollissima,10
60,2,Columba palumbus,9
60,2,Alca torda,9
60,2,Calidris alpina,8
60,2,Phylloscopus trochilus,8
60,2,Asio flammeus,8
60,2,Hydrobates pelagicus,8
60,2,Accipiter nisus,7
60,2,Stercorarius pomarinus,7
60,2,Scolopax rusticola,7
60,2,Phoenicurus phoenicurus,7
60,2,Pluvialis apricaria,6
60,2,Stercorarius parasiticus,6
60,2,Melanitta fusca,6
60,2,Haematopus ostralegus,6
60,2,Calidris maritima,5
60,2,Delichon urbicum,5
60,2,Troglodytes troglodytes,5
60,2,Puffinus griseus,5
60,4,Turdus merula,48284
60,4,Anas platyrhynchos,39161
60,4,Parus major,38283
60,4,Corvus cornix,37257
60,4,Erithacus rubecula,35199
60,4,Larus argentatus,35056
60,4,Pica pica,31667
60,4,Larus canus,30272
60,4,Cyanistes caeruleus,29753
60,4,Fringilla coelebs,26232
60,4,Sturnus vulgaris,25144
60,4,Chloris chloris,24854
60,4,Columba palumbus,24406
60,4,Ardea cinerea,24357
60,4,Troglodytes troglodytes,23977
60,4,Passer domesticus,22392
60,4,Phalacrocorax carbo,22192
60,4,Larus marinus,21801
60,4,Mergus serrator,21337
60,4,Aythya fuligula,20648
60,4,Motacilla alba,19207
60,4,Somateria mollissima,18981
60,4,Turdus pilaris,18067
60,4,Anser anser,18048
60,4,Bucephala clangula,17647
60,4,Turdus iliacus,16998
60,4,Anthus pratensis,16921
60,4,Sitta europaea,16867
60,4,Haematopus ostralegus,16681
60,4,Hirundo rustica,14824
60,4,Corvus corax,14793
60,4,Spinus spinus,14772
60,4,Cygnus olor,14433
60,4,Haliaeetus albicilla,14316
60,4,Phylloscopus trochilus,14022
60,4,Phylloscopus collybita,13817
60,4,Larus fuscus,13624
60,4,Periparus ater,13223
60,4,Vanellus vanellus,13075
60,4,Turdus philomelos,12613
60,4,Regulus regulus,11100
60,4,Mareca penelope,11011
60,4,Cygnus cygnus,10830
60,4,Pyrrhula pyrrhula,10715
60,4,Gallinago gallinago,10270
60,4,Acanthis flammea,10254
60,4,Sylvia atricapilla,9991
60,4,Poecile montanus,9679
60,4,Fulica atra,9125
60,4,Fringilla montifringilla,8812
60,4,Numenius arquata,8739
60,4,Anthus petrosus,8344
60,4,Anas crecca,8296
60,4,Dendrocopos major,7615
60,4,Streptopelia decaocto,7392
60,4,Oenanthe oenanthe,7277
60,4,Prunella modularis,6997
60,4,Accipiter nisus,6845
60,4,Melanitta nigra,6826
60,4,Clangula hyemalis,6727
60,4,Coloeus monedula,6506
60,4,Charadrius hiaticula,6473
60,4,Melanitta fusca,6364
60,4,Pluvialis apricaria,6345
60,4,Phalacrocorax aristotelis,6337
60,4,Alauda arvensis,6304
60,4,Linaria cannabina,6223
60,4,Branta canadensis,6193
60,4,Tringa totanus,5884
60,4,Garrulus glandarius,5640
60,4,Chroicocephalus ridibundus,5504
60,4,Actitis hypoleucos,5496
60,4,Lophophanes cristatus,5192
60,4,Morus bassanus,4765
60,4,Strix aluco,4655
60,4,Emberiza citrinella,4629
60,4,Calidris alpina,4476
60,4,Mergus merganser,4442
60,4,Sylvia communis,4131
60,4,Loxia curvirostra,4061
60,4,Aegithalos caudatus,4014
60,4,Poecile palustris,4012
60,4,Columba livia,3899
60,4,Linaria flavirostris,3764
60,4,Cuculus canorus,3700
60,4,Gavia stellata,3659
60,4,Cinclus cinclus,3609
60,4,Apus apus,3462
60,4,Carduelis carduelis,3437
60,4,Sterna hirundo,3362
60,4,Falco peregrinus,3355
60,4,Scolopax rusticola,3340
60,4,Saxicola rubetra,3293
60,4,Emberiza schoeniclus,2991
60,4,Certhia familiaris,2990
60,4,Passer montanus,2988
60,4,Calidris pugnax,2843
60,4,Coccothraustes coccothraustes,2837
60,4,Ficedula hypoleuca,2816
60,4,Tadorna tadorna,2720
60,4,Gallinula chloropus,2593
60,4,Motacilla cinerea,2551
60,4,Uria aalge,2500
60,4,Delichon urbicum,2426
60,4,Anthus trivialis,2377
60,4,Acrocephalus schoenobaenus,2372
60,4,Picus viridis,2154
60,4,Gavia immer,2102
60,4,Riparia riparia,2101
60,4,Limosa lapponica,2049
60,4,Buteo buteo,2025
60,4,Accipiter gentilis,1959
60,4,Nucifraga caryocatactes,1947
60,4,Calidris maritima,1917
60,4,Rallus aquaticus,1862
60,4,Muscicapa striata,1811
60,4,Podiceps auritus,1807
60,4,Picus canus,1806
60,4,Bombycilla garrulus,1762
60,4,Aythya marila,1760
60,4,Anser brachyrhynchus,1748
60,4,Alca torda,1693
60,4,Cepphus grylle,1688
60,4,Rissa tridactyla,1685
60,4,Branta leucopsis,1609
60,4,Falco tinnunculus,1601
60,4,Sterna paradisaea,1570
60,4,Dryobates minor,1495
60,4,Lyrurus tetrix,1452
60,4,Anser albifrons,1397
60,4,Tringa nebularia,1318
60,4,Sylvia borin,1302
60,4,Sylvia curruca,1289
60,4,Alle alle,1286
60,4,Turdus torquatus,1285
60,4,Tachybaptus ruficollis,1272
60,4,Plectrophenax nivalis,1255
60,4,Anas acuta,1237
60,4,Pluvialis squatarola,1185
60,4,Numenius phaeopus,1182
60,4,Loxia pytyopsittacus,1177
60,4,Arenaria interpres,1141
60,4,Hippolais icterina,1038
60,4,Calidris minuta,1026
60,4,Dendrocopos leucotos,1008
60,4,Podiceps grisegena,1008
60,4,Calidris canutus,998
60,4,Motacilla flava,965
60,4,Somateria spectabilis,934
60,4,Corvus frugilegus,932
60,4,Mergellus albellus,919
60,4,Larus glaucoides,900
60,4,Locustella naevia,869
60,4,Lanius excubitor,861
60,4,Mareca strepera,847
60,4,Falco columbarius,838
60,4,Saxicola rubicola,807
60,4,Phylloscopus inornatus,804
60,4,Gavia arctica,789
60,4,Limosa limosa,781
60,4,Larus hyperboreus,769
60,4,Stercorarius parasiticus,762
60,4,Lymnocryptes minimus,762
60,4,Corvus corone,729
60,4,Fratercula arctica,709
60,4,Calidris ferruginea,707
60,4,Phoenicurus phoenicurus,684
60,4,Buteo lagopus,671
60,4,Surnia ulula,662
60,4,Spatula clypeata,658
60,4,Gavia adamsii,650
60,4,Tringa ochropus,562
60,4,Calcarius lapponicus,551
60,4,Loxia leucoptera,548
60,4,Stercorarius skua,542
60,4,Jynx torquilla,519
60,4,Calidris alba,509
60,4,Turdus viscivorus,487
60,4,Tringa glareola,474
60,4,Branta bernicla,472
60,4,Fulmarus glacialis,462
60,4,Anser fabalis,442
60,4,Aix galericulata,420
60,4,Larus delawarensis,417
60,4,Aquila chrysaetos,370
60,4,Crex crex,352
60,4,Aythya ferina,303
60,4,Tringa erythropus,299
60,4,Grus grus,298
60,4,Lagopus muta,291
60,4,Podiceps cristatus,281
60,4,Anser serrirostris,238
60,4,Anthus richardi,234
60,4,Calidris temminckii,214
60,4,Ardea alba,212
60,4,Asio flammeus,202
60,4,Phylloscopus sibillatrix,202
60,4,Streptopelia orientalis,188
60,4,Tetrao urogallus,164
60,4,Lagopus lagopus,146
60,4,Pastor roseus,145
60,4,Alcedo atthis,144
60,4,Lanius collurio,141
60,4,Circus cyaneus,139
60,4,Hydrobates pelagicus,135
60,4,Phoenicurus ochruros,134
60,4,Stercorarius pomarinus,130
60,4,Coturnix coturnix,129
60,4,Puffinus puffinus,128
60,4,Porzana porzana,125
60,4,Charadrius morinellus,124
60,4,Larus cachinnans,122
60,4,Larus michahellis,122
60,4,Acrocephalus dumetorum,119
60,4,Streptopelia turtur,117
60,4,Carpodacus erythrinus,108
60,4,Egretta garzetta,104
60,4,Calidris melanotos,104
60,4,Puffinus griseus,104
60,4,Emberiza pusilla,103
60,4,Pinicola enucleator,103
60,4,Motacilla citreola,98
60,4,Sylvia nisoria,98
60,4,Acrocephalus palustris,98
60,4,Bubo bubo,96
60,4,Pandion haliaetus,93
60,4,Asio otus,92
60,4,Spatula querquedula,91
60,4,Upupa epops,88
60,4,Regulus ignicapilla,84
60,4,Acrocephalus arundinaceus,82
60,4,Columba oenas,81
60,4,Aythya collaris,76
60,4,Anser indicus,75
60,4,Luscinia svecica,72
60,4,Charadrius dubius,68
60,4,Muscicapa sibirica,66
60,4,Calidris subruficollis,61
60,4,Ciconia ciconia,59
60,4,Ichthyaetus melanocephalus,53
60,4,Merops apiaster,52
60,4,Circus aeruginosus,49
60,4,Falco rusticolus,49
60,4,Calandrella brachydactyla,47
60,4,Acanthis hornemanni,47
60,4,Ficedula parva,45
60,4,Bucanetes githagineus,45
60,4,Pluvialis dominica,43
60,4,Turdus atrogularis,43
60,4,Acrocephalus scirpaceus,40
60,4,Picoides tridactylus,39
60,4,Stercorarius longicaudus,39
60,4,Anthus cervinus,38
60,4,Hydrocoloeus minutus,38
60,4,Lullula arborea,36
60,4,Luscinia luscinia,36
60,4,Calidris falcinellus,36
60,4,Locustella fluviatilis,35
60,4,Cairina moschata,35
60,4,Oceanodroma leucorhoa,33
60,4,Lanius senator,33
60,4,Motacilla tschutschensis,30
60,4,Tringa flavipes,28
60,4,Ficedula albicollis,28
60,4,Lophodytes cucullatus,27
60,4,Eremophila alpestris,27
60,4,Phasianus colchicus,26
60,4,Anas carolinensis,25
60,4,Emberiza melanocephala,25
60,4,Anthus rubescens,23
60,4,Tadorna ferruginea,23
60,4,Anthus hodgsoni,22
60,4,Glaucidium passerinum,22
60,4,Phylloscopus humei,22
60,4,Pluvialis fulva,21
60,4,Plegadis falcinellus,21
60,4,Phylloscopus fuscatus,21
60,4,Aegolius funereus,21
60,4,Emberiza hortulana,20
60,4,Thalasseus sandvicensis,19
60,4,Mareca americana,19
60,4,Anser caerulescens,18
60,4,Circus macrourus,17
60,4,Falco vespertinus,17
60,4,Phalaropus lobatus,16
60,4,Phylloscopus proregulus,15
60,4,Panurus biarmicus,15
60,4,Ptyonoprogne rupestris,15
60,4,Gallinago media,12
60,4,Geothlypis trichas,12
60,4,Curruca cantillans,12
60,4,Phylloscopus trochiloides,11
60,4,Luscinia megarhynchos,11
60,4,Pernis apivorus,10
60,4,Melanitta perspicillata,10
60,4,Botaurus stellaris,9
60,4,Cygnus columbianus,9
60,4,Prunella montanella,8
60,4,Falco subbuteo,7
60,4,Lanius isabellinus,7
60,4,Saxicola maurus,7
60,4,Caprimulgus europaeus,7
60,4,Phylloscopus schwarzi,6
60,4,Aythya affinis,6
60,4,Milvus milvus,6
60,4,Chlidonias niger,5
60,4,Acrocephalus agricola,5
60,4,Locustella luscinioides,5
60,4,Cygnus atratus,5
60,4,Phalaropus fulicarius,5
60,6,Parus major,11231
60,6,Anas platyrhynchos,8590
60,6,Fringilla coelebs,8335
60,6,Pica pica,8093
60,6,Turdus merula,8013
60,6,Corvus cornix,7962
60,6,Larus canus,7759
60,6,Motacilla alba,7660
60,6,Cyanistes caeruleus,7471
60,6,Turdus pilaris,6771
60,6,Anthus pratensis,6490
60,6,Erithacus rubecula,6158
60,6,Passer domesticus,5793
60,6,Bucephala clangula,5398
60,6,Chloris chloris,5192
60,6,Phylloscopus trochilus,4974
60,6,Corvus corax,4936
60,6,Larus argentatus,4625
60,6,Spinus spinus,4579
60,6,Troglodytes troglodytes,4063
60,6,Actitis hypoleucos,3968
60,6,Oenanthe oenanthe,3902
60,6,Anas crecca,3871
60,6,Cinclus cinclus,3734
60,6,Sitta europaea,3722
60,6,Turdus iliacus,3698
60,6,Mergus serrator,3190
60,6,Pyrrhula pyrrhula,3109
60,6,Tringa totanus,3085
60,6,Poecile montanus,3053
60,6,Turdus philomelos,2954
60,6,Pluvialis apricaria,2919
60,6,Acanthis flammea,2914
60,6,Mergus merganser,2887
60,6,Phalacrocorax carbo,2794
60,6,Hirundo rustica,2616
60,6,Cygnus cygnus,2554
60,6,Delichon urbicum,2458
60,6,Picus viridis,2451
60,6,Phylloscopus collybita,2443
60,6,Prunella modularis,2436
60,6,Ardea cinerea,2252
60,6,Emberiza schoeniclus,2225
60,6,Aythya fuligula,2222
60,6,Poecile palustris,2206
60,6,Turdus torquatus,2196
60,6,Haematopus ostralegus,2183
60,6,Branta canadensis,2118
60,6,Vanellus vanellus,2079
60,6,Fringilla montifringilla,2048
60,6,Sturnus vulgaris,1940
60,6,Gallinago gallinago,1914
60,6,Sylvia atricapilla,1876
60,6,Luscinia svecica,1848
60,6,Columba palumbus,1780
60,6,Larus fuscus,1704
60,6,Falco tinnunculus,1576
60,6,Motacilla cinerea,1508
60,6,Eremophila alpestris,1497
60,6,Saxicola rubetra,1487
60,6,Ficedula hypoleuca,1427
60,6,Calidris alpina,1406
60,6,Linaria flavirostris,1380
60,6,Accipiter nisus,1352
60,6,Charadrius hiaticula,1324
60,6,Dendrocopos major,1315
60,6,Cygnus olor,1282
60,6,Larus marinus,1281
60,6,Lagopus lagopus,1253
60,6,Haliaeetus albicilla,1225
60,6,Cuculus canorus,1189
60,6,Regulus regulus,1183
60,6,Lagopus muta,1172
60,6,Muscicapa striata,1137
60,6,Mareca penelope,1136
60,6,Motacilla flava,1131
60,6,Anser anser,1108
60,6,Buteo lagopus,1092
60,6,Periparus ater,1086
60,6,Riparia riparia,1079
60,6,Nucifraga caryocatactes,1054
60,6,Calcarius lapponicus,959
60,6,Emberiza citrinella,925
60,6,Garrulus glandarius,916
60,6,Aegithalos caudatus,838
60,6,Melanitta nigra,809
60,6,Chroicocephalus ridibundus,764
60,6,Gavia arctica,760
60,6,Numenius arquata,753
60,6,Anthus trivialis,753
60,6,Grus grus,728
60,6,Coccothraustes coccothraustes,726
60,6,Passer montanus,724
60,6,Charadrius morinellus,667
60,6,Bombycilla garrulus,652
60,6,Strix aluco,618
60,6,Aquila chrysaetos,591
60,6,Certhia familiaris,554
60,6,Hippolais icterina,550
60,6,Columba livia,533
60,6,Dendrocopos leucotos,532
60,6,Calidris temminckii,510
60,6,Plectrophenax nivalis,499
60,6,Aythya marila,487
60,6,Falco columbarius,454
60,6,Apus apus,442
60,6,Melanitta fusca,435
60,6,Carduelis carduelis,434
60,6,Surnia ulula,423
60,6,Accipiter gentilis,373
60,6,Phoenicurus phoenicurus,364
60,6,Aix galericulata,361
60,6,Tringa ochropus,328
60,6,Tringa nebularia,311
60,6,Coloeus monedula,299
60,6,Scolopax rusticola,286
60,6,Tringa glareola,286
60,6,Alauda arvensis,271
60,6,Clangula hyemalis,260
60,6,Sylvia borin,256
60,6,Turdus viscivorus,253
60,6,Falco peregrinus,217
60,6,Anser brachyrhynchus,209
60,6,Tachybaptus ruficollis,202
60,6,Phalaropus lobatus,196
60,6,Lyrurus tetrix,194
60,6,Gavia stellata,190
60,6,Sterna hirundo,186
60,6,Anas acuta,175
60,6,Calidris maritima,171
60,6,Dryobates minor,171
60,6,Loxia curvirostra,170
60,6,Picus canus,159
60,6,Lophophanes cristatus,156
60,6,Sylvia communis,146
60,6,Lymnocryptes minimus,143
60,6,Numenius phaeopus,124
60,6,Loxia pytyopsittacus,121
60,6,Gallinago media,120
60,6,Asio flammeus,118
60,6,Somateria mollissima,100
60,6,Lanius excubitor,98
60,6,Branta leucopsis,89
60,6,Tadorna tadorna,80
60,6,Sylvia curruca,78
60,6,Calidris pugnax,75
60,6,Stercorarius longicaudus,72
60,6,Sterna paradisaea,70
60,6,Jynx torquilla,69
60,6,Falco rusticolus,69
60,6,Spatula querquedula,67
60,6,Pandion haliaetus,64
60,6,Linaria cannabina,60
60,6,Coturnix coturnix,59
60,6,Buteo buteo,58
60,6,Corvus corone,58
60,6,Circus cyaneus,57
60,6,Phoenicurus ochruros,55
60,6,Cepphus grylle,52
60,6,Streptopelia decaocto,51
60,6,Anser albifrons,49
60,6,Tetrao urogallus,48
60,6,Glaucidium passerinum,48
60,6,Plegadis falcinellus,47
60,6,Fulica atra,46
60,6,Pinicola enucleator,45
60,6,Mareca strepera,45
60,6,Podiceps auritus,42
60,6,Anthus petrosus,40
60,6,Bubulcus ibis,39
60,6,Larus glaucoides,38
60,6,Charadrius dubius,38
60,6,Acrocephalus schoenobaenus,37
60,6,Emberiza leucocephalos,35
60,6,Corvus frugilegus,34
60,6,Spatula clypeata,34
60,6,Calidris minuta,32
60,6,Phylloscopus sibillatrix,32
60,6,Aegolius funereus,31
60,6,Carpodacus erythrinus,30
60,6,Limosa lapponica,29
60,6,Saxicola rubicola,28
60,6,Aythya ferina,26
60,6,Anas carolinensis,24
60,6,Mergellus albellus,24
60,6,Gallinula chloropus,24
60,6,Crex crex,22
60,6,Asio otus,21
60,6,Anser indicus,21
60,6,Upupa epops,20
60,6,Gavia immer,17
60,6,Ichthyaetus melanocephalus,17
60,6,Loxia leucoptera,16
60,6,Larus hyperboreus,15
60,6,Mareca americana,14
60,6,Lanius collurio,14
60,6,Uria aalge,13
60,6,Acrocephalus palustris,13
60,6,Locustella naevia,13
60,6,Acanthis hornemanni,13
60,6,Ardea alba,12
60,6,Dryocopus martius,11
60,6,Calidris canutus,11
60,6,Alle alle,10
60,6,Stercorarius parasiticus,10
60,6,Calidris ferruginea,10
60,6,Turdus atrogularis,10
60,6,Ciconia ciconia,9
60,6,Podiceps cristatus,9
60,6,Anser fabalis,9
60,6,Rallus aquaticus,8
60,6,Picoides tridactylus,8
60,6,Sylvia nisoria,8
60,6,Phylloscopus inornatus,8
60,6,Branta bernicla,8
60,6,Rissa tridactyla,7
60,6,Limosa limosa,7
60,6,Tringa erythropus,7
60,6,Hydrocoloeus minutus,7
60,6,Alcedo atthis,6
60,6,Arenaria interpres,6
60,6,Columba oenas,6
60,6,Circus aeruginosus,5
60,6,Egretta garzetta,5
60,6,Anser serrirostris,5
60,6,Calidris falcinellus,5
60,8,Parus major,7194
60,8,Turdus pilaris,6742
60,8,Bucephala clangula,6736
60,8,Anas platyrhynchos,6345
60,8,Poecile montanus,6143
60,8,Cygnus cygnus,6008
60,8,Pica pica,5667
60,8,Corvus cornix,5434
60,8,Motacilla alba,5187
60,8,Fringilla coelebs,5155
60,8,Pyrrhula pyrrhula,5129
60,8,Phylloscopus trochilus,4930
60,8,Chloris chloris,4662
60,8,Mergus merganser,4473
60,8,Corvus corax,4171
60,8,Anthus pratensis,4087
60,8,Spinus spinus,4081
60,8,Cyanistes caeruleus,4063
60,8,Grus grus,3917
60,8,Aythya fuligula,3831
60,8,Acanthis flammea,3720
60,8,Anas crecca,3643
60,8,Turdus merula,3642
60,8,Turdus iliacus,3449
60,8,Gavia arctica,3395
60,8,Sitta europaea,3360
60,8,Larus canus,3340
60,8,Dendrocopos major,3300
60,8,Falco tinnunculus,3103
60,8,Cinclus cinclus,3040
60,8,Columba palumbus,3027
60,8,Fringilla montifringilla,2877
60,8,Actitis hypoleucos,2854
60,8,Periparus ater,2809
60,8,Emberiza schoeniclus,2726
60,8,Erithacus rubecula,2684
60,8,Hirundo rustica,2674
60,8,Garrulus glandarius,2584
60,8,Branta canadensis,2577
60,8,Perisoreus infaustus,2523
60,8,Oenanthe oenanthe,2477
60,8,Tringa totanus,2469
60,8,Emberiza citrinella,2222
60,8,Turdus philomelos,2196
60,8,Passer montanus,2178
60,8,Lagopus lagopus,2122
60,8,Cuculus canorus,2100
60,8,Sturnus vulgaris,2018
60,8,Lyrurus tetrix,2015
60,8,Delichon urbicum,1915
60,8,Motacilla flava,1897
60,8,Tringa nebularia,1889
60,8,Luscinia svecica,1839
60,8,Ficedula hypoleuca,1829
60,8,Pluvialis apricaria,1774
60,8,Mareca penelope,1769
60,8,Prunella modularis,1759
60,8,Turdus torquatus,1670
60,8,Podiceps auritus,1573
60,8,Ardea cinerea,1541
60,8,Gallinago gallinago,1540
60,8,Vanellus vanellus,1505
60,8,Phoenicurus phoenicurus,1481
60,8,Surnia ulula,1466
60,8,Turdus viscivorus,1445
60,8,Tringa glareola,1400
60,8,Apus apus,1359
60,8,Lophophanes cristatus,1319
60,8,Loxia curvirostra,1298
60,8,Falco columbarius,1163
60,8,Accipiter nisus,1152
60,8,Buteo lagopus,1113
60,8,Regulus regulus,1064
60,8,Mergus serrator,1020
60,8,Phylloscopus collybita,1010
60,8,Picus canus,1008
60,8,Dryocopus martius,1001
60,8,Phalacrocorax carbo,965
60,8,Tetrao urogallus,945
60,8,Tringa ochropus,894
60,8,Troglodytes troglodytes,869
60,8,Motacilla cinerea,847
60,8,Passer domesticus,842
60,8,Chroicocephalus ridibundus,840
60,8,Melanitta fusca,830
60,8,Muscicapa striata,815
60,8,Picus viridis,810
60,8,Numenius arquata,801
60,8,Anthus trivialis,799
60,8,Sylvia atricapilla,778
60,8,Bombycilla garrulus,748
60,8,Saxicola rubetra,740
60,8,Anser anser,729
60,8,Gavia stellata,689
60,8,Coccothraustes coccothraustes,678
60,8,Scolopax rusticola,677
60,8,Melanitta nigra,668
60,8,Picoides tridactylus,655
60,8,Columba livia,649
60,8,Aegolius funereus,647
60,8,Certhia familiaris,629
60,8,Carduelis carduelis,603
60,8,Circus cyaneus,602
60,8,Lanius excubitor,594
60,8,Sylvia curruca,581
60,8,Larus argentatus,553
60,8,Aquila chrysaetos,542
60,8,Linaria flavirostris,490
60,8,Coloeus monedula,477
60,8,Dryobates minor,467
60,8,Streptopelia decaocto,464
60,8,Lagopus muta,460
60,8,Pandion haliaetus,448
60,8,Accipiter gentilis,434
60,8,Riparia riparia,411
60,8,Aegithalos caudatus,410
60,8,Buteo buteo,403
60,8,Asio flammeus,403
60,8,Sylvia borin,395
60,8,Aythya marila,385
60,8,Sterna paradisaea,383
60,8,Jynx torquilla,344
60,8,Tetrastes bonasia,330
60,8,Pinicola enucleator,322
60,8,Glaucidium passerinum,320
60,8,Anser brachyrhynchus,300
60,8,Plectrophenax nivalis,296
60,8,Phalaropus lobatus,287
60,8,Hippolais icterina,285
60,8,Haliaeetus albicilla,271
60,8,Anas acuta,263
60,8,Loxia leucoptera,251
60,8,Cygnus olor,249
60,8,Calidris alpina,238
60,8,Charadrius hiaticula,238
60,8,Loxia pytyopsittacus,237
60,8,Alauda arvensis,227
60,8,Numenius phaeopus,214
60,8,Haematopus ostralegus,209
60,8,Calcarius lapponicus,202
60,8,Carpodacus erythrinus,199
60,8,Nucifraga caryocatactes,195
60,8,Clangula hyemalis,190
60,8,Falco peregrinus,183
60,8,Lanius collurio,150
60,8,Anthus petrosus,144
60,8,Acanthis hornemanni,138
60,8,Larus fuscus,136
60,8,Gallinago media,135
60,8,Tachybaptus ruficollis,133
60,8,Strix aluco,129
60,8,Eremophila alpestris,126
60,8,Mergellus albellus,115
60,8,Falco rusticolus,106
60,8,Linaria cannabina,103
60,8,Charadrius morinellus,101
60,8,Coturnix coturnix,97
60,8,Asio otus,97
60,8,Corvus frugilegus,96
60,8,Sylvia communis,90
60,8,Calidris temminckii,87
60,8,Phylloscopus sibillatrix,79
60,8,Larus marinus,78
60,8,Calidris pugnax,75
60,8,Spatula clypeata,63
60,8,Crex crex,61
60,8,Tadorna tadorna,59
60,8,Branta leucopsis,55
60,8,Charadrius dubius,54
60,8,Corvus corone,54
60,8,Pernis apivorus,53
60,8,Anas carolinensis,50
60,8,Spatula querquedula,48
60,8,Phoenicurus ochruros,43
60,8,Fulica atra,41
60,8,Columba oenas,40
60,8,Anser serrirostris,38
60,8,Circus aeruginosus,37
60,8,Mareca strepera,37
60,8,Falco subbuteo,34
60,8,Aix galericulata,31
60,8,Lymnocryptes minimus,30
60,8,Saxicola rubicola,30
60,8,Upupa epops,28
60,8,Aythya ferina,25
60,8,Acrocephalus palustris,24
60,8,Sterna hirundo,24
60,8,Poecile palustris,22
60,8,Calandrella brachydactyla,22
60,8,Dendrocopos leucotos,18
60,8,Egretta garzetta,18
60,8,Rissa tridactyla,18
60,8,Stercorarius longicaudus,18
60,8,Anser indicus,18
60,8,Branta bernicla,18
60,8,Podiceps cristatus,16
60,8,Phylloscopus inornatus,16
60,8,Strix nebulosa,16
60,8,Ardea alba,15
60,8,Acrocephalus dumetorum,13
60,8,Ciconia ciconia,12
60,8,Limosa lapponica,10
60,8,Anser fabalis,10
60,8,Uria aalge,9
60,8,Calidris maritima,9
60,8,Spatula discors,9
60,8,Alcedo atthis,8
60,8,Locustella naevia,8
60,8,Streptopelia turtur,8
60,8,Alca torda,8
60,8,Circus macrourus,7
60,8,Limosa limosa,7
60,8,Somateria mollissima,7
60,8,Milvus milvus,7
60,8,Caprimulgus europaeus,7
60,8,Pluvialis squatarola,6
60,8,Tringa erythropus,6
60,8,Emberiza rustica,6
60,8,Acrocephalus schoenobaenus,6
60,8,Gallinula chloropus,6
60,8,Aegypius monachus,6
60,8,Pastor roseus,6
60,8,Calidris minuta,5
60,8,Lullula arborea,5
60,8,Anser albifrons,5
60,10,Anas platyrhynchos,41596
60,10,Bucephala clangula,37966
60,10,Parus major,31340
60,10,Cyanistes caeruleus,28928
60,10,Emberiza citrinella,25082
60,10,Turdus pilaris,24750
60,10,Corvus cornix,24016
60,10,Cygnus olor,23125
60,10,Fringilla coelebs,22985
60,10,Dendrocopos major,21958
60,10,Mergus merganser,21937
60,10,Columba palumbus,21570
60,10,Chloris chloris,21012
60,10,Pyrrhula pyrrhula,20957
60,10,Larus canus,20849
60,10,Pica pica,19951
60,10,Motacilla alba,19929
60,10,Turdus merula,19420
60,10,Cygnus cygnus,18881
60,10,Sitta europaea,18804
60,10,Branta canadensis,18482
60,10,Spinus spinus,18273
60,10,Erithacus rubecula,17327
60,10,Anas crecca,17196
60,10,Phalacrocorax carbo,15978
60,10,Vanellus vanellus,15690
60,10,Carduelis carduelis,15411
60,10,Coloeus monedula,15247
60,10,Phylloscopus trochilus,14752
60,10,Passer montanus,14690
60,10,Larus argentatus,14091
60,10,Turdus iliacus,13844
60,10,Grus grus,13353
60,10,Hirundo rustica,13205
60,10,Chroicocephalus ridibundus,12880
60,10,Anser anser,12802
60,10,Sturnus vulgaris,12783
60,10,Aythya fuligula,12430
60,10,Phylloscopus collybita,11614
60,10,Podiceps cristatus,11386
60,10,Poecile montanus,11100
60,10,Actitis hypoleucos,10992
60,10,Buteo buteo,10928
60,10,Mareca penelope,10917
60,10,Alauda arvensis,10712
60,10,Garrulus glandarius,10584
60,10,Periparus ater,10566
60,10,Anser brachyrhynchus,10303
60,10,Acanthis flammea,10101
60,10,Ardea cinerea,9505
60,10,Troglodytes troglodytes,9442
60,10,Turdus philomelos,9238
60,10,Sylvia atricapilla,9210
60,10,Emberiza schoeniclus,8871
60,10,Larus fuscus,8632
60,10,Apus apus,8545
60,10,Dryocopus martius,8538
60,10,Regulus regulus,8488
60,10,Accipiter nisus,8459
60,10,Tringa ochropus,8383
60,10,Corvus corax,8336
60,10,Fringilla montifringilla,8324
60,10,Gavia arctica,8282
60,10,Podiceps auritus,7745
60,10,Cinclus cinclus,7402
60,10,Tringa nebularia,7368
60,10,Anthus pratensis,7321
60,10,Fulica atra,7225
60,10,Prunella modularis,7002
60,10,Haematopus ostralegus,6949
60,10,Bombycilla garrulus,6923
60,10,Loxia curvirostra,6911
60,10,Motacilla cinerea,6303
60,10,Picus viridis,6182
60,10,Tringa glareola,5698
60,10,Gallinago gallinago,5685
60,10,Ficedula hypoleuca,5571
60,10,Nucifraga caryocatactes,5536
60,10,Sylvia borin,5513
60,10,Numenius arquata,5493
60,10,Mergus serrator,5493
60,10,Delichon urbicum,5390
60,10,Falco tinnunculus,5361
60,10,Turdus viscivorus,5231
60,10,Anthus trivialis,5148
60,10,Passer domesticus,5139
60,10,Certhia familiaris,5031
60,10,Saxicola rubetra,4771
60,10,Columba livia,4768
60,10,Lophophanes cristatus,4565
60,10,Accipiter gentilis,4555
60,10,Charadrius dubius,4498
60,10,Strix aluco,4462
60,10,Linaria cannabina,4446
60,10,Streptopelia decaocto,4266
60,10,Columba oenas,4235
60,10,Corvus frugilegus,4122
60,10,Gavia stellata,4079
60,10,Pandion haliaetus,3945
60,10,Sterna hirundo,3944
60,10,Sylvia curruca,3806
60,10,Oenanthe oenanthe,3737
60,10,Muscicapa striata,3735
60,10,Lyrurus tetrix,3714
60,10,Branta leucopsis,3703
60,10,Anas acuta,3646
60,10,Motacilla flava,3636
60,10,Calidris pugnax,3568
60,10,Tringa totanus,3469
60,10,Coccothraustes coccothraustes,3450
60,10,Sylvia communis,3318
60,10,Carpodacus erythrinus,3300
60,10,Falco subbuteo,3057
60,10,Larus marinus,3027
60,10,Scolopax rusticola,3018
60,10,Acrocephalus palustris,2966
60,10,Aegithalos caudatus,2953
60,10,Hippolais icterina,2877
60,10,Charadrius hiaticula,2877
60,10,Gallinula chloropus,2864
60,10,Calidris alpina,2657
60,10,Cuculus canorus,2649
60,10,Lanius collurio,2618
60,10,Phoenicurus phoenicurus,2595
60,10,Pluvialis apricaria,2575
60,10,Riparia riparia,2508
60,10,Aegolius funereus,2499
60,10,Falco peregrinus,2305
60,10,Lanius excubitor,2184
60,10,Falco columbarius,2159
60,10,Circus aeruginosus,2140
60,10,Dryobates minor,2137
60,10,Melanitta nigra,2042
60,10,Glaucidium passerinum,1967
60,10,Coturnix coturnix,1920
60,10,Numenius phaeopus,1899
60,10,Tetrao urogallus,1785
60,10,Buteo lagopus,1763
60,10,Spatula clypeata,1758
60,10,Uria aalge,1742
60,10,Linaria flavirostris,1687
60,10,Picus canus,1681
60,10,Jynx torquilla,1607
60,10,Anser fabalis,1521
60,10,Picoides tridactylus,1513
60,10,Turdus torquatus,1385
60,10,Pinicola enucleator,1379
60,10,Crex crex,1328
60,10,Tetrastes bonasia,1294
60,10,Phasianus colchicus,1283
60,10,Phylloscopus sibillatrix,1219
60,10,Calidris temminckii,1136
60,10,Pernis apivorus,1106
60,10,Mergellus albellus,1094
60,10,Tachybaptus ruficollis,1091
60,10,Loxia pytyopsittacus,1090
60,10,Acrocephalus scirpaceus,1073
60,10,Surnia ulula,1071
60,10,Circus cyaneus,1068
60,10,Mareca strepera,1064
60,10,Haliaeetus albicilla,1057
60,10,Asio otus,1013
60,10,Anser albifrons,971
60,10,Aythya marila,964
60,10,Acrocephalus schoenobaenus,938
60,10,Spatula querquedula,938
60,10,Tadorna tadorna,882
60,10,Plectrophenax nivalis,835
60,10,Lullula arborea,801
60,10,Luscinia svecica,704
60,10,Clangula hyemalis,652
60,10,Aythya ferina,553
60,10,Melanitta fusca,547
60,10,Rallus aquaticus,543
60,10,Anthus petrosus,517
60,10,Luscinia luscinia,501
60,10,Acrocephalus dumetorum,453
60,10,Anser indicus,438
60,10,Asio flammeus,430
60,10,Limosa lapponica,412
60,10,Anser serrirostris,401
60,10,Locustella naevia,395
60,10,Ardea alba,395
60,10,Locustella fluviatilis,388
60,10,Calcarius lapponicus,386
60,10,Tringa erythropus,371
60,10,Ciconia ciconia,306
60,10,Poecile palustris,303
60,10,Alcedo atthis,300
60,10,Porzana porzana,295
60,10,Loxia leucoptera,293
60,10,Pluvialis squatarola,289
60,10,Caprimulgus europaeus,289
60,10,Limosa limosa,287
60,10,Calidris minuta,280
60,10,Lymnocryptes minimus,275
60,10,Aix galericulata,275
60,10,Hydrocoloeus minutus,275
60,10,Perisoreus infaustus,271
60,10,Acanthis hornemanni,266
60,10,Gavia adamsii,249
60,10,Aquila chrysaetos,227
60,10,Cygnus columbianus,219
60,10,Emberiza hortulana,214
60,10,Sterna paradisaea,199
60,10,Anas carolinensis,195
60,10,Calidris ferruginea,191
60,10,Calidris canutus,180
60,10,Anser caerulescens,174
60,10,Branta bernicla,171
60,10,Arenaria interpres,166
60,10,Podiceps grisegena,161
60,10,Gavia immer,160
60,10,Strix nebulosa,158
60,10,Lagopus lagopus,151
60,10,Alca torda,146
60,10,Phoenicurus ochruros,128
60,10,Charadrius morinellus,127
60,10,Saxicola rubicola,127
60,10,Calidris falcinellus,120
60,10,Milvus milvus,111
60,10,Ichthyaetus melanocephalus,103
60,10,Podiceps nigricollis,98
60,10,Larus michahellis,98
60,10,Corvus corone,90
60,10,Larus hyperboreus,89
60,10,Gallinago media,89
60,10,Rissa tridactyla,85
60,10,Bubulcus ibis,82
60,10,Prunella montanella,82
60,10,Phylloscopus trochiloides,81
60,10,Somateria mollissima,81
60,10,Xema sabini,80
60,10,Hydroprogne caspia,76
60,10,Chlidonias niger,72
60,10,Mareca americana,71
60,10,Circus macrourus,67
60,10,Calidris alba,65
60,10,Regulus ignicapilla,64
60,10,Acrocephalus arundinaceus,62
60,10,Aythya collaris,59
60,10,Ficedula parva,57
60,10,Alle alle,53
60,10,Eremophila alpestris,53
60,10,Galerida cristata,51
60,10,Phylloscopus inornatus,49
60,10,Emberiza rustica,47
60,10,Upupa epops,46
60,10,Phalaropus lobatus,44
60,10,Netta rufina,41
60,10,Falco rusticolus,41
60,10,Tadorna ferruginea,32
60,10,Stercorarius skua,31
60,10,Calidris maritima,30
60,10,Emberiza elegans,30
60,10,Burhinus oedicnemus,29
60,10,Larus glaucoides,27
60,10,Tringa stagnatilis,27
60,10,Anthus cervinus,26
60,10,Chlidonias leucopterus,24
60,10,Stercorarius parasiticus,24
60,10,Serinus serinus,24
60,10,Perdix perdix,23
60,10,Uria lomvia,23
60,10,Oriolus oriolus,23
60,10,Calidris melanotos,19
60,10,Alopochen aegyptiaca,19
60,10,Pastor roseus,19
60,10,Sylvia nisoria,18
60,10,Egretta garzetta,17
60,10,Tringa flavipes,17
60,10,Milvus migrans,17
60,10,Phalaropus fulicarius,17
60,10,Saxicola maurus,16
60,10,Dendrocopos leucotos,14
60,10,Falco vespertinus,13
60,10,Stercorarius pomarinus,13
60,10,Cairina moschata,13
60,10,Anser erythropus,11
60,10,Bubo bubo,11
60,10,Streptopelia turtur,10
60,10,Strix uralensis,10
60,10,Somateria spectabilis,10
60,10,Ciconia nigra,9
60,10,Botaurus stellaris,8
60,10,Aegypius monachus,8
60,10,Merops apiaster,7
60,10,Xenus cinereus,6
60,10,Motacilla citreola,6
60,10,Emberiza pusilla,6
60,10,Panurus biarmicus,5
60,12,Parus major,3437
60,12,Cyanistes caeruleus,2863
60,12,Pica pica,2774
60,12,Anas platyrhynchos,2630
60,12,Emberiza citrinella,2473
60,12,Fringilla coelebs,2436
60,12,Pyrrhula pyrrhula,2349
60,12,Cygnus cygnus,2342
60,12,Sitta europaea,2133
60,12,Branta canadensis,1977
60,12,Spinus spinus,1888
60,12,Corvus cornix,1866
60,12,Dendrocopos major,1864
60,12,Coloeus monedula,1852
60,12,Chloris chloris,1822
60,12,Bucephala clangula,1771
60,12,Passer montanus,1755
60,12,Columba palumbus,1675
60,12,Motacilla alba,1648
60,12,Turdus pilaris,1498
60,12,Grus grus,1472
60,12,Vanellus vanellus,1433
60,12,Phylloscopus trochilus,1390
60,12,Turdus merula,1372
60,12,Erithacus rubecula,1370
60,12,Larus canus,1341
60,12,Anas crecca,1308
60,12,Columba livia,1249
60,12,Chroicocephalus ridibundus,1195
60,12,Hirundo rustica,1149
60,12,Garrulus glandarius,1129
60,12,Poecile montanus,1120
60,12,Gavia arctica,1079
60,12,Gavia stellata,1030
60,12,Turdus iliacus,969
60,12,Actitis hypoleucos,947
60,12,Mergus merganser,930
60,12,Sylvia atricapilla,872
60,12,Anthus pratensis,867
60,12,Ficedula hypoleuca,847
60,12,Lophophanes cristatus,838
60,12,Periparus ater,823
60,12,Regulus regulus,819
60,12,Fringilla montifringilla,813
60,12,Prunella modularis,795
60,12,Apus apus,790
60,12,Turdus philomelos,787
60,12,Acanthis flammea,786
60,12,Anthus trivialis,782
60,12,Emberiza schoeniclus,758
60,12,Scolopax rusticola,750
60,12,Turdus viscivorus,709
60,12,Dryocopus martius,698
60,12,Numenius arquata,694
60,12,Sterna hirundo,693
60,12,Anser anser,692
60,12,Sylvia borin,682
60,12,Saxicola rubetra,666
60,12,Aegolius funereus,665
60,12,Cuculus canorus,653
60,12,Corvus corax,652
60,12,Sturnus vulgaris,638
60,12,Streptopelia decaocto,613
60,12,Troglodytes troglodytes,591
60,12,Gallinago gallinago,590
60,12,Phylloscopus collybita,546
60,12,Loxia curvirostra,544
60,12,Larus argentatus,542
60,12,Aegithalos caudatus,542
60,12,Tringa ochropus,528
60,12,Certhia familiaris,516
60,12,Alauda arvensis,515
60,12,Ardea cinerea,510
60,12,Buteo buteo,503
60,12,Lyrurus tetrix,496
60,12,Cygnus olor,489
60,12,Mareca penelope,486
60,12,Motacilla flava,471
60,12,Tringa glareola,468
60,12,Tringa nebularia,463
60,12,Muscicapa striata,419
60,12,Delichon urbicum,405
60,12,Accipiter nisus,404
60,12,Falco tinnunculus,401
60,12,Bombycilla garrulus,387
60,12,Sylvia curruca,328
60,12,Phoenicurus phoenicurus,290
60,12,Aythya fuligula,276
60,12,Passer domesticus,267
60,12,Glaucidium passerinum,262
60,12,Phalacrocorax carbo,254
60,12,Cinclus cinclus,243
60,12,Tetrao urogallus,241
60,12,Picus viridis,225
60,12,Motacilla cinerea,208
60,12,Pandion haliaetus,198
60,12,Hippolais icterina,196
60,12,Anser brachyrhynchus,195
60,12,Pluvialis apricaria,185
60,12,Oenanthe oenanthe,173
60,12,Loxia pytyopsittacus,162
60,12,Sylvia communis,160
60,12,Strix aluco,157
60,12,Carduelis carduelis,155
60,12,Crex crex,149
60,12,Lanius collurio,145
60,12,Lanius excubitor,143
60,12,Charadrius dubius,140
60,12,Acrocephalus palustris,139
60,12,Asio otus,139
60,12,Accipiter gentilis,127
60,12,Riparia riparia,112
60,12,Surnia ulula,109
60,12,Charadrius hiaticula,108
60,12,Falco subbuteo,105
60,12,Mergus serrator,103
60,12,Acrocephalus schoenobaenus,101
60,12,Larus fuscus,98
60,12,Pernis apivorus,96
60,12,Caprimulgus europaeus,95
60,12,Nucifraga caryocatactes,91
60,12,Calidris pugnax,85
60,12,Carpodacus erythrinus,81
60,12,Dryobates minor,73
60,12,Calidris alpina,71
60,12,Jynx torquilla,70
60,12,Falco columbarius,70
60,12,Tetrastes bonasia,69
60,12,Coturnix coturnix,66
60,12,Numenius phaeopus,65
60,12,Anas acuta,63
60,12,Tringa totanus,62
60,12,Picoides tridactylus,60
60,12,Podiceps cristatus,56
60,12,Phasianus colchicus,55
60,12,Phylloscopus sibillatrix,53
60,12,Coccothraustes coccothraustes,52
60,12,Melanitta nigra,48
60,12,Circus aeruginosus,44
60,12,Picus canus,43
60,12,Acrocephalus dumetorum,43
60,12,Columba oenas,40
60,12,Haematopus ostralegus,39
60,12,Haliaeetus albicilla,37
60,12,Circus cyaneus,33
60,12,Turdus torquatus,33
60,12,Acanthis hornemanni,32
60,12,Spatula clypeata,32
60,12,Larus marinus,31
60,12,Linaria flavirostris,31
60,12,Buteo lagopus,29
60,12,Anser albifrons,29
60,12,Emberiza rustica,28
60,12,Plectrophenax nivalis,28
60,12,Linaria cannabina,27
60,12,Anser fabalis,25
60,12,Pinicola enucleator,24
60,12,Branta leucopsis,23
60,12,Calidris temminckii,22
60,12,Rallus aquaticus,20
60,12,Lullula arborea,19
60,12,Spatula querquedula,19
60,12,Falco peregrinus,16
60,12,Mergellus albellus,16
60,12,Locustella naevia,14
60,12,Cygnus columbianus,13
60,12,Fulica atra,12
60,12,Porzana porzana,12
60,12,Aquila chrysaetos,12
60,12,Asio flammeus,12
60,12,Tadorna tadorna,12
60,12,Locustella fluviatilis,11
60,12,Mareca strepera,11
60,12,Calidris minuta,9
60,12,Perisoreus infaustus,9
60,12,Poecile palustris,9
60,12,Aythya marila,9
60,12,Ardea alba,9
60,12,Alcedo atthis,8
60,12,Acrocephalus scirpaceus,8
60,12,Melanitta fusca,8
60,12,Clangula hyemalis,8
60,12,Milvus milvus,8
60,12,Sterna paradisaea,8
60,12,Uria aalge,7
60,12,Lymnocryptes minimus,7
60,12,Emberiza hortulana,7
60,12,Luscinia luscinia,7
60,12,Strix nebulosa,7
60,12,Gallinula chloropus,7
60,12,Hydrocoloeus minutus,7
60,12,Calidris ferruginea,6
60,12,Podiceps auritus,6
60,12,Corvus frugilegus,6
60,12,Passerina cyanea,6
60,12,Calcarius lapponicus,6
60,12,Ficedula parva,6
60,12,Loxia leucoptera,6
60,12,Corvus corone,6
60,12,Ciconia ciconia,5
60,12,Strix uralensis,5
61,2,Fulmarus glacialis,360
61,2,Morus bassanus,302
61,2,Larus marinus,238
61,2,Rissa tridactyla,173
61,2,Larus argentatus,141
61,2,Stercorarius skua,82
61,2,Larus fuscus,54
61,2,Hirundo rustica,45
61,2,Larus canus,40
61,2,Turdus iliacus,33
61,2,Anthus pratensis,32
61,2,Sylvia atricapilla,31
61,2,Oenanthe oenanthe,31
61,2,Falco tinnunculus,29
61,2,Sturnus vulgaris,29
61,2,Erithacus rubecula,28
61,2,Turdus merula,27
61,2,Larus hyperboreus,25
61,2,Motacilla alba,24
61,2,Accipiter nisus,20
61,2,Turdus philomelos,20
61,2,Uria aalge,18
61,2,Asio flammeus,18
61,2,Fringilla montifringilla,17
61,2,Columba palumbus,16
61,2,Phylloscopus trochilus,14
61,2,Stercorarius parasiticus,13
61,2,Calidris alpina,12
61,2,Turdus pilaris,12
61,2,Alca torda,12
61,2,Falco columbarius,12
61,2,Larus glaucoides,11
61,2,Phylloscopus collybita,11
61,2,Fringilla coelebs,11
61,2,Corvus corone,11
61,2,Ardea cinerea,11
61,2,Scolopax rusticola,10
61,2,Regulus regulus,10
61,2,Somateria mollissima,10
61,2,Phoenicurus phoenicurus,10
61,2,Chroicocephalus ridibundus,10
61,2,Haematopus ostralegus,10
61,2,Loxia curvirostra,10
61,2,Plectrophenax nivalis,9
61,2,Alle alle,8
61,2,Arenaria interpres,8
61,2,Phalacrocorax carbo,8
61,2,Delichon urbicum,8
61,2,Ficedula hypoleuca,8
61,2,Sylvia curruca,8
61,2,Streptopelia decaocto,8
61,2,Charadrius hiaticula,7
61,2,Hydrobates pelagicus,6
61,2,Troglodytes troglodytes,6
61,2,Pluvialis apricaria,5
61,2,Sylvia borin,5
61,2,Sterna paradisaea,5
61,4,Corvus cornix,3778
61,4,Larus argentatus,3591
61,4,Turdus merula,3416
61,4,Parus major,3105
61,4,Larus canus,3093
61,4,Anas platyrhynchos,3043
61,4,Ardea cinerea,2978
61,4,Larus marinus,2961
61,4,Haematopus ostralegus,2909
61,4,Haliaeetus albicilla,2874
61,4,Mergus serrator,2601
61,4,Erithacus rubecula,2536
61,4,Motacilla alba,2412
61,4,Anthus pratensis,2361
61,4,Sturnus vulgaris,2345
61,4,Pica pica,2301
61,4,Troglodytes troglodytes,2251
61,4,Fringilla coelebs,2231
61,4,Phalacrocorax carbo,2191
61,4,Chloris chloris,2094
61,4,Corvus corax,1904
61,4,Numenius arquata,1896
61,4,Anser anser,1887
61,4,Turdus pilaris,1866
61,4,Cyanistes caeruleus,1860
61,4,Cygnus cygnus,1692
61,4,Hirundo rustica,1681
61,4,Turdus iliacus,1644
61,4,Gallinago gallinago,1591
61,4,Passer domesticus,1588
61,4,Turdus philomelos,1574
61,4,Acanthis flammea,1477
61,4,Anthus petrosus,1449
61,4,Phylloscopus trochilus,1418
61,4,Phylloscopus collybita,1397
61,4,Spinus spinus,1343
61,4,Phalacrocorax aristotelis,1308
61,4,Regulus regulus,1265
61,4,Bucephala clangula,1255
61,4,Somateria mollissima,1169
61,4,Columba palumbus,1167
61,4,Actitis hypoleucos,1152
61,4,Poecile montanus,1085
61,4,Anas crecca,1073
61,4,Periparus ater,1011
61,4,Oenanthe oenanthe,967
61,4,Sylvia atricapilla,924
61,4,Sitta europaea,920
61,4,Branta canadensis,892
61,4,Chroicocephalus ridibundus,891
61,4,Larus fuscus,848
61,4,Linaria flavirostris,838
61,4,Gavia stellata,833
61,4,Pluvialis apricaria,827
61,4,Fringilla montifringilla,776
61,4,Pyrrhula pyrrhula,770
61,4,Prunella modularis,768
61,4,Vanellus vanellus,743
61,4,Melanitta nigra,681
61,4,Morus bassanus,680
61,4,Picus canus,678
61,4,Aythya fuligula,650
61,4,Gavia immer,626
61,4,Cuculus canorus,619
61,4,Accipiter nisus,601
61,4,Cepphus grylle,595
61,4,Tringa totanus,586
61,4,Cygnus olor,580
61,4,Poecile palustris,566
61,4,Mareca penelope,545
61,4,Dendrocopos major,540
61,4,Scolopax rusticola,532
61,4,Rissa tridactyla,523
61,4,Strix aluco,516
61,4,Picus viridis,515
61,4,Clangula hyemalis,509
61,4,Turdus torquatus,507
61,4,Grus grus,500
61,4,Cinclus cinclus,492
61,4,Sterna hirundo,485
61,4,Uria aalge,466
61,4,Emberiza schoeniclus,461
61,4,Mergus merganser,459
61,4,Alauda arvensis,450
61,4,Sylvia communis,447
61,4,Lophophanes cristatus,440
61,4,Charadrius hiaticula,430
61,4,Branta leucopsis,418
61,4,Calidris alpina,414
61,4,Saxicola rubetra,407
61,4,Ficedula hypoleuca,402
61,4,Delichon urbicum,397
61,4,Saxicola rubicola,376
61,4,Muscicapa striata,373
61,4,Lyrurus tetrix,348
61,4,Loxia curvirostra,340
61,4,Riparia riparia,329
61,4,Anthus trivialis,325
61,4,Sylvia curruca,311
61,4,Certhia familiaris,306
61,4,Calidris maritima,303
61,4,Acrocephalus schoenobaenus,280
61,4,Melanitta fusca,280
61,4,Arenaria interpres,277
61,4,Tadorna tadorna,277
61,4,Falco peregrinus,276
61,4,Numenius phaeopus,266
61,4,Falco columbarius,256
61,4,Falco tinnunculus,255
61,4,Anser brachyrhynchus,252
61,4,Stercorarius parasiticus,249
61,4,Lymnocryptes minimus,249
61,4,Hippolais icterina,248
61,4,Garrulus glandarius,239
61,4,Phylloscopus inornatus,238
61,4,Linaria cannabina,233
61,4,Aegithalos caudatus,221
61,4,Streptopelia decaocto,221
61,4,Coloeus monedula,217
61,4,Gavia arctica,212
61,4,Dendrocopos leucotos,211
61,4,Tringa nebularia,204
61,4,Plectrophenax nivalis,200
61,4,Alca torda,199
61,4,Loxia pytyopsittacus,197
61,4,Sterna paradisaea,197
61,4,Tachybaptus ruficollis,180
61,4,Emberiza citrinella,180
61,4,Calidris pugnax,170
61,4,Rallus aquaticus,165
61,4,Bombycilla garrulus,165
61,4,Phoenicurus phoenicurus,165
61,4,Carduelis carduelis,164
61,4,Alle alle,162
61,4,Passer montanus,159
61,4,Limosa lapponica,157
61,4,Accipiter gentilis,156
61,4,Aquila chrysaetos,155
61,4,Motacilla cinerea,154
61,4,Pluvialis squatarola,144
61,4,Sylvia borin,144
61,4,Tringa ochropus,143
61,4,Nucifraga caryocatactes,139
61,4,Calidris canutus,132
61,4,Aythya marila,116
61,4,Fratercula arctica,115
61,4,Turdus viscivorus,114
61,4,Calidris alba,107
61,4,Larus glaucoides,104
61,4,Fulmarus glacialis,103
61,4,Lagopus lagopus,102
61,4,Columba livia,96
61,4,Dryobates minor,94
61,4,Coccothraustes coccothraustes,91
61,4,Corvus corone,91
61,4,Calcarius lapponicus,82
61,4,Anas acuta,81
61,4,Loxia leucoptera,81
61,4,Lagopus muta,79
61,4,Branta bernicla,77
61,4,Anser albifrons,76
61,4,Larus hyperboreus,73
61,4,Gavia adamsii,72
61,4,Stercorarius skua,69
61,4,Corvus frugilegus,68
61,4,Tringa glareola,63
61,4,Apus apus,63
61,4,Anthus richardi,63
61,4,Asio flammeus,58
61,4,Buteo lagopus,57
61,4,Jynx torquilla,56
61,4,Crex crex,54
61,4,Motacilla flava,53
61,4,Anser fabalis,52
61,4,Podiceps grisegena,47
61,4,Coturnix coturnix,46
61,4,Podiceps auritus,45
61,4,Tringa solitaria,44
61,4,Calidris minuta,37
61,4,Gallinula chloropus,37
61,4,Locustella naevia,36
61,4,Carpodacus erythrinus,35
61,4,Hydrobates pelagicus,34
61,4,Limosa limosa,33
61,4,Columba oenas,33
61,4,Tetrao urogallus,32
61,4,Surnia ulula,31
61,4,Lanius excubitor,31
61,4,Circus cyaneus,29
61,4,Emberiza pusilla,29
61,4,Acrocephalus palustris,29
61,4,Luscinia svecica,28
61,4,Pastor roseus,28
61,4,Ardea alba,28
61,4,Fulica atra,27
61,4,Aix galericulata,27
61,4,Pandion haliaetus,23
61,4,Buteo buteo,22
61,4,Sylvia nisoria,22
61,4,Phoenicurus ochruros,21
61,4,Upupa epops,20
61,4,Lanius collurio,19
61,4,Spatula clypeata,19
61,4,Streptopelia turtur,17
61,4,Acanthis hornemanni,17
61,4,Aythya ferina,16
61,4,Falco rusticolus,16
61,4,Stercorarius pomarinus,15
61,4,Gallinago media,15
61,4,Ficedula parva,15
61,4,Puffinus griseus,15
61,4,Tringa erythropus,14
61,4,Anthus hodgsoni,14
61,4,Anthus cervinus,14
61,4,Asio otus,14
61,4,Puffinus puffinus,14
61,4,Hydrocoloeus minutus,14
61,4,Mareca strepera,14
61,4,Anser serrirostris,13
61,4,Phylloscopus sibillatrix,12
61,4,Circus macrourus,10
61,4,Merops persicus,9
61,4,Calidris ferruginea,9
61,4,Ciconia ciconia,9
61,4,Acrocephalus dumetorum,9
61,4,Acrocephalus scirpaceus,8
61,4,Curruca cantillans,8
61,4,Anser indicus,7
61,4,Zonotrichia leucophrys,7
61,4,Charadrius dubius,7
61,4,Motacilla tschutschensis,6
61,4,Pinicola enucleator,6
61,4,Merops apiaster,5
61,4,Bubulcus ibis,5
61,4,Aegolius funereus,5
61,4,Bubo bubo,5
61,6,Parus major,4569
61,6,Larus canus,3804
61,6,Corvus cornix,3768
61,6,Fringilla coelebs,3561
61,6,Anas platyrhynchos,3513
61,6,Motacilla alba,3433
61,6,Turdus merula,3281
61,6,Erithacus rubecula,3033
61,6,Turdus pilaris,2778
61,6,Larus argentatus,2706
61,6,Mergus serrator,2655
61,6,Pica pica,2649
61,6,Cyanistes caeruleus,2558
61,6,Spinus spinus,2507
61,6,Chloris chloris,2489
61,6,Passer domesticus,2407
61,6,Haematopus ostralegus,2320
61,6,Phylloscopus collybita,2308
61,6,Phylloscopus trochilus,2211
61,6,Bucephala clangula,2090
61,6,Turdus iliacus,1966
61,6,Sitta europaea,1960
61,6,Phalacrocorax carbo,1900
61,6,Pyrrhula pyrrhula,1838
61,6,Anthus pratensis,1798
61,6,Corvus corax,1770
61,6,Troglodytes troglodytes,1733
61,6,Turdus philomelos,1618
61,6,Poecile montanus,1613
61,6,Sturnus vulgaris,1600
61,6,Cinclus cinclus,1596
61,6,Actitis hypoleucos,1575
61,6,Ardea cinerea,1539
61,6,Hirundo rustica,1524
61,6,Sylvia atricapilla,1454
61,6,Mergus merganser,1374
61,6,Passer montanus,1355
61,6,Ficedula hypoleuca,1344
61,6,Larus marinus,1326
61,6,Picus viridis,1261
61,6,Cygnus cygnus,1236
61,6,Columba palumbus,1233
61,6,Prunella modularis,1193
61,6,Acanthis flammea,1179
61,6,Numenius arquata,1161
61,6,Anas crecca,1126
61,6,Oenanthe oenanthe,1096
61,6,Vanellus vanellus,1050
61,6,Tringa totanus,1014
61,6,Fringilla montifringilla,997
61,6,Emberiza citrinella,985
61,6,Regulus regulus,916
61,6,Poecile palustris,913
61,6,Accipiter nisus,902
61,6,Strix aluco,897
61,6,Dendrocopos major,871
61,6,Nucifraga caryocatactes,869
61,6,Delichon urbicum,865
61,6,Haliaeetus albicilla,860
61,6,Branta canadensis,855
61,6,Periparus ater,836
61,6,Aythya fuligula,822
61,6,Chroicocephalus ridibundus,805
61,6,Saxicola rubetra,752
61,6,Riparia riparia,735
61,6,Garrulus glandarius,693
61,6,Apus apus,670
61,6,Cuculus canorus,652
61,6,Anthus trivialis,648
61,6,Turdus torquatus,609
61,6,Certhia familiaris,606
61,6,Muscicapa striata,602
61,6,Mareca penelope,600
61,6,Pluvialis apricaria,595
61,6,Anser anser,574
61,6,Hippolais icterina,543
61,6,Grus grus,506
61,6,Motacilla cinerea,487
61,6,Aegithalos caudatus,478
61,6,Gallinago gallinago,467
61,6,Coloeus monedula,446
61,6,Cepphus grylle,439
61,6,Bombycilla garrulus,438
61,6,Somateria mollissima,435
61,6,Dendrocopos leucotos,410
61,6,Coccothraustes coccothraustes,403
61,6,Emberiza schoeniclus,392
61,6,Linaria flavirostris,381
61,6,Lophophanes cristatus,378
61,6,Falco tinnunculus,361
61,6,Gavia stellata,358
61,6,Carduelis carduelis,340
61,6,Lyrurus tetrix,324
61,6,Alauda arvensis,283
61,6,Buteo lagopus,277
61,6,Scolopax rusticola,271
61,6,Aquila chrysaetos,270
61,6,Lagopus muta,264
61,6,Phoenicurus phoenicurus,243
61,6,Plectrophenax nivalis,240
61,6,Larus fuscus,234
61,6,Sylvia communis,220
61,6,Dryobates minor,220
61,6,Melanitta nigra,201
61,6,Charadrius hiaticula,200
61,6,Surnia ulula,199
61,6,Turdus viscivorus,196
61,6,Loxia curvirostra,195
61,6,Tringa nebularia,173
61,6,Sylvia borin,171
61,6,Sterna hirundo,165
61,6,Loxia pytyopsittacus,157
61,6,Accipiter gentilis,151
61,6,Lagopus lagopus,147
61,6,Luscinia svecica,147
61,6,Numenius phaeopus,146
61,6,Motacilla flava,139
61,6,Falco columbarius,131
61,6,Melanitta fusca,129
61,6,Picus canus,121
61,6,Jynx torquilla,114
61,6,Sylvia curruca,110
61,6,Tetrao urogallus,108
61,6,Tachybaptus ruficollis,107
61,6,Anthus petrosus,100
61,6,Falco peregrinus,99
61,6,Gavia arctica,96
61,6,Clangula hyemalis,94
61,6,Aythya marila,92
61,6,Calidris alpina,85
61,6,Columba livia,83
61,6,Coturnix coturnix,78
61,6,Anser brachyrhynchus,74
61,6,Charadrius morinellus,63
61,6,Eremophila alpestris,63
61,6,Corvus frugilegus,58
61,6,Branta leucopsis,58
61,6,Picoides tridactylus,52
61,6,Streptopelia decaocto,50
61,6,Lanius excubitor,48
61,6,Glaucidium passerinum,47
61,6,Tringa ochropus,42
61,6,Tadorna tadorna,41
61,6,Podiceps auritus,37
61,6,Anas acuta,37
61,6,Uria aalge,33
61,6,Calcarius lapponicus,33
61,6,Crex crex,33
61,6,Linaria cannabina,33
61,6,Tringa glareola,32
61,6,Anser albifrons,31
61,6,Gavia immer,28
61,6,Rissa tridactyla,27
61,6,Buteo buteo,25
61,6,Anser fabalis,25
61,6,Alca torda,25
61,6,Pinicola enucleator,23
61,6,Calidris maritima,22
61,6,Aix galericulata,22
61,6,Mareca strepera,22
61,6,Corvus corone,22
61,6,Limosa limosa,21
61,6,Calidris pugnax,21
61,6,Acanthis hornemanni,20
61,6,Spatula clypeata,20
61,6,Larus glaucoides,19
61,6,Loxia leucoptera,18
61,6,Phylloscopus sibillatrix,17
61,6,Fulica atra,16
61,6,Pandion haliaetus,16
61,6,Cygnus olor,16
61,6,Asio flammeus,15
61,6,Asio otus,15
61,6,Arenaria interpres,14
61,6,Saxicola rubicola,14
61,6,Sterna paradisaea,14
61,6,Pluvialis squatarola,13
61,6,Acrocephalus schoenobaenus,13
61,6,Locustella naevia,13
61,6,Gallinula chloropus,13
61,6,Phoenicurus ochruros,12
61,6,Rallus aquaticus,11
61,6,Luscinia luscinia,11
61,6,Alle alle,10
61,6,Limosa lapponica,10
61,6,Mergellus albellus,10
61,6,Upupa epops,10
61,6,Aegolius funereus,10
61,6,Falco rusticolus,10
61,6,Dryocopus martius,9
61,6,Acrocephalus palustris,9
61,6,Hydrocoloeus minutus,9
61,6,Columba oenas,8
61,6,Anser indicus,8
61,6,Spatula querquedula,8
61,6,Cairina moschata,8
61,6,Calidris temminckii,7
61,6,Carpodacus erythrinus,7
61,6,Lymnocryptes minimus,6
61,6,Streptopelia turtur,6
61,6,Branta bernicla,6
61,6,Anser serrirostris,6
61,6,Larus hyperboreus,5
61,6,Calidris canutus,5
61,6,Ciconia ciconia,5
61,6,Podiceps grisegena,5
61,8,Anas platyrhynchos,4816
61,8,Bucephala clangula,4340
61,8,Aythya fuligula,3845
61,8,Parus major,3622
61,8,Turdus pilaris,3255
61,8,Anas crecca,3244
61,8,Anthus pratensis,3236
61,8,Cygnus olor,3051
61,8,Larus canus,3046
61,8,Mergus merganser,2942
61,8,Poecile montanus,2895
61,8,Grus grus,2879
61,8,Pica pica,2759
61,8,Motacilla alba,2742
61,8,Corvus corax,2719
61,8,Corvus cornix,2653
61,8,Cygnus cygnus,2561
61,8,Pyrrhula pyrrhula,2543
61,8,Phylloscopus trochilus,2534
61,8,Falco tinnunculus,2494
61,8,Tringa totanus,2450
61,8,Fringilla coelebs,2357
61,8,Cyanistes caeruleus,2338
61,8,Oenanthe oenanthe,2135
61,8,Cinclus cinclus,2008
61,8,Acanthis flammea,1957
61,8,Sitta europaea,1865
61,8,Mareca penelope,1861
61,8,Chloris chloris,1860
61,8,Gavia arctica,1807
61,8,Pluvialis apricaria,1806
61,8,Fringilla montifringilla,1766
61,8,Actitis hypoleucos,1752
61,8,Turdus iliacus,1735
61,8,Spinus spinus,1709
61,8,Ardea cinerea,1654
61,8,Columba palumbus,1611
61,8,Dendrocopos major,1608
61,8,Emberiza citrinella,1591
61,8,Branta canadensis,1589
61,8,Delichon urbicum,1562
61,8,Hirundo rustica,1550
61,8,Emberiza schoeniclus,1544
61,8,Motacilla flava,1526
61,8,Luscinia svecica,1493
61,8,Turdus merula,1477
61,8,Periparus ater,1459
61,8,Phalacrocorax carbo,1406
61,8,Perisoreus infaustus,1365
61,8,Podiceps auritus,1360
61,8,Cuculus canorus,1341
61,8,Erithacus rubecula,1287
61,8,Garrulus glandarius,1211
61,8,Gallinago gallinago,1166
61,8,Lagopus lagopus,1043
61,8,Tringa nebularia,1032
61,8,Buteo lagopus,1022
61,8,Phylloscopus collybita,1007
61,8,Passer montanus,995
61,8,Turdus torquatus,943
61,8,Turdus philomelos,896
61,8,Charadrius hiaticula,892
61,8,Numenius arquata,878
61,8,Ficedula hypoleuca,861
61,8,Vanellus vanellus,854
61,8,Apus apus,821
61,8,Fulica atra,797
61,8,Plectrophenax nivalis,751
61,8,Surnia ulula,743
61,8,Prunella modularis,742
61,8,Chroicocephalus ridibundus,726
61,8,Tringa glareola,724
61,8,Lyrurus tetrix,705
61,8,Accipiter nisus,696
61,8,Turdus viscivorus,685
61,8,Phoenicurus phoenicurus,678
61,8,Falco columbarius,669
61,8,Mergus serrator,646
61,8,Calidris alpina,644
61,8,Eremophila alpestris,631
61,8,Picus viridis,624
61,8,Regulus regulus,621
61,8,Charadrius morinellus,597
61,8,Coccothraustes coccothraustes,578
61,8,Sturnus vulgaris,574
61,8,Lagopus muta,558
61,8,Clangula hyemalis,537
61,8,Riparia riparia,534
61,8,Loxia curvirostra,524
61,8,Calcarius lapponicus,514
61,8,Scolopax rusticola,511
61,8,Aegolius funereus,507
61,8,Coloeus monedula,503
61,8,Troglodytes troglodytes,500
61,8,Saxicola rubetra,484
61,8,Melanitta fusca,476
61,8,Dryocopus martius,438
61,8,Tringa ochropus,434
61,8,Aythya marila,431
61,8,Carduelis carduelis,422
61,8,Asio flammeus,405
61,8,Larus argentatus,399
61,8,Sylvia curruca,398
61,8,Lophophanes cristatus,388
61,8,Bombycilla garrulus,387
61,8,Melanitta nigra,387
61,8,Anthus trivialis,366
61,8,Sterna paradisaea,363
61,8,Numenius phaeopus,360
61,8,Calidris temminckii,335
61,8,Muscicapa striata,333
61,8,Anser brachyrhynchus,330
61,8,Sylvia atricapilla,327
61,8,Motacilla cinerea,321
61,8,Aquila chrysaetos,317
61,8,Tetrao urogallus,303
61,8,Linaria flavirostris,294
61,8,Haliaeetus albicilla,292
61,8,Streptopelia decaocto,290
61,8,Passer domesticus,286
61,8,Picus canus,275
61,8,Certhia familiaris,267
61,8,Picoides tridactylus,262
61,8,Glaucidium passerinum,260
61,8,Anser anser,247
61,8,Aegithalos caudatus,226
61,8,Sylvia borin,213
61,8,Anas acuta,211
61,8,Accipiter gentilis,209
61,8,Lanius excubitor,207
61,8,Dryobates minor,201
61,8,Stercorarius longicaudus,198
61,8,Circus cyaneus,196
61,8,Strix aluco,171
61,8,Pinicola enucleator,169
61,8,Calidris maritima,163
61,8,Falco peregrinus,152
61,8,Pandion haliaetus,146
61,8,Phalaropus lobatus,140
61,8,Gavia stellata,136
61,8,Jynx torquilla,114
61,8,Nucifraga caryocatactes,106
61,8,Columba livia,106
61,8,Buteo buteo,104
61,8,Tetrastes bonasia,102
61,8,Hippolais icterina,102
61,8,Gallinago media,92
61,8,Loxia leucoptera,91
61,8,Linaria cannabina,88
61,8,Charadrius dubius,85
61,8,Alauda arvensis,85
61,8,Calidris pugnax,81
61,8,Loxia pytyopsittacus,80
61,8,Asio otus,76
61,8,Coturnix coturnix,69
61,8,Lymnocryptes minimus,65
61,8,Dendrocopos leucotos,57
61,8,Falco rusticolus,56
61,8,Larus fuscus,55
61,8,Aix galericulata,55
61,8,Spatula clypeata,54
61,8,Haematopus ostralegus,53
61,8,Mareca strepera,53
61,8,Phoenicurus ochruros,52
61,8,Lanius collurio,52
61,8,Phylloscopus sibillatrix,51
61,8,Tachybaptus ruficollis,47
61,8,Tadorna tadorna,46
61,8,Acanthis hornemanni,46
61,8,Spatula querquedula,43
61,8,Circus macrourus,39
61,8,Podiceps cristatus,38
61,8,Mergellus albellus,36
61,8,Larus marinus,35
61,8,Porzana porzana,34
61,8,Carpodacus erythrinus,33
61,8,Circus aeruginosus,31
61,8,Sterna hirundo,31
61,8,Locustella fluviatilis,28
61,8,Anser fabalis,27
61,8,Calidris falcinellus,27
61,8,Branta leucopsis,26
61,8,Sylvia communis,25
61,8,Aythya ferina,25
61,8,Gallinula chloropus,24
61,8,Anser albifrons,20
61,8,Acrocephalus palustris,17
61,8,Crex crex,16
61,8,Pernis apivorus,15
61,8,Tringa erythropus,14
61,8,Ardea alba,14
61,8,Anthus petrosus,13
61,8,Acrocephalus dumetorum,13
61,8,Columba oenas,13
61,8,Somateria mollissima,13
61,8,Phylloscopus inornatus,12
61,8,Falco subbuteo,11
61,8,Uria aalge,11
61,8,Locustella naevia,11
61,8,Corvus frugilegus,10
61,8,Anser indicus,10
61,8,Limosa lapponica,9
61,8,Anas carolinensis,9
61,8,Corvus corone,9
61,8,Upupa epops,8
61,8,Pluvialis squatarola,6
61,8,Alle alle,6
61,8,Calidris canutus,6
61,8,Gavia immer,6
61,8,Saxicola rubicola,6
61,8,Branta bernicla,6
61,8,Alcedo atthis,5
61,8,Rissa tridactyla,5
61,8,Acrocephalus schoenobaenus,5
61,8,Aythya collaris,5
61,8,Anser serrirostris,5
61,10,Bucephala clangula,11097
61,10,Anas platyrhynchos,9393
61,10,Parus major,8658
61,10,Turdus pilaris,7267
61,10,Cyanistes caeruleus,6863
61,10,Mergus merganser,6593
61,10,Corvus cornix,6094
61,10,Pica pica,6000
61,10,Fringilla coelebs,5951
61,10,Pyrrhula pyrrhula,5857
61,10,Dendrocopos major,5621
61,10,Larus canus,5453
61,10,Grus grus,5164
61,10,Cygnus cygnus,5043
61,10,Chloris chloris,5020
61,10,Anas crecca,4866
61,10,Cygnus olor,4851
61,10,Turdus merula,4806
61,10,Poecile montanus,4744
61,10,Motacilla alba,4632
61,10,Sitta europaea,4604
61,10,Aythya fuligula,4388
61,10,Phalacrocorax carbo,4387
61,10,Phylloscopus trochilus,4271
61,10,Larus argentatus,4247
61,10,Spinus spinus,4225
61,10,Corvus corax,4162
61,10,Passer montanus,4004
61,10,Gavia arctica,3809
61,10,Cinclus cinclus,3795
61,10,Actitis hypoleucos,3753
61,10,Mareca penelope,3714
61,10,Columba palumbus,3713
61,10,Erithacus rubecula,3683
61,10,Branta canadensis,3522
61,10,Turdus iliacus,3424
61,10,Falco tinnunculus,3312
61,10,Periparus ater,3283
61,10,Acanthis flammea,3270
61,10,Tringa nebularia,3059
61,10,Fringilla montifringilla,3026
61,10,Chroicocephalus ridibundus,3016
61,10,Emberiza citrinella,3001
61,10,Anthus pratensis,2886
61,10,Hirundo rustica,2779
61,10,Larus marinus,2681
61,10,Garrulus glandarius,2628
61,10,Coloeus monedula,2579
61,10,Phylloscopus collybita,2529
61,10,Vanellus vanellus,2523
61,10,Columba livia,2380
61,10,Sturnus vulgaris,2337
61,10,Mergus serrator,2327
61,10,Motacilla cinerea,2312
61,10,Tringa totanus,2212
61,10,Carduelis carduelis,2204
61,10,Tringa ochropus,2197
61,10,Ardea cinerea,2179
61,10,Emberiza schoeniclus,2094
61,10,Lyrurus tetrix,2075
61,10,Passer domesticus,2056
61,10,Turdus philomelos,2014
61,10,Tringa glareola,1999
61,10,Haematopus ostralegus,1995
61,10,Numenius arquata,1993
61,10,Motacilla flava,1925
61,10,Delichon urbicum,1873
61,10,Larus fuscus,1866
61,10,Gallinago gallinago,1838
61,10,Anser brachyrhynchus,1823
61,10,Surnia ulula,1810
61,10,Loxia curvirostra,1793
61,10,Troglodytes troglodytes,1775
61,10,Cuculus canorus,1757
61,10,Bombycilla garrulus,1754
61,10,Accipiter nisus,1738
61,10,Dryocopus martius,1726
61,10,Nucifraga caryocatactes,1711
61,10,Perisoreus infaustus,1691
61,10,Coccothraustes coccothraustes,1632
61,10,Picus viridis,1595
61,10,Apus apus,1575
61,10,Oenanthe oenanthe,1560
61,10,Prunella modularis,1557
61,10,Regulus regulus,1546
61,10,Podiceps auritus,1540
61,10,Melanitta nigra,1449
61,10,Turdus viscivorus,1378
61,10,Ficedula hypoleuca,1371
61,10,Gavia stellata,1344
61,10,Sylvia atricapilla,1332
61,10,Phoenicurus phoenicurus,1301
61,10,Streptopelia decaocto,1298
61,10,Pluvialis apricaria,1297
61,10,Buteo lagopus,1183
61,10,Lophophanes cristatus,1180
61,10,Lagopus lagopus,1135
61,10,Numenius phaeopus,1089
61,10,Muscicapa striata,1081
61,10,Carpodacus erythrinus,1060
61,10,Saxicola rubetra,1017
61,10,Anthus trivialis,958
61,10,Aegolius funereus,934
61,10,Charadrius dubius,918
61,10,Anser anser,883
61,10,Accipiter gentilis,859
61,10,Anas acuta,853
61,10,Certhia familiaris,850
61,10,Sylvia curruca,842
61,10,Pandion haliaetus,824
61,10,Sylvia borin,804
61,10,Buteo buteo,800
61,10,Lanius excubitor,766
61,10,Falco columbarius,764
61,10,Aegithalos caudatus,761
61,10,Riparia riparia,738
61,10,Tetrao urogallus,729
61,10,Sterna hirundo,729
61,10,Pinicola enucleator,719
61,10,Luscinia svecica,666
61,10,Glaucidium passerinum,642
61,10,Scolopax rusticola,641
61,10,Clangula hyemalis,589
61,10,Melanitta fusca,551
61,10,Picoides tridactylus,543
61,10,Alauda arvensis,528
61,10,Hippolais icterina,523
61,10,Turdus torquatus,478
61,10,Strix aluco,467
61,10,Calidris alpina,447
61,10,Podiceps cristatus,441
61,10,Asio flammeus,431
61,10,Calidris pugnax,431
61,10,Sterna paradisaea,430
61,10,Picus canus,429
61,10,Aythya marila,428
61,10,Phalaropus lobatus,416
61,10,Hydrocoloeus minutus,409
61,10,Charadrius hiaticula,404
61,10,Lanius collurio,395
61,10,Circus cyaneus,386
61,10,Haliaeetus albicilla,349
61,10,Tetrastes bonasia,342
61,10,Dryobates minor,335
61,10,Mareca strepera,304
61,10,Falco peregrinus,303
61,10,Branta leucopsis,291
61,10,Jynx torquilla,289
61,10,Tadorna tadorna,278
61,10,Phylloscopus sibillatrix,275
61,10,Mergellus albellus,260
61,10,Loxia pytyopsittacus,249
61,10,Uria aalge,231
61,10,Spatula clypeata,231
61,10,Loxia leucoptera,227
61,10,Aquila chrysaetos,215
61,10,Crex crex,206
61,10,Falco subbuteo,202
61,10,Plectrophenax nivalis,200
61,10,Calidris temminckii,180
61,10,Linaria cannabina,164
61,10,Spatula querquedula,156
61,10,Calcarius lapponicus,143
61,10,Fulica atra,139
61,10,Sylvia communis,135
61,10,Acanthis hornemanni,130
61,10,Asio otus,124
61,10,Coturnix coturnix,121
61,10,Tachybaptus ruficollis,116
61,10,Linaria flavirostris,103
61,10,Pernis apivorus,102
61,10,Anas carolinensis,101
61,10,Lagopus muta,100
61,10,Circus aeruginosus,85
61,10,Anthus petrosus,78
61,10,Aix galericulata,63
61,10,Corvus frugilegus,61
61,10,Aythya ferina,60
61,10,Charadrius morinellus,58
61,10,Columba oenas,58
61,10,Lymnocryptes minimus,56
61,10,Stercorarius pomarinus,52
61,10,Calidris falcinellus,50
61,10,Tringa erythropus,49
61,10,Anser fabalis,49
61,10,Aythya collaris,49
61,10,Falco naumanni,49
61,10,Acrocephalus palustris,45
61,10,Calidris minuta,44
61,10,Limosa limosa,41
61,10,Aix sponsa,39
61,10,Podiceps grisegena,33
61,10,Ardea alba,32
61,10,Limosa lapponica,30
61,10,Gallinago media,30
61,10,Emberiza rustica,29
61,10,Falco rusticolus,28
61,10,Ciconia ciconia,27
61,10,Locustella naevia,27
61,10,Phoenicurus ochruros,25
61,10,Larus hyperboreus,23
61,10,Corvus corone,23
61,10,Circus macrourus,22
61,10,Rissa tridactyla,22
61,10,Somateria mollissima,22
61,10,Eremophila alpestris,21
61,10,Calidris canutus,20
61,10,Upupa epops,19
61,10,Arenaria interpres,18
61,10,Poecile palustris,18
61,10,Sibirionetta formosa,17
61,10,Porzana porzana,15
61,10,Larus glaucoides,15
61,10,Poecile cinctus,15
61,10,Pheucticus ludovicianus,14
61,10,Anser albifrons,14
61,10,Rallus aquaticus,13
61,10,Acrocephalus schoenobaenus,13
61,10,Gallinula chloropus,13
61,10,Phasianus colchicus,13
61,10,Alcedo atthis,12
61,10,Acrocephalus dumetorum,12
61,10,Locustella fluviatilis,12
61,10,Anser serrirostris,12
61,10,Podiceps nigricollis,11
61,10,Strix uralensis,11
61,10,Tadorna ferruginea,11
61,10,Alca torda,11
61,10,Stercorarius longicaudus,10
61,10,Chlidonias niger,9
61,10,Chlidonias leucopterus,9
61,10,Dendrocopos leucotos,8
61,10,Emberiza hortulana,8
61,10,Strix nebulosa,8
61,10,Milvus milvus,8
61,10,Branta bernicla,8
61,10,Ichthyaetus melanocephalus,8
61,10,Alle alle,7
61,10,Milvus migrans,7
61,10,Gavia immer,6
61,10,Oriolus oriolus,6
61,10,Circus pygargus,5
61,10,Ficedula parva,5
61,10,Anser indicus,5
61,12,Parus major,820
61,12,Poecile montanus,746
61,12,Pyrrhula pyrrhula,700
61,12,Bucephala clangula,681
61,12,Dendrocopos major,636
61,12,Fringilla coelebs,599
61,12,Phylloscopus trochilus,578
61,12,Cygnus cygnus,564
61,12,Fringilla montifringilla,526
61,12,Spinus spinus,522
61,12,Pica pica,495
61,12,Cyanistes caeruleus,481
61,12,Sitta europaea,478
61,12,Anas platyrhynchos,475
61,12,Chloris chloris,441
61,12,Turdus pilaris,439
61,12,Corvus corax,423
61,12,Corvus cornix,390
61,12,Perisoreus infaustus,386
61,12,Gavia arctica,383
61,12,Larus canus,379
61,12,Tringa nebularia,378
61,12,Turdus merula,377
61,12,Acanthis flammea,374
61,12,Columba palumbus,371
61,12,Falco tinnunculus,357
61,12,Periparus ater,355
61,12,Motacilla alba,331
61,12,Anas crecca,325
61,12,Turdus iliacus,314
61,12,Erithacus rubecula,307
61,12,Tringa glareola,295
61,12,Actitis hypoleucos,276
61,12,Lyrurus tetrix,270
61,12,Cuculus canorus,269
61,12,Turdus viscivorus,260
61,12,Loxia curvirostra,258
61,12,Phoenicurus phoenicurus,256
61,12,Chroicocephalus ridibundus,255
61,12,Turdus philomelos,254
61,12,Ficedula hypoleuca,247
61,12,Anthus trivialis,244
61,12,Motacilla flava,244
61,12,Garrulus glandarius,238
61,12,Numenius phaeopus,234
61,12,Emberiza schoeniclus,230
61,12,Grus grus,218
61,12,Hirundo rustica,216
61,12,Mergus merganser,202
61,12,Aegolius funereus,201
61,12,Anthus pratensis,200
61,12,Regulus regulus,198
61,12,Dryocopus martius,189
61,12,Aythya fuligula,188
61,12,Cinclus cinclus,187
61,12,Pluvialis apricaria,185
61,12,Tetrao urogallus,182
61,12,Lophophanes cristatus,181
61,12,Prunella modularis,180
61,12,Numenius arquata,171
61,12,Gallinago gallinago,169
61,12,Apus apus,164
61,12,Mareca penelope,154
61,12,Emberiza citrinella,152
61,12,Muscicapa striata,140
61,12,Delichon urbicum,136
61,12,Surnia ulula,136
61,12,Sterna paradisaea,134
61,12,Picoides tridactylus,130
61,12,Tringa ochropus,125
61,12,Passer montanus,124
61,12,Sylvia curruca,119
61,12,Lagopus lagopus,117
61,12,Scolopax rusticola,115
61,12,Branta canadensis,114
61,12,Coloeus monedula,113
61,12,Accipiter nisus,111
61,12,Riparia riparia,106
61,12,Phylloscopus collybita,106
61,12,Bombycilla garrulus,102
61,12,Pandion haliaetus,93
61,12,Tringa totanus,93
61,12,Mergus serrator,93
61,12,Motacilla cinerea,91
61,12,Saxicola rubetra,91
61,12,Troglodytes troglodytes,91
61,12,Sturnus vulgaris,85
61,12,Loxia pytyopsittacus,79
61,12,Columba livia,77
61,12,Oenanthe oenanthe,77
61,12,Sylvia borin,76
61,12,Coccothraustes coccothraustes,74
61,12,Sylvia atricapilla,71
61,12,Gavia stellata,67
61,12,Lanius excubitor,66
61,12,Picus canus,65
61,12,Buteo buteo,60
61,12,Podiceps auritus,59
61,12,Accipiter gentilis,56
61,12,Carduelis carduelis,54
61,12,Tetrastes bonasia,49
61,12,Falco columbarius,49
61,12,Melanitta nigra,48
61,12,Vanellus vanellus,47
61,12,Glaucidium passerinum,47
61,12,Carpodacus erythrinus,46
61,12,Passer domesticus,45
61,12,Nucifraga caryocatactes,41
61,12,Certhia familiaris,40
61,12,Jynx torquilla,38
61,12,Aegithalos caudatus,36
61,12,Buteo lagopus,35
61,12,Ardea cinerea,35
61,12,Turdus torquatus,34
61,12,Hippolais icterina,29
61,12,Hydrocoloeus minutus,28
61,12,Picus viridis,27
61,12,Larus argentatus,27
61,12,Plectrophenax nivalis,27
61,12,Asio otus,27
61,12,Sterna hirundo,27
61,12,Aquila chrysaetos,25
61,12,Phalacrocorax carbo,23
61,12,Phylloscopus sibillatrix,23
61,12,Asio flammeus,21
61,12,Anas acuta,19
61,12,Luscinia svecica,19
61,12,Anser brachyrhynchus,18
61,12,Pinicola enucleator,17
61,12,Anser anser,17
61,12,Lanius collurio,17
61,12,Phalaropus lobatus,16
61,12,Emberiza rustica,15
61,12,Sylvia communis,15
61,12,Calidris alpina,13
61,12,Aix galericulata,13
61,12,Lagopus muta,13
61,12,Aythya marila,12
61,12,Calidris pugnax,12
61,12,Dryobates minor,12
61,12,Falco subbuteo,11
61,12,Alauda arvensis,11
61,12,Circus cyaneus,10
61,12,Falco peregrinus,10
61,12,Melanitta fusca,10
61,12,Anser fabalis,9
61,12,Acanthis hornemanni,9
61,12,Linaria flavirostris,9
61,12,Pernis apivorus,8
61,12,Strix nebulosa,8
61,12,Clangula hyemalis,7
61,12,Linaria cannabina,7
61,12,Loxia leucoptera,7
61,12,Aix sponsa,6
61,12,Haematopus ostralegus,6
61,12,Haliaeetus albicilla,5
61,12,Circus aeruginosus,5
61,12,Acrocephalus palustris,5
61,12,Strix aluco,5
62,4,Haematopus ostralegus,1635
62,4,Somateria mollissima,1539
62,4,Haliaeetus albicilla,1408
62,4,Larus canus,1406
62,4,Phalacrocorax carbo,1385
62,4,Phalacrocorax aristotelis,1365
62,4,Anas platyrhynchos,1325
62,4,Morus bassanus,1283
62,4,Cygnus cygnus,1266
62,4,Larus argentatus,1250
62,4,Mergus serrator,1197
62,4,Numenius arquata,1168
62,4,Ardea cinerea,1120
62,4,Anser anser,1104
62,4,Larus marinus,1097
62,4,Sturnus vulgaris,1078
62,4,Motacilla alba,1059
62,4,Stercorarius skua,1034
62,4,Anthus petrosus,1031
62,4,Anthus pratensis,1028
62,4,Saxicola rubicola,993
62,4,Melanitta nigra,991
62,4,Turdus merula,989
62,4,Rissa tridactyla,947
62,4,Hirundo rustica,938
62,4,Corvus cornix,859
62,4,Troglodytes troglodytes,833
62,4,Tadorna tadorna,819
62,4,Gallinago gallinago,800
62,4,Oenanthe oenanthe,799
62,4,Cepphus grylle,789
62,4,Fratercula arctica,788
62,4,Clangula hyemalis,786
62,4,Corvus corax,736
62,4,Bucephala clangula,726
62,4,Uria aalge,698
62,4,Alca torda,694
62,4,Fringilla coelebs,677
62,4,Linaria flavirostris,671
62,4,Erithacus rubecula,664
62,4,Passer domesticus,653
62,4,Larus glaucoides,649
62,4,Turdus pilaris,614
62,4,Acanthis flammea,611
62,4,Parus major,610
62,4,Chloris chloris,587
62,4,Mareca penelope,578
62,4,Fulmarus glacialis,575
62,4,Gavia stellata,569
62,4,Phylloscopus trochilus,559
62,4,Actitis hypoleucos,550
62,4,Anas crecca,544
62,4,Phylloscopus collybita,543
62,4,Turdus iliacus,541
62,4,Pica pica,532
62,4,Larus fuscus,526
62,4,Melanitta fusca,504
62,4,Acrocephalus schoenobaenus,497
62,4,Turdus torquatus,431
62,4,Locustella naevia,424
62,4,Cyanistes caeruleus,417
62,4,Turdus philomelos,408
62,4,Charadrius hiaticula,393
62,4,Cinclus cinclus,391
62,4,Alauda arvensis,386
62,4,Chroicocephalus ridibundus,377
62,4,Larus hyperboreus,374
62,4,Stercorarius parasiticus,360
62,4,Vanellus vanellus,358
62,4,Fringilla montifringilla,357
62,4,Tachybaptus ruficollis,356
62,4,Spinus spinus,351
62,4,Columba palumbus,340
62,4,Gavia immer,339
62,4,Falco tinnunculus,308
62,4,Pluvialis apricaria,305
62,4,Sylvia atricapilla,303
62,4,Pyrrhula pyrrhula,287
62,4,Aythya fuligula,284
62,4,Tringa totanus,279
62,4,Prunella modularis,272
62,4,Branta leucopsis,267
62,4,Cuculus canorus,256
62,4,Calidris alpina,254
62,4,Sylvia communis,254
62,4,Strix aluco,249
62,4,Alle alle,247
62,4,Accipiter nisus,228
62,4,Hydrobates pelagicus,228
62,4,Saxicola rubetra,226
62,4,Regulus regulus,219
62,4,Emberiza schoeniclus,217
62,4,Numenius phaeopus,214
62,4,Mergus merganser,209
62,4,Periparus ater,208
62,4,Anser brachyrhynchus,205
62,4,Delichon urbicum,202
62,4,Poecile montanus,191
62,4,Rallus aquaticus,183
62,4,Sitta europaea,180
62,4,Riparia riparia,179
62,4,Streptopelia decaocto,174
62,4,Falco peregrinus,172
62,4,Sterna hirundo,168
62,4,Gavia adamsii,159
62,4,Calidris alba,153
62,4,Dendrocopos major,152
62,4,Bombycilla garrulus,151
62,4,Hippolais icterina,147
62,4,Crex crex,146
62,4,Linaria cannabina,146
62,4,Acrocephalus palustris,144
62,4,Calidris maritima,140
62,4,Podiceps auritus,138
62,4,Podiceps grisegena,137
62,4,Plectrophenax nivalis,132
62,4,Lyrurus tetrix,130
62,4,Grus grus,128
62,4,Aegithalos caudatus,125
62,4,Anser albifrons,125
62,4,Scolopax rusticola,124
62,4,Poecile palustris,121
62,4,Coturnix coturnix,120
62,4,Arenaria interpres,119
62,4,Sylvia curruca,119
62,4,Columba livia,119
62,4,Ficedula hypoleuca,118
62,4,Passer montanus,117
62,4,Calidris pugnax,115
62,4,Carduelis carduelis,113
62,4,Branta bernicla,111
62,4,Limosa lapponica,104
62,4,Lymnocryptes minimus,104
62,4,Mergellus albellus,102
62,4,Puffinus griseus,102
62,4,Phylloscopus inornatus,101
62,4,Aythya marila,100
62,4,Coccothraustes coccothraustes,97
62,4,Certhia familiaris,96
62,4,Picus canus,94
62,4,Coloeus monedula,90
62,4,Sylvia borin,87
62,4,Puffinus puffinus,86
62,4,Emberiza citrinella,85
62,4,Lophophanes cristatus,84
62,4,Fulica atra,80
62,4,Gavia arctica,77
62,4,Falco columbarius,77
62,4,Aquila chrysaetos,74
62,4,Apus apus,74
62,4,Motacilla cinerea,73
62,4,Picus viridis,72
62,4,Dendrocopos leucotos,69
62,4,Muscicapa striata,69
62,4,Garrulus glandarius,68
62,4,Calidris minuta,66
62,4,Spatula clypeata,66
62,4,Accipiter gentilis,64
62,4,Sterna paradisaea,64
62,4,Calidris canutus,61
62,4,Mareca strepera,61
62,4,Porzana porzana,59
62,4,Cygnus olor,59
62,4,Loxia curvirostra,57
62,4,Stercorarius pomarinus,53
62,4,Anthus trivialis,52
62,4,Motacilla flava,52
62,4,Buteo lagopus,49
62,4,Limosa limosa,49
62,4,Asio otus,49
62,4,Anthus richardi,48
62,4,Corvus corone,47
62,4,Circus cyaneus,46
62,4,Corvus frugilegus,45
62,4,Gallinula chloropus,44
62,4,Calcarius lapponicus,43
62,4,Acrocephalus dumetorum,42
62,4,Tringa nebularia,41
62,4,Somateria spectabilis,40
62,4,Branta canadensis,40
62,4,Dryobates minor,40
62,4,Spatula querquedula,39
62,4,Lanius excubitor,39
62,4,Asio flammeus,37
62,4,Acanthis hornemanni,35
62,4,Phoenicurus phoenicurus,35
62,4,Locustella fluviatilis,34
62,4,Anas acuta,34
62,4,Surnia ulula,33
62,4,Luscinia svecica,33
62,4,Larus cachinnans,30
62,4,Loxia leucoptera,30
62,4,Sylvia nisoria,28
62,4,Lagopus lagopus,27
62,4,Pluvialis squatarola,26
62,4,Tringa ochropus,25
62,4,Anser serrirostris,25
62,4,Ardea alba,25
62,4,Carpodacus erythrinus,24
62,4,Loxia pytyopsittacus,21
62,4,Turdus viscivorus,20
62,4,Calidris ferruginea,19
62,4,Oceanodroma leucorhoa,19
62,4,Pinicola enucleator,19
62,4,Histrionicus histrionicus,19
62,4,Hydrocoloeus minutus,19
62,4,Lagopus muta,18
62,4,Larus michahellis,17
62,4,Emberiza pusilla,16
62,4,Locustella luscinioides,16
62,4,Charadrius morinellus,15
62,4,Circus aeruginosus,15
62,4,Phoenicurus ochruros,15
62,4,Anser fabalis,14
62,4,Lanius collurio,14
62,4,Lanius cristatus,13
62,4,Pandion haliaetus,12
62,4,Tringa glareola,12
62,4,Upupa epops,12
62,4,Jynx torquilla,11
62,4,Streptopelia turtur,10
62,4,Pastor roseus,10
62,4,Thalasseus sandvicensis,9
62,4,Stercorarius longicaudus,9
62,4,Lanius minor,9
62,4,Acrocephalus scirpaceus,9
62,4,Eremophila alpestris,9
62,4,Falco vespertinus,8
62,4,Tringa erythropus,8
62,4,Gallinago media,8
62,4,Ciconia ciconia,8
62,4,Ficedula parva,8
62,4,Oenanthe isabellina,8
62,4,Falco rusticolus,8
62,4,Cygnus columbianus,7
62,4,Phylloscopus sibillatrix,7
62,4,Buteo buteo,6
62,4,Pagophila eburnea,6
62,4,Xema sabini,6
62,4,Nucifraga caryocatactes,6
62,4,Calandrella brachydactyla,6
62,4,Egretta garzetta,5
62,4,Uria lomvia,5
62,4,Calidris temminckii,5
62,4,Podiceps cristatus,5
62,4,Anthus hodgsoni,5
62,4,Luscinia luscinia,5
62,4,Acrocephalus arundinaceus,5
62,4,Columba oenas,5
62,4,Anser caerulescens,5
62,4,Aythya ferina,5
62,4,Milvus migrans,5
62,4,Bubo bubo,5
62,4,Emberiza melanocephala,5
62,6,Mergus serrator,7960
62,6,Anas platyrhynchos,7587
62,6,Larus argentatus,7069
62,6,Ardea cinerea,6669
62,6,Haematopus ostralegus,6569
62,6,Numenius arquata,6278
62,6,Larus canus,6246
62,6,Corvus cornix,5845
62,6,Larus marinus,5356
62,6,Turdus merula,5021
62,6,Haliaeetus albicilla,4913
62,6,Somateria mollissima,4824
62,6,Phalacrocorax carbo,4729
62,6,Parus major,4643
62,6,Anser anser,4601
62,6,Sturnus vulgaris,4548
62,6,Fringilla coelebs,4422
62,6,Bucephala clangula,4107
62,6,Erithacus rubecula,3763
62,6,Motacilla alba,3731
62,6,Turdus pilaris,3669
62,6,Chloris chloris,3566
62,6,Cygnus cygnus,3555
62,6,Cyanistes caeruleus,3406
62,6,Pica pica,3366
62,6,Tringa totanus,3298
62,6,Vanellus vanellus,3230
62,6,Hirundo rustica,3170
62,6,Anas crecca,3064
62,6,Chroicocephalus ridibundus,3024
62,6,Passer domesticus,3006
62,6,Troglodytes troglodytes,2969
62,6,Phylloscopus collybita,2926
62,6,Phylloscopus trochilus,2896
62,6,Spinus spinus,2869
62,6,Anthus pratensis,2839
62,6,Turdus iliacus,2734
62,6,Pyrrhula pyrrhula,2607
62,6,Actitis hypoleucos,2601
62,6,Gavia immer,2540
62,6,Corvus corax,2490
62,6,Poecile montanus,2411
62,6,Charadrius hiaticula,2389
62,6,Columba palumbus,2328
62,6,Mareca penelope,2306
62,6,Anthus petrosus,2294
62,6,Sitta europaea,2231
62,6,Tadorna tadorna,2224
62,6,Larus fuscus,2222
62,6,Sylvia atricapilla,2207
62,6,Emberiza citrinella,2147
62,6,Melanitta nigra,2082
62,6,Gallinago gallinago,2046
62,6,Melanitta fusca,2018
62,6,Fringilla montifringilla,1977
62,6,Branta canadensis,1967
62,6,Acanthis flammea,1964
62,6,Rissa tridactyla,1879
62,6,Turdus philomelos,1850
62,6,Calidris alpina,1829
62,6,Mergus merganser,1747
62,6,Phalacrocorax aristotelis,1741
62,6,Gavia stellata,1719
62,6,Periparus ater,1714
62,6,Oenanthe oenanthe,1705
62,6,Clangula hyemalis,1663
62,6,Grus grus,1623
62,6,Limosa lapponica,1529
62,6,Pluvialis apricaria,1524
62,6,Dendrocopos major,1504
62,6,Aythya fuligula,1497
62,6,Cepphus grylle,1403
62,6,Passer montanus,1367
62,6,Poecile palustris,1280
62,6,Regulus regulus,1279
62,6,Tachybaptus ruficollis,1276
62,6,Prunella modularis,1270
62,6,Linaria flavirostris,1263
62,6,Cuculus canorus,1250
62,6,Accipiter nisus,1229
62,6,Linaria cannabina,1211
62,6,Ficedula hypoleuca,1197
62,6,Saxicola rubetra,1170
62,6,Alauda arvensis,1164
62,6,Emberiza schoeniclus,1157
62,6,Streptopelia decaocto,1120
62,6,Sterna hirundo,1048
62,6,Delichon urbicum,1028
62,6,Morus bassanus,1012
62,6,Calidris maritima,981
62,6,Turdus torquatus,941
62,6,Calidris pugnax,922
62,6,Cinclus cinclus,921
62,6,Podiceps grisegena,915
62,6,Riparia riparia,904
62,6,Alca torda,896
62,6,Anthus trivialis,885
62,6,Hippolais icterina,885
62,6,Strix aluco,877
62,6,Branta leucopsis,853
62,6,Tringa nebularia,844
62,6,Coloeus monedula,842
62,6,Podiceps auritus,833
62,6,Certhia familiaris,811
62,6,Apus apus,800
62,6,Sylvia communis,794
62,6,Gavia arctica,793
62,6,Aegithalos caudatus,784
62,6,Coccothraustes coccothraustes,777
62,6,Garrulus glandarius,765
62,6,Anas acuta,750
62,6,Arenaria interpres,734
62,6,Muscicapa striata,707
62,6,Anser brachyrhynchus,691
62,6,Falco peregrinus,681
62,6,Picus viridis,680
62,6,Lophophanes cristatus,680
62,6,Scolopax rusticola,659
62,6,Acrocephalus schoenobaenus,656
62,6,Columba livia,653
62,6,Plectrophenax nivalis,646
62,6,Sterna paradisaea,639
62,6,Larus glaucoides,638
62,6,Bombycilla garrulus,633
62,6,Stercorarius parasiticus,627
62,6,Pluvialis squatarola,550
62,6,Numenius phaeopus,548
62,6,Aythya marila,546
62,6,Calidris minuta,539
62,6,Calidris alba,496
62,6,Dendrocopos leucotos,492
62,6,Falco tinnunculus,477
62,6,Uria aalge,461
62,6,Lyrurus tetrix,445
62,6,Accipiter gentilis,437
62,6,Calidris canutus,436
62,6,Carduelis carduelis,419
62,6,Gavia adamsii,413
62,6,Calidris ferruginea,398
62,6,Limosa limosa,365
62,6,Falco columbarius,350
62,6,Lagopus muta,349
62,6,Corvus frugilegus,347
62,6,Larus hyperboreus,334
62,6,Sylvia borin,332
62,6,Phoenicurus phoenicurus,324
62,6,Lymnocryptes minimus,318
62,6,Dryobates minor,316
62,6,Loxia curvirostra,313
62,6,Cygnus olor,309
62,6,Luscinia svecica,301
62,6,Spatula clypeata,284
62,6,Sylvia curruca,277
62,6,Anser albifrons,270
62,6,Stercorarius skua,265
62,6,Mareca strepera,262
62,6,Lagopus lagopus,258
62,6,Lanius excubitor,252
62,6,Picus canus,237
62,6,Rallus aquaticus,235
62,6,Saxicola rubicola,235
62,6,Alle alle,229
62,6,Aquila chrysaetos,215
62,6,Branta bernicla,211
62,6,Motacilla cinerea,209
62,6,Tringa erythropus,198
62,6,Fratercula arctica,197
62,6,Nucifraga caryocatactes,192
62,6,Loxia pytyopsittacus,191
62,6,Calcarius lapponicus,188
62,6,Coturnix coturnix,182
62,6,Surnia ulula,166
62,6,Motacilla flava,164
62,6,Phylloscopus inornatus,158
62,6,Tringa glareola,155
62,6,Turdus viscivorus,149
62,6,Fulmarus glacialis,145
62,6,Aix galericulata,143
62,6,Puffinus griseus,139
62,6,Gallinula chloropus,131
62,6,Corvus corone,131
62,6,Locustella naevia,129
62,6,Buteo lagopus,125
62,6,Fulica atra,119
62,6,Somateria spectabilis,119
62,6,Hydrobates pelagicus,115
62,6,Aythya ferina,113
62,6,Anser fabalis,112
62,6,Crex crex,110
62,6,Dryocopus martius,107
62,6,Mergellus albellus,107
62,6,Tetrao urogallus,102
62,6,Calidris temminckii,97
62,6,Loxia leucoptera,97
62,6,Tringa ochropus,93
62,6,Puffinus puffinus,83
62,6,Asio flammeus,81
62,6,Stercorarius pomarinus,80
62,6,Acanthis hornemanni,78
62,6,Thalasseus sandvicensis,76
62,6,Jynx torquilla,76
62,6,Phylloscopus sibillatrix,74
62,6,Acrocephalus palustris,66
62,6,Anser indicus,64
62,6,Anthus richardi,59
62,6,Ardea alba,59
62,6,Columba oenas,56
62,6,Anser serrirostris,51
62,6,Falco rusticolus,51
62,6,Spatula querquedula,51
62,6,Circus aeruginosus,50
62,6,Pinicola enucleator,50
62,6,Glaucidium passerinum,46
62,6,Circus cyaneus,45
62,6,Podiceps cristatus,44
62,6,Anser caerulescens,44
62,6,Charadrius morinellus,41
62,6,Pastor roseus,41
62,6,Picoides tridactylus,38
62,6,Hydrocoloeus minutus,38
62,6,Eremophila alpestris,38
62,6,Egretta garzetta,37
62,6,Asio otus,37
62,6,Xema sabini,36
62,6,Emberiza pusilla,36
62,6,Mareca americana,35
62,6,Pandion haliaetus,34
62,6,Lanius collurio,34
62,6,Burhinus oedicnemus,33
62,6,Calidris melanotos,32
62,6,Lullula arborea,30
62,6,Sylvia nisoria,30
62,6,Stercorarius longicaudus,29
62,6,Streptopelia turtur,27
62,6,Acrocephalus dumetorum,26
62,6,Ciconia ciconia,25
62,6,Acrocephalus arundinaceus,25
62,6,Locustella luscinioides,25
62,6,Phalaropus lobatus,25
62,6,Calidris falcinellus,25
62,6,Porzana porzana,24
62,6,Anser erythropus,24
62,6,Anas carolinensis,24
62,6,Zonotrichia leucophrys,24
62,6,Lanius minor,23
62,6,Carpodacus erythrinus,23
62,6,Cygnus columbianus,23
62,6,Ficedula parva,21
62,6,Vanellus leucurus,20
62,6,Aegolius funereus,19
62,6,Ichthyaetus melanocephalus,19
62,6,Calidris subruficollis,18
62,6,Bubulcus ibis,17
62,6,Locustella fluviatilis,17
62,6,Anthus hodgsoni,16
62,6,Upupa epops,16
62,6,Recurvirostra avosetta,14
62,6,Plegadis falcinellus,14
62,6,Melanocorypha bimaculata,14
62,6,Coracias garrulus,13
62,6,Calandrella brachydactyla,13
62,6,Branta ruficollis,13
62,6,Phoenicurus ochruros,13
62,6,Buteo buteo,12
62,6,Oceanodroma leucorhoa,12
62,6,Luscinia luscinia,12
62,6,Bubo bubo,12
62,6,Emberiza hortulana,11
62,6,Acrocephalus agricola,11
62,6,Oenanthe isabellina,11
62,6,Saxicola maurus,11
62,6,Phylloscopus humei,11
62,6,Curruca cantillans,11
62,6,Phasianus colchicus,11
62,6,Chroicocephalus philadelphia,10
62,6,Regulus ignicapilla,10
62,6,Cairina moschata,10
62,6,Merops apiaster,9
62,6,Actitis macularius,9
62,6,Anthus cervinus,9
62,6,Motacilla citreola,9
62,6,Larus cachinnans,8
62,6,Gallinago media,8
62,6,Emberiza rustica,8
62,6,Turdus atrogularis,8
62,6,Milvus migrans,8
62,6,Phalaropus fulicarius,8
62,6,Branta hutchinsii,8
62,6,Emberiza melanocephala,8
62,6,Calidris fuscicollis,7
62,6,Phylloscopus proregulus,7
62,6,Chlidonias niger,6
62,6,Phylloscopus trochiloides,6
62,6,Anser rossii,6
62,6,Larus smithsonianus,6
62,6,Glareola nordmanni,5
62,6,Anthus gustavi,5
62,6,Phylloscopus borealis,5
62,6,Acrocephalus scirpaceus,5
62,6,Melanitta perspicillata,5
62,6,Puffinus gravis,5
62,6,Puffinus mauretanicus,5
62,6,Iduna caligata,5
62,6,Charadrius dubius,5
62,8,Parus major,11680
62,8,Cyanistes caeruleus,8173
62,8,Pyrrhula pyrrhula,7475
62,8,Turdus pilaris,7378
62,8,Larus canus,7297
62,8,Poecile montanus,6565
62,8,Fringilla coelebs,6557
62,8,Corvus cornix,6495
62,8,Acanthis flammea,6274
62,8,Anthus pratensis,6209
62,8,Sitta europaea,6194
62,8,Phylloscopus trochilus,6182
62,8,Chloris chloris,6077
62,8,Dendrocopos major,6028
62,8,Grus grus,5803
62,8,Tringa totanus,5587
62,8,Anas platyrhynchos,5182
62,8,Fringilla montifringilla,5029
62,8,Spinus spinus,5000
62,8,Pica pica,4978
62,8,Motacilla alba,4935
62,8,Aythya fuligula,4887
62,8,Turdus merula,4691
62,8,Turdus iliacus,4653
62,8,Falco tinnunculus,4332
62,8,Cygnus cygnus,4256
62,8,Corvus corax,4154
62,8,Pluvialis apricaria,4140
62,8,Luscinia svecica,4038
62,8,Emberiza schoeniclus,3953
62,8,Actitis hypoleucos,3797
62,8,Anas crecca,3781
62,8,Erithacus rubecula,3720
62,8,Periparus ater,3670
62,8,Bucephala clangula,3583
62,8,Oenanthe oenanthe,3423
62,8,Emberiza citrinella,3299
62,8,Mareca penelope,3227
62,8,Phylloscopus collybita,3179
62,8,Lagopus lagopus,3057
62,8,Poecile palustris,3006
62,8,Sturnus vulgaris,3004
62,8,Mergus serrator,2953
62,8,Columba palumbus,2910
62,8,Cuculus canorus,2896
62,8,Motacilla flava,2809
62,8,Gallinago gallinago,2778
62,8,Numenius arquata,2612
62,8,Tringa nebularia,2595
62,8,Gavia arctica,2502
62,8,Vanellus vanellus,2488
62,8,Haematopus ostralegus,2469
62,8,Ardea cinerea,2458
62,8,Ficedula hypoleuca,2410
62,8,Lagopus muta,2356
62,8,Charadrius hiaticula,2298
62,8,Hirundo rustica,2245
62,8,Haliaeetus albicilla,2216
62,8,Passer montanus,2185
62,8,Mergus merganser,2165
62,8,Turdus philomelos,2155
62,8,Turdus torquatus,2045
62,8,Larus argentatus,2011
62,8,Tringa glareola,1993
62,8,Chroicocephalus ridibundus,1860
62,8,Buteo lagopus,1854
62,8,Prunella modularis,1846
62,8,Garrulus glandarius,1799
62,8,Numenius phaeopus,1798
62,8,Apus apus,1741
62,8,Passer domesticus,1688
62,8,Troglodytes troglodytes,1650
62,8,Branta canadensis,1624
62,8,Cinclus cinclus,1581
62,8,Anser anser,1534
62,8,Calidris alpina,1506
62,8,Accipiter nisus,1504
62,8,Phoenicurus phoenicurus,1498
62,8,Coccothraustes coccothraustes,1483
62,8,Clangula hyemalis,1456
62,8,Sylvia atricapilla,1447
62,8,Melanitta nigra,1391
62,8,Podiceps auritus,1384
62,8,Falco columbarius,1341
62,8,Larus marinus,1322
62,8,Delichon urbicum,1318
62,8,Sterna paradisaea,1305
62,8,Picus viridis,1268
62,8,Saxicola rubetra,1228
62,8,Somateria mollissima,1209
62,8,Calidris temminckii,1200
62,8,Phalacrocorax carbo,1179
62,8,Calcarius lapponicus,1158
62,8,Coloeus monedula,1149
62,8,Bombycilla garrulus,1148
62,8,Anthus trivialis,1142
62,8,Certhia familiaris,1119
62,8,Charadrius morinellus,1111
62,8,Lyrurus tetrix,1083
62,8,Turdus viscivorus,1070
62,8,Plectrophenax nivalis,1064
62,8,Phalaropus lobatus,1058
62,8,Aegithalos caudatus,1006
62,8,Lophophanes cristatus,993
62,8,Muscicapa striata,973
62,8,Picus canus,970
62,8,Linaria flavirostris,954
62,8,Eremophila alpestris,953
62,8,Regulus regulus,934
62,8,Melanitta fusca,924
62,8,Lanius excubitor,834
62,8,Riparia riparia,812
62,8,Hippolais icterina,800
62,8,Aquila chrysaetos,767
62,8,Anser brachyrhynchus,744
62,8,Gavia stellata,739
62,8,Larus fuscus,727
62,8,Scolopax rusticola,726
62,8,Aythya marila,722
62,8,Strix aluco,718
62,8,Surnia ulula,686
62,8,Dryobates minor,671
62,8,Circus cyaneus,654
62,8,Sylvia communis,648
62,8,Motacilla cinerea,635
62,8,Sylvia curruca,630
62,8,Sylvia borin,612
62,8,Calidris pugnax,600
62,8,Asio flammeus,590
62,8,Perisoreus infaustus,571
62,8,Tringa ochropus,544
62,8,Nucifraga caryocatactes,526
62,8,Anas acuta,517
62,8,Acrocephalus schoenobaenus,498
62,8,Accipiter gentilis,480
62,8,Dryocopus martius,478
62,8,Carduelis carduelis,461
62,8,Dendrocopos leucotos,435
62,8,Alauda arvensis,418
62,8,Acanthis hornemanni,414
62,8,Tetrao urogallus,380
62,8,Loxia curvirostra,379
62,8,Loxia pytyopsittacus,376
62,8,Picoides tridactylus,364
62,8,Falco peregrinus,329
62,8,Stercorarius longicaudus,290
62,8,Coturnix coturnix,227
62,8,Aegolius funereus,208
62,8,Pinicola enucleator,203
62,8,Mareca strepera,190
62,8,Columba livia,180
62,8,Spatula clypeata,179
62,8,Asio otus,169
62,8,Cygnus olor,169
62,8,Tadorna tadorna,162
62,8,Tachybaptus ruficollis,144
62,8,Falco rusticolus,139
62,8,Glaucidium passerinum,137
62,8,Anthus petrosus,131
62,8,Jynx torquilla,131
62,8,Branta leucopsis,127
62,8,Acrocephalus dumetorum,126
62,8,Linaria cannabina,126
62,8,Anser albifrons,117
62,8,Tetrastes bonasia,114
62,8,Spatula querquedula,113
62,8,Buteo buteo,112
62,8,Streptopelia decaocto,110
62,8,Limosa lapponica,106
62,8,Calidris maritima,106
62,8,Somateria spectabilis,105
62,8,Calidris minuta,100
62,8,Corvus frugilegus,99
62,8,Sterna hirundo,99
62,8,Limosa limosa,98
62,8,Aix galericulata,93
62,8,Phoenicurus ochruros,92
62,8,Phylloscopus sibillatrix,90
62,8,Calidris canutus,89
62,8,Circus macrourus,86
62,8,Gallinago media,86
62,8,Circus aeruginosus,80
62,8,Larus glaucoides,76
62,8,Columba oenas,75
62,8,Crex crex,74
62,8,Pandion haliaetus,73
62,8,Lymnocryptes minimus,72
62,8,Hydrocoloeus minutus,69
62,8,Rallus aquaticus,67
62,8,Phylloscopus inornatus,65
62,8,Pluvialis squatarola,59
62,8,Anser indicus,58
62,8,Anser serrirostris,56
62,8,Tringa erythropus,51
62,8,Anser fabalis,42
62,8,Acrocephalus palustris,41
62,8,Uria aalge,39
62,8,Larus hyperboreus,38
62,8,Calidris alba,35
62,8,Fulica atra,34
62,8,Calidris ferruginea,34
62,8,Alcedo atthis,33
62,8,Charadrius dubius,33
62,8,Alca torda,33
62,8,Calidris falcinellus,32
62,8,Arenaria interpres,31
62,8,Podiceps grisegena,31
62,8,Locustella naevia,31
62,8,Mergellus albellus,29
62,8,Lanius collurio,29
62,8,Ardea alba,29
62,8,Loxia leucoptera,28
62,8,Upupa epops,27
62,8,Saxicola rubicola,26
62,8,Anthus cervinus,23
62,8,Gavia immer,22
62,8,Ciconia ciconia,21
62,8,Poecile cinctus,21
62,8,Streptopelia orientalis,21
62,8,Gallinula chloropus,19
62,8,Branta bernicla,19
62,8,Corvus corone,19
62,8,Rissa tridactyla,17
62,8,Emberiza pusilla,16
62,8,Podiceps cristatus,15
62,8,Tadorna ferruginea,15
62,8,Melanitta perspicillata,15
62,8,Alle alle,13
62,8,Stercorarius parasiticus,12
62,8,Aythya ferina,12
62,8,Luscinia luscinia,11
62,8,Carpodacus erythrinus,11
62,8,Anas carolinensis,11
62,8,Porzana porzana,10
62,8,Pastor roseus,10
62,8,Emberiza leucocephalos,9
62,8,Streptopelia turtur,8
62,8,Bubo bubo,8
62,8,Sylvia nisoria,7
62,8,Falco subbuteo,6
62,8,Locustella fluviatilis,6
62,8,Pernis apivorus,5
62,8,Neophron percnopterus,5
62,8,Chlidonias leucopterus,5
62,8,Cepphus grylle,5
62,8,Motacilla citreola,5
62,8,Milvus migrans,5
62,10,Bucephala clangula,6546
62,10,Aythya fuligula,6078
62,10,Anas platyrhynchos,5749
62,10,Larus canus,4973
62,10,Grus grus,4861
62,10,Anas crecca,4860
62,10,Turdus pilaris,4593
62,10,Tringa totanus,4578
62,10,Parus major,4524
62,10,Falco tinnunculus,4522
62,10,Poecile montanus,4423
62,10,Phylloscopus trochilus,4118
62,10,Mareca penelope,3978
62,10,Cygnus cygnus,3616
62,10,Pyrrhula pyrrhula,3607
62,10,Pica pica,3569
62,10,Fringilla montifringilla,3378
62,10,Podiceps auritus,3359
62,10,Tringa nebularia,3329
62,10,Actitis hypoleucos,3304
62,10,Pluvialis apricaria,3275
62,10,Anthus pratensis,3125
62,10,Corvus cornix,3083
62,10,Fringilla coelebs,3079
62,10,Motacilla alba,3013
62,10,Vanellus vanellus,2970
62,10,Tringa glareola,2943
62,10,Turdus iliacus,2835
62,10,Acanthis flammea,2803
62,10,Chloris chloris,2752
62,10,Emberiza schoeniclus,2742
62,10,Cyanistes caeruleus,2653
62,10,Columba palumbus,2643
62,10,Motacilla flava,2573
62,10,Sitta europaea,2523
62,10,Gavia arctica,2504
62,10,Corvus corax,2444
62,10,Mergus merganser,2409
62,10,Numenius arquata,2233
62,10,Buteo lagopus,2175
62,10,Numenius phaeopus,2136
62,10,Dendrocopos major,2089
62,10,Chroicocephalus ridibundus,2082
62,10,Spinus spinus,2050
62,10,Cuculus canorus,1868
62,10,Gallinago gallinago,1809
62,10,Luscinia svecica,1765
62,10,Lagopus lagopus,1748
62,10,Ficedula hypoleuca,1745
62,10,Ardea cinerea,1668
62,10,Turdus viscivorus,1646
62,10,Oenanthe oenanthe,1608
62,10,Emberiza citrinella,1596
62,10,Sturnus vulgaris,1564
62,10,Turdus philomelos,1522
62,10,Hirundo rustica,1511
62,10,Lyrurus tetrix,1510
62,10,Turdus merula,1474
62,10,Mergus serrator,1455
62,10,Garrulus glandarius,1440
62,10,Melanitta fusca,1434
62,10,Erithacus rubecula,1414
62,10,Cinclus cinclus,1413
62,10,Perisoreus infaustus,1331
62,10,Phylloscopus collybita,1257
62,10,Sterna paradisaea,1241
62,10,Periparus ater,1189
62,10,Passer montanus,1179
62,10,Phoenicurus phoenicurus,1168
62,10,Surnia ulula,1154
62,10,Charadrius hiaticula,1121
62,10,Falco columbarius,1057
62,10,Melanitta nigra,1020
62,10,Apus apus,1015
62,10,Accipiter nisus,1004
62,10,Gavia stellata,942
62,10,Prunella modularis,920
62,10,Coloeus monedula,913
62,10,Picus canus,868
62,10,Calidris alpina,806
62,10,Clangula hyemalis,784
62,10,Riparia riparia,782
62,10,Tetrao urogallus,763
62,10,Delichon urbicum,760
62,10,Turdus torquatus,745
62,10,Tringa ochropus,742
62,10,Saxicola rubetra,696
62,10,Hydrocoloeus minutus,693
62,10,Calidris pugnax,685
62,10,Branta canadensis,682
62,10,Anthus trivialis,678
62,10,Scolopax rusticola,666
62,10,Asio flammeus,656
62,10,Regulus regulus,655
62,10,Bombycilla garrulus,646
62,10,Muscicapa striata,624
62,10,Phalaropus lobatus,580
62,10,Passer domesticus,553
62,10,Lanius excubitor,547
62,10,Sylvia curruca,529
62,10,Anser brachyrhynchus,521
62,10,Haliaeetus albicilla,496
62,10,Lophophanes cristatus,487
62,10,Aegolius funereus,476
62,10,Anas acuta,459
62,10,Lagopus muta,452
62,10,Calcarius lapponicus,441
62,10,Buteo buteo,434
62,10,Loxia curvirostra,429
62,10,Certhia familiaris,418
62,10,Asio otus,413
62,10,Circus cyaneus,404
62,10,Calidris temminckii,403
62,10,Columba livia,398
62,10,Dryobates minor,396
62,10,Troglodytes troglodytes,392
62,10,Aquila chrysaetos,361
62,10,Dryocopus martius,356
62,10,Accipiter gentilis,353
62,10,Picoides tridactylus,350
62,10,Pandion haliaetus,341
62,10,Motacilla cinerea,326
62,10,Loxia pytyopsittacus,318
62,10,Hippolais icterina,314
62,10,Larus argentatus,285
62,10,Anser anser,283
62,10,Stercorarius longicaudus,280
62,10,Carduelis carduelis,274
62,10,Sylvia borin,266
62,10,Nucifraga caryocatactes,261
62,10,Glaucidium passerinum,248
62,10,Sylvia atricapilla,240
62,10,Plectrophenax nivalis,227
62,10,Pinicola enucleator,214
62,10,Tetrastes bonasia,204
62,10,Acanthis hornemanni,191
62,10,Phalacrocorax carbo,185
62,10,Aythya marila,184
62,10,Falco peregrinus,183
62,10,Charadrius morinellus,174
62,10,Fulica atra,169
62,10,Spatula clypeata,162
62,10,Coccothraustes coccothraustes,153
62,10,Linaria flavirostris,144
62,10,Poecile cinctus,128
62,10,Charadrius dubius,128
62,10,Haematopus ostralegus,120
62,10,Gallinago media,118
62,10,Circus aeruginosus,114
62,10,Aegithalos caudatus,111
62,10,Jynx torquilla,110
62,10,Calidris falcinellus,109
62,10,Linaria cannabina,106
62,10,Picus viridis,105
62,10,Alauda arvensis,98
62,10,Eremophila alpestris,95
62,10,Strix aluco,81
62,10,Phylloscopus sibillatrix,78
62,10,Larus fuscus,76
62,10,Spatula querquedula,72
62,10,Aix galericulata,70
62,10,Mareca strepera,66
62,10,Coturnix coturnix,62
62,10,Tadorna tadorna,62
62,10,Poecile palustris,58
62,10,Falco rusticolus,56
62,10,Circus macrourus,55
62,10,Tachybaptus ruficollis,53
62,10,Mergellus albellus,52
62,10,Lanius collurio,51
62,10,Sterna hirundo,48
62,10,Crex crex,47
62,10,Branta leucopsis,47
62,10,Phoenicurus ochruros,45
62,10,Streptopelia decaocto,39
62,10,Loxia leucoptera,39
62,10,Turdus atrogularis,36
62,10,Bubulcus ibis,30
62,10,Sylvia communis,30
62,10,Tringa erythropus,29
62,10,Aythya collaris,27
62,10,Podiceps nigricollis,26
62,10,Larus marinus,25
62,10,Milvus migrans,25
62,10,Aythya ferina,24
62,10,Cygnus olor,21
62,10,Calidris maritima,20
62,10,Corvus frugilegus,20
62,10,Lanius minor,19
62,10,Columba oenas,19
62,10,Milvus milvus,19
62,10,Locustella fluviatilis,17
62,10,Upupa epops,16
62,10,Limosa lapponica,15
62,10,Anthus petrosus,15
62,10,Anas carolinensis,15
62,10,Branta bernicla,15
62,10,Porzana porzana,13
62,10,Arenaria interpres,13
62,10,Acrocephalus schoenobaenus,13
62,10,Acrocephalus palustris,13
62,10,Strix nebulosa,13
62,10,Calidris canutus,12
62,10,Carpodacus erythrinus,12
62,10,Calidris melanotos,11
62,10,Calidris minuta,11
62,10,Limosa limosa,10
62,10,Anser fabalis,10
62,10,Anser indicus,10
62,10,Anser albifrons,9
62,10,Ardea alba,9
62,10,Falco subbuteo,8
62,10,Emberiza pusilla,8
62,10,Phylloscopus inornatus,8
62,10,Gallinula chloropus,8
62,10,Pernis apivorus,7
62,10,Egretta garzetta,7
62,10,Lymnocryptes minimus,7
62,10,Streptopelia turtur,7
62,10,Somateria mollissima,7
62,10,Spatula cyanoptera,7
62,10,Corvus corone,7
62,10,Chlidonias niger,6
62,10,Acrocephalus dumetorum,6
62,10,Dendrocopos leucotos,5
62,10,Ciconia ciconia,5
62,10,Anser serrirostris,5
62,12,Anthus pratensis,268
62,12,Gavia arctica,231
62,12,Phylloscopus trochilus,228
62,12,Fringilla montifringilla,220
62,12,Oenanthe oenanthe,205
62,12,Motacilla flava,202
62,12,Larus canus,201
62,12,Poecile montanus,193
62,12,Pluvialis apricaria,186
62,12,Melanitta nigra,169
62,12,Turdus pilaris,165
62,12,Cuculus canorus,150
62,12,Numenius phaeopus,149
62,12,Tringa totanus,148
62,12,Tringa nebularia,138
62,12,Acanthis flammea,137
62,12,Lagopus lagopus,132
62,12,Phoenicurus phoenicurus,122
62,12,Motacilla alba,122
62,12,Corvus corax,121
62,12,Actitis hypoleucos,119
62,12,Anas crecca,101
62,12,Corvus cornix,100
62,12,Bucephala clangula,98
62,12,Spinus spinus,93
62,12,Parus major,92
62,12,Turdus iliacus,90
62,12,Tringa glareola,88
62,12,Perisoreus infaustus,88
62,12,Emberiza schoeniclus,86
62,12,Falco tinnunculus,81
62,12,Aythya fuligula,77
62,12,Dendrocopos major,75
62,12,Turdus torquatus,75
62,12,Luscinia svecica,69
62,12,Lagopus muta,67
62,12,Turdus viscivorus,66
62,12,Ficedula hypoleuca,65
62,12,Poecile cinctus,63
62,12,Fringilla coelebs,63
62,12,Gallinago gallinago,58
62,12,Mergus serrator,57
62,12,Falco columbarius,56
62,12,Tetrao urogallus,55
62,12,Sterna paradisaea,55
62,12,Buteo lagopus,54
62,12,Turdus philomelos,53
62,12,Anas platyrhynchos,52
62,12,Plectrophenax nivalis,49
62,12,Mareca penelope,49
62,12,Lophophanes cristatus,48
62,12,Limosa lapponica,45
62,12,Gavia stellata,45
62,12,Lyrurus tetrix,44
62,12,Picoides tridactylus,43
62,12,Pyrrhula pyrrhula,43
62,12,Pandion haliaetus,42
62,12,Regulus regulus,42
62,12,Anthus trivialis,42
62,12,Cygnus cygnus,42
62,12,Bombycilla garrulus,37
62,12,Cinclus cinclus,37
62,12,Erithacus rubecula,35
62,12,Muscicapa striata,35
62,12,Grus grus,34
62,12,Columba palumbus,33
62,12,Clangula hyemalis,33
62,12,Calidris alpina,32
62,12,Hydrocoloeus minutus,30
62,12,Chloris chloris,29
62,12,Pica pica,27
62,12,Sitta europaea,25
62,12,Loxia pytyopsittacus,24
62,12,Mergus merganser,23
62,12,Charadrius morinellus,22
62,12,Charadrius hiaticula,22
62,12,Loxia curvirostra,22
62,12,Sylvia curruca,20
62,12,Delichon urbicum,19
62,12,Aquila chrysaetos,18
62,12,Prunella modularis,17
62,12,Haliaeetus albicilla,16
62,12,Lanius excubitor,16
62,12,Chroicocephalus ridibundus,15
62,12,Dryocopus martius,14
62,12,Vanellus vanellus,14
62,12,Melanitta fusca,14
62,12,Jynx torquilla,14
62,12,Accipiter nisus,13
62,12,Scolopax rusticola,13
62,12,Numenius arquata,13
62,12,Turdus merula,13
62,12,Calidris falcinellus,13
62,12,Stercorarius longicaudus,12
62,12,Certhia familiaris,12
62,12,Surnia ulula,12
62,12,Larus argentatus,11
62,12,Dryobates minor,11
62,12,Hirundo rustica,11
62,12,Tringa ochropus,10
62,12,Phalaropus lobatus,10
62,12,Cyanistes caeruleus,9
62,12,Calcarius lapponicus,9
62,12,Phylloscopus collybita,9
62,12,Aythya marila,9
62,12,Apus apus,9
62,12,Larus fuscus,8
62,12,Falco rusticolus,8
62,12,Calidris temminckii,7
62,12,Hippolais icterina,7
62,12,Spatula clypeata,7
62,12,Motacilla cinerea,6
62,12,Asio flammeus,6
62,12,Anas acuta,6
62,12,Troglodytes troglodytes,6
62,12,Phylloscopus sibillatrix,6
62,12,Calidris pugnax,6
62,12,Sturnus vulgaris,6
62,12,Tringa erythropus,5
63,4,Rissa tridactyla,60
63,4,Fulmarus glacialis,55
63,4,Larus marinus,53
63,4,Morus bassanus,39
63,4,Larus argentatus,38
63,4,Larus fuscus,30
63,4,Stercorarius skua,30
63,4,Stercorarius parasiticus,25
63,4,Larus hyperboreus,23
63,4,Corvus cornix,16
63,4,Larus glaucoides,14
63,4,Oenanthe oenanthe,10
63,4,Hirundo rustica,10
63,4,Falco tinnunculus,9
63,4,Larus canus,7
63,4,Stercorarius pomarinus,6
63,4,Plectrophenax nivalis,6
63,4,Loxia curvirostra,6
63,4,Accipiter nisus,5
63,4,Uria aalge,5
63,4,Asio otus,5
63,4,Phoenicurus phoenicurus,5
63,4,Motacilla alba,5
63,6,Larus argentatus,2839
63,6,Larus marinus,2833
63,6,Haliaeetus albicilla,2704
63,6,Turdus merula,2598
63,6,Ardea cinerea,2512
63,6,Corvus cornix,2359
63,6,Larus canus,2305
63,6,Parus major,2037
63,6,Somateria mollissima,1988
63,6,Haematopus ostralegus,1938
63,6,Anser anser,1828
63,6,Chloris chloris,1754
63,6,Mergus serrator,1737
63,6,Sturnus vulgaris,1724
63,6,Pica pica,1618
63,6,Fringilla coelebs,1578
63,6,Erithacus rubecula,1491
63,6,Phalacrocorax carbo,1428
63,6,Numenius arquata,1326
63,6,Hirundo rustica,1311
63,6,Turdus pilaris,1253
63,6,Phylloscopus collybita,1166
63,6,Anas platyrhynchos,1153
63,6,Cyanistes caeruleus,1066
63,6,Columba palumbus,1066
63,6,Corvus corax,1064
63,6,Anthus pratensis,1044
63,6,Passer domesticus,1039
63,6,Streptopelia decaocto,997
63,6,Sylvia atricapilla,946
63,6,Acanthis flammea,928
63,6,Phylloscopus trochilus,890
63,6,Motacilla alba,841
63,6,Turdus iliacus,825
63,6,Rissa tridactyla,803
63,6,Vanellus vanellus,772
63,6,Anthus petrosus,732
63,6,Troglodytes troglodytes,704
63,6,Tringa totanus,694
63,6,Fringilla montifringilla,545
63,6,Turdus philomelos,535
63,6,Phalacrocorax aristotelis,531
63,6,Spinus spinus,524
63,6,Morus bassanus,512
63,6,Scolopax rusticola,510
63,6,Dendrocopos major,498
63,6,Bucephala clangula,489
63,6,Gallinago gallinago,486
63,6,Accipiter nisus,483
63,6,Cygnus cygnus,455
63,6,Columba livia,451
63,6,Sterna hirundo,432
63,6,Charadrius hiaticula,425
63,6,Carduelis carduelis,423
63,6,Bombycilla garrulus,422
63,6,Cepphus grylle,407
63,6,Pyrrhula pyrrhula,406
63,6,Pluvialis apricaria,404
63,6,Stercorarius parasiticus,399
63,6,Cuculus canorus,398
63,6,Sitta europaea,380
63,6,Oenanthe oenanthe,377
63,6,Clangula hyemalis,367
63,6,Prunella modularis,367
63,6,Cygnus olor,363
63,6,Grus grus,362
63,6,Linaria flavirostris,358
63,6,Melanitta nigra,354
63,6,Sylvia communis,335
63,6,Larus fuscus,330
63,6,Picus viridis,325
63,6,Sterna paradisaea,321
63,6,Actitis hypoleucos,320
63,6,Emberiza citrinella,315
63,6,Periparus ater,313
63,6,Passer montanus,297
63,6,Chroicocephalus ridibundus,284
63,6,Poecile montanus,282
63,6,Branta canadensis,273
63,6,Arenaria interpres,262
63,6,Melanitta fusca,259
63,6,Anas crecca,253
63,6,Alauda arvensis,233
63,6,Calidris maritima,228
63,6,Regulus regulus,225
63,6,Falco tinnunculus,221
63,6,Calidris alpina,220
63,6,Picus canus,208
63,6,Tadorna tadorna,202
63,6,Lophophanes cristatus,198
63,6,Gavia stellata,192
63,6,Tachybaptus ruficollis,185
63,6,Aegithalos caudatus,184
63,6,Poecile palustris,181
63,6,Uria aalge,177
63,6,Certhia familiaris,161
63,6,Ficedula hypoleuca,159
63,6,Saxicola rubicola,159
63,6,Strix aluco,155
63,6,Gavia immer,154
63,6,Falco columbarius,148
63,6,Emberiza schoeniclus,146
63,6,Limosa lapponica,144
63,6,Lyrurus tetrix,132
63,6,Larus hyperboreus,132
63,6,Garrulus glandarius,131
63,6,Sylvia curruca,127
63,6,Loxia pytyopsittacus,122
63,6,Anser brachyrhynchus,122
63,6,Calidris pugnax,121
63,6,Loxia curvirostra,121
63,6,Falco peregrinus,120
63,6,Saxicola rubetra,113
63,6,Linaria cannabina,112
63,6,Aythya fuligula,111
63,6,Numenius phaeopus,110
63,6,Plectrophenax nivalis,104
63,6,Lanius excubitor,101
63,6,Larus glaucoides,94
63,6,Branta leucopsis,94
63,6,Phoenicurus phoenicurus,94
63,6,Podiceps auritus,92
63,6,Mareca penelope,89
63,6,Podiceps grisegena,87
63,6,Dendrocopos leucotos,86
63,6,Alle alle,86
63,6,Anthus trivialis,86
63,6,Alca torda,84
63,6,Accipiter gentilis,80
63,6,Gavia arctica,77
63,6,Tringa nebularia,75
63,6,Delichon urbicum,70
63,6,Muscicapa striata,70
63,6,Fulmarus glacialis,69
63,6,Gavia adamsii,69
63,6,Acrocephalus schoenobaenus,67
63,6,Turdus torquatus,64
63,6,Pinicola enucleator,62
63,6,Stercorarius skua,58
63,6,Puffinus griseus,58
63,6,Aquila chrysaetos,57
63,6,Hippolais icterina,57
63,6,Fratercula arctica,56
63,6,Coloeus monedula,55
63,6,Loxia leucoptera,49
63,6,Mareca strepera,49
63,6,Apus apus,48
63,6,Mergus merganser,48
63,6,Nucifraga caryocatactes,46
63,6,Asio flammeus,46
63,6,Anas acuta,46
63,6,Pluvialis squatarola,45
63,6,Limosa limosa,44
63,6,Turdus viscivorus,44
63,6,Cinclus cinclus,44
63,6,Mergellus albellus,42
63,6,Anser albifrons,41
63,6,Riparia riparia,40
63,6,Streptopelia turtur,39
63,6,Buteo lagopus,37
63,6,Lymnocryptes minimus,36
63,6,Phylloscopus inornatus,35
63,6,Dryocopus martius,34
63,6,Lagopus lagopus,33
63,6,Pluvialis fulva,33
63,6,Falco rusticolus,33
63,6,Coccothraustes coccothraustes,32
63,6,Coturnix coturnix,31
63,6,Calidris minuta,31
63,6,Anser indicus,29
63,6,Stercorarius pomarinus,28
63,6,Calidris canutus,28
63,6,Rallus aquaticus,27
63,6,Aythya marila,27
63,6,Branta bernicla,27
63,6,Acanthis hornemanni,26
63,6,Puffinus puffinus,25
63,6,Motacilla flava,24
63,6,Calidris ferruginea,23
63,6,Corvus frugilegus,23
63,6,Motacilla cinerea,23
63,6,Calcarius lapponicus,23
63,6,Upupa epops,23
63,6,Sylvia borin,21
63,6,Circus cyaneus,20
63,6,Emberiza melanocephala,20
63,6,Stercorarius longicaudus,18
63,6,Melanocorypha calandra,18
63,6,Aythya ferina,18
63,6,Hydrobates pelagicus,18
63,6,Dryobates minor,17
63,6,Circus aeruginosus,16
63,6,Calidris alba,16
63,6,Buteo buteo,15
63,6,Anser fabalis,15
63,6,Tringa glareola,14
63,6,Podiceps cristatus,14
63,6,Ardea alba,14
63,6,Tetrao urogallus,13
63,6,Pandion haliaetus,13
63,6,Glareola nordmanni,13
63,6,Surnia ulula,13
63,6,Somateria spectabilis,13
63,6,Glaucidium passerinum,13
63,6,Jynx torquilla,13
63,6,Fulica atra,12
63,6,Charadrius morinellus,11
63,6,Locustella naevia,11
63,6,Lanius collurio,11
63,6,Alcedo atthis,10
63,6,Gallinula chloropus,10
63,6,Hydrocoloeus minutus,10
63,6,Porzana porzana,9
63,6,Picoides tridactylus,9
63,6,Tringa ochropus,9
63,6,Polysticta stelleri,9
63,6,Eremophila alpestris,9
63,6,Cairina moschata,9
63,6,Egretta garzetta,8
63,6,Xema sabini,8
63,6,Calidris temminckii,8
63,6,Corvus corone,8
63,6,Lanius minor,7
63,6,Acrocephalus dumetorum,7
63,6,Crex crex,7
63,6,Phalaropus fulicarius,7
63,6,Spatula clypeata,7
63,6,Tringa erythropus,6
63,6,Lullula arborea,6
63,6,Luscinia svecica,6
63,6,Luscinia megarhynchos,6
63,6,Spatula querquedula,6
63,6,Thalasseus sandvicensis,5
63,6,Burhinus oedicnemus,5
63,6,Columba oenas,5
63,6,Asio otus,5
63,6,Lagopus muta,5
63,6,Phoenicurus ochruros,5
63,6,Pastor roseus,5
63,6,Anser serrirostris,5
63,8,Anas platyrhynchos,33584
63,8,Mergus serrator,31853
63,8,Corvus cornix,31691
63,8,Larus argentatus,31020
63,8,Ardea cinerea,25294
63,8,Sturnus vulgaris,25146
63,8,Parus major,24879
63,8,Larus canus,24210
63,8,Larus marinus,23863
63,8,Turdus merula,23739
63,8,Haliaeetus albicilla,23575
63,8,Haematopus ostralegus,23545
63,8,Bucephala clangula,22907
63,8,Phalacrocorax carbo,20916
63,8,Pica pica,19835
63,8,Numenius arquata,19191
63,8,Chloris chloris,19180
63,8,Anser anser,18884
63,8,Cyanistes caeruleus,18808
63,8,Emberiza citrinella,18352
63,8,Somateria mollissima,18225
63,8,Phylloscopus collybita,17318
63,8,Passer domesticus,17172
63,8,Turdus pilaris,16600
63,8,Motacilla alba,16526
63,8,Fringilla coelebs,16153
63,8,Cygnus cygnus,15810
63,8,Turdus iliacus,15215
63,8,Erithacus rubecula,14306
63,8,Tringa totanus,13568
63,8,Hirundo rustica,12929
63,8,Anas crecca,12881
63,8,Anthus pratensis,12487
63,8,Acanthis flammea,12113
63,8,Grus grus,11488
63,8,Chroicocephalus ridibundus,10953
63,8,Mareca penelope,10798
63,8,Pyrrhula pyrrhula,10464
63,8,Columba palumbus,10422
63,8,Corvus corax,10355
63,8,Dendrocopos major,9896
63,8,Troglodytes troglodytes,9804
63,8,Melanitta fusca,9590
63,8,Charadrius hiaticula,9365
63,8,Phylloscopus trochilus,9284
63,8,Spinus spinus,9220
63,8,Gallinago gallinago,8833
63,8,Cepphus grylle,8753
63,8,Clangula hyemalis,8726
63,8,Passer montanus,8163
63,8,Vanellus vanellus,8130
63,8,Emberiza schoeniclus,7904
63,8,Poecile montanus,7870
63,8,Gavia stellata,7804
63,8,Sitta europaea,7750
63,8,Periparus ater,7701
63,8,Tadorna tadorna,7694
63,8,Fringilla montifringilla,7651
63,8,Anthus petrosus,7603
63,8,Aythya fuligula,7558
63,8,Larus fuscus,7335
63,8,Turdus philomelos,7158
63,8,Actitis hypoleucos,7039
63,8,Mergus merganser,6766
63,8,Pluvialis apricaria,6542
63,8,Calidris alpina,6477
63,8,Poecile palustris,5714
63,8,Linaria flavirostris,5675
63,8,Gavia arctica,5622
63,8,Alauda arvensis,5410
63,8,Melanitta nigra,5338
63,8,Columba livia,5314
63,8,Tringa nebularia,5258
63,8,Podiceps auritus,5190
63,8,Sylvia atricapilla,5088
63,8,Regulus regulus,4884
63,8,Accipiter nisus,4813
63,8,Oenanthe oenanthe,4803
63,8,Prunella modularis,4597
63,8,Branta canadensis,4480
63,8,Phalacrocorax aristotelis,4470
63,8,Rissa tridactyla,4343
63,8,Calidris maritima,4087
63,8,Garrulus glandarius,4009
63,8,Sylvia communis,3820
63,8,Alca torda,3721
63,8,Acrocephalus schoenobaenus,3715
63,8,Gavia immer,3668
63,8,Saxicola rubetra,3634
63,8,Linaria cannabina,3529
63,8,Ficedula hypoleuca,3309
63,8,Sterna hirundo,3258
63,8,Picus viridis,3234
63,8,Lophophanes cristatus,3114
63,8,Arenaria interpres,3036
63,8,Picus canus,2993
63,8,Tachybaptus ruficollis,2943
63,8,Apus apus,2872
63,8,Certhia familiaris,2813
63,8,Falco peregrinus,2800
63,8,Anser brachyrhynchus,2770
63,8,Morus bassanus,2692
63,8,Calidris pugnax,2650
63,8,Bombycilla garrulus,2644
63,8,Limosa lapponica,2638
63,8,Cuculus canorus,2632
63,8,Alle alle,2546
63,8,Lyrurus tetrix,2543
63,8,Falco columbarius,2450
63,8,Scolopax rusticola,2380
63,8,Streptopelia decaocto,2374
63,8,Podiceps grisegena,2349
63,8,Numenius phaeopus,2348
63,8,Riparia riparia,2293
63,8,Falco tinnunculus,2269
63,8,Anas acuta,2182
63,8,Coloeus monedula,2170
63,8,Stercorarius parasiticus,2137
63,8,Accipiter gentilis,2046
63,8,Mareca strepera,2045
63,8,Sylvia borin,1982
63,8,Uria aalge,1973
63,8,Loxia curvirostra,1967
63,8,Plectrophenax nivalis,1959
63,8,Sterna paradisaea,1951
63,8,Cinclus cinclus,1914
63,8,Delichon urbicum,1876
63,8,Strix aluco,1867
63,8,Turdus torquatus,1855
63,8,Lagopus lagopus,1805
63,8,Loxia pytyopsittacus,1788
63,8,Muscicapa striata,1770
63,8,Branta leucopsis,1761
63,8,Nucifraga caryocatactes,1744
63,8,Hippolais icterina,1719
63,8,Lanius excubitor,1709
63,8,Turdus viscivorus,1682
63,8,Gavia adamsii,1663
63,8,Anthus trivialis,1645
63,8,Phoenicurus phoenicurus,1639
63,8,Cygnus olor,1624
63,8,Calidris canutus,1619
63,8,Spatula clypeata,1588
63,8,Buteo lagopus,1542
63,8,Pluvialis squatarola,1480
63,8,Aegithalos caudatus,1464
63,8,Sylvia curruca,1462
63,8,Larus glaucoides,1344
63,8,Carduelis carduelis,1333
63,8,Calidris minuta,1331
63,8,Dendrocopos leucotos,1262
63,8,Dryocopus martius,1258
63,8,Aquila chrysaetos,1199
63,8,Dryobates minor,1164
63,8,Aythya marila,1076
63,8,Calidris ferruginea,1001
63,8,Coccothraustes coccothraustes,988
63,8,Somateria spectabilis,942
63,8,Larus hyperboreus,882
63,8,Anser albifrons,845
63,8,Tetrao urogallus,837
63,8,Limosa limosa,816
63,8,Fulica atra,793
63,8,Tringa glareola,783
63,8,Acanthis hornemanni,753
63,8,Tringa ochropus,712
63,8,Motacilla flava,708
63,8,Mergellus albellus,705
63,8,Fratercula arctica,702
63,8,Fulmarus glacialis,700
63,8,Corvus corone,689
63,8,Lymnocryptes minimus,642
63,8,Phylloscopus inornatus,593
63,8,Picoides tridactylus,592
63,8,Calidris temminckii,581
63,8,Rallus aquaticus,574
63,8,Loxia leucoptera,567
63,8,Coturnix coturnix,566
63,8,Tringa erythropus,559
63,8,Tetrastes bonasia,555
63,8,Motacilla cinerea,527
63,8,Anser fabalis,519
63,8,Branta bernicla,518
63,8,Asio flammeus,510
63,8,Spatula querquedula,456
63,8,Surnia ulula,453
63,8,Glaucidium passerinum,434
63,8,Pinicola enucleator,432
63,8,Saxicola rubicola,409
63,8,Calidris alba,398
63,8,Corvus frugilegus,389
63,8,Luscinia svecica,345
63,8,Perisoreus infaustus,341
63,8,Falco rusticolus,334
63,8,Sylvia nisoria,329
63,8,Stercorarius skua,322
63,8,Circus aeruginosus,318
63,8,Puffinus griseus,304
63,8,Lagopus muta,288
63,8,Crex crex,271
63,8,Calidris falcinellus,271
63,8,Calcarius lapponicus,259
63,8,Carpodacus erythrinus,252
63,8,Podiceps cristatus,247
63,8,Stercorarius pomarinus,242
63,8,Aix galericulata,239
63,8,Circus cyaneus,237
63,8,Aythya ferina,232
63,8,Aegolius funereus,232
63,8,Ardea alba,227
63,8,Anser indicus,215
63,8,Jynx torquilla,209
63,8,Pandion haliaetus,201
63,8,Locustella naevia,201
63,8,Asio otus,195
63,8,Stercorarius longicaudus,184
63,8,Pastor roseus,177
63,8,Cyanistes cyanus,176
63,8,Acrocephalus palustris,167
63,8,Acrocephalus dumetorum,164
63,8,Phalaropus fulicarius,161
63,8,Phylloscopus sibillatrix,151
63,8,Buteo buteo,150
63,8,Charadrius dubius,148
63,8,Larus michahellis,144
63,8,Phasianus colchicus,143
63,8,Streptopelia turtur,141
63,8,Hydrocoloeus minutus,138
63,8,Emberiza pusilla,136
63,8,Gallinula chloropus,129
63,8,Upupa epops,124
63,8,Anthus richardi,124
63,8,Egretta garzetta,123
63,8,Cygnus columbianus,123
63,8,Columba oenas,122
63,8,Anser serrirostris,120
63,8,Porzana porzana,117
63,8,Ficedula parva,107
63,8,Lanius collurio,104
63,8,Puffinus puffinus,98
63,8,Aythya collaris,95
63,8,Hydrobates pelagicus,93
63,8,Turdus atrogularis,93
63,8,Phalaropus lobatus,86
63,8,Lullula arborea,72
63,8,Anas carolinensis,68
63,8,Charadrius morinellus,67
63,8,Luscinia luscinia,67
63,8,Chroicocephalus philadelphia,65
63,8,Chlidonias leucopterus,64
63,8,Anthus hodgsoni,62
63,8,Rhodostethia rosea,60
63,8,Ciconia ciconia,58
63,8,Locustella luscinioides,55
63,8,Pagophila eburnea,52
63,8,Xema sabini,52
63,8,Phoenicurus ochruros,52
63,8,Bubulcus ibis,51
63,8,Anser caerulescens,48
63,8,Uria lomvia,46
63,8,Gallinago media,46
63,8,Melanitta perspicillata,45
63,8,Circus macrourus,42
63,8,Curruca melanocephala,41
63,8,Recurvirostra avosetta,40
63,8,Acrocephalus scirpaceus,40
63,8,Motacilla citreola,39
63,8,Zonotrichia albicollis,38
63,8,Regulus ignicapilla,37
63,8,Chlidonias niger,33
63,8,Gelochelidon nilotica,33
63,8,Lanius senator,33
63,8,Prunella montanella,33
63,8,Pluvialis fulva,32
63,8,Calidris fuscicollis,32
63,8,Phylloscopus proregulus,32
63,8,Locustella lanceolata,32
63,8,Lanius minor,31
63,8,Calidris melanotos,29
63,8,Thalasseus sandvicensis,27
63,8,Oceanodroma leucorhoa,27
63,8,Merops apiaster,25
63,8,Anser erythropus,25
63,8,Zoothera aurea,24
63,8,Remiz pendulinus,22
63,8,Tarsiger cyanurus,21
63,8,Luscinia megarhynchos,21
63,8,Eremophila alpestris,21
63,8,Anas rubripes,21
63,8,Emberiza leucocephalos,20
63,8,Anthus cervinus,19
63,8,Saxicola maurus,19
63,8,Bubo bubo,19
63,8,Aix sponsa,18
63,8,Xenus cinereus,17
63,8,Milvus migrans,16
63,8,Phylloscopus humei,16
63,8,Plegadis falcinellus,15
63,8,Falco subbuteo,15
63,8,Anthus godlewskii,15
63,8,Anthus gustavi,15
63,8,Limnodromus scolopaceus,14
63,8,Motacilla tschutschensis,14
63,8,Oriolus oriolus,13
63,8,Phylloscopus fuscatus,13
63,8,Locustella fluviatilis,13
63,8,Streptopelia orientalis,12
63,8,Oxyura jamaicensis,12
63,8,Branta ruficollis,12
63,8,Bubo scandiacus,12
63,8,Emberiza rustica,11
63,8,Iduna caligata,11
63,8,Larus delawarensis,10
63,8,Emberiza hortulana,10
63,8,Mareca americana,10
63,8,Polysticta stelleri,10
63,8,Sylvia crassirostris,10
63,8,Caprimulgus europaeus,10
63,8,Phylloscopus borealis,9
63,8,Phylloscopus bonelli,8
63,8,Pernis apivorus,7
63,8,Calandrella brachydactyla,7
63,8,Lophodytes cucullatus,7
63,8,Curruca cantillans,7
63,8,Poecile cinctus,5
63,8,Acrocephalus arundinaceus,5
63,10,Anas platyrhynchos,82034
63,10,Bucephala clangula,78311
63,10,Parus major,67104
63,10,Cyanistes caeruleus,60194
63,10,Corvus cornix,54909
63,10,Larus canus,52488
63,10,Chloris chloris,49705
63,10,Fringilla coelebs,45943
63,10,Turdus pilaris,44016
63,10,Emberiza citrinella,43160
63,10,Pica pica,42424
63,10,Larus argentatus,41828
63,10,Somateria mollissima,41494
63,10,Haematopus ostralegus,38167
63,10,Pyrrhula pyrrhula,37325
63,10,Columba palumbus,36973
63,10,Phylloscopus collybita,35972
63,10,Mergus serrator,35161
63,10,Spinus spinus,34860
63,10,Chroicocephalus ridibundus,33964
63,10,Passer domesticus,33490
63,10,Erithacus rubecula,32773
63,10,Anas crecca,32522
63,10,Ardea cinerea,32234
63,10,Turdus merula,31372
63,10,Motacilla alba,30092
63,10,Larus marinus,27258
63,10,Turdus iliacus,27087
63,10,Phalacrocorax carbo,26947
63,10,Mareca penelope,26657
63,10,Cygnus cygnus,25728
63,10,Sturnus vulgaris,25110
63,10,Dendrocopos major,24796
63,10,Sitta europaea,24077
63,10,Passer montanus,24030
63,10,Aythya fuligula,23646
63,10,Coloeus monedula,23166
63,10,Poecile montanus,22314
63,10,Tringa totanus,22245
63,10,Anser anser,21912
63,10,Podiceps auritus,21866
63,10,Melanitta fusca,21460
63,10,Periparus ater,21368
63,10,Gavia stellata,20491
63,10,Clangula hyemalis,20299
63,10,Numenius arquata,19516
63,10,Mergus merganser,19377
63,10,Charadrius hiaticula,19194
63,10,Anser brachyrhynchus,19100
63,10,Grus grus,18156
63,10,Vanellus vanellus,18067
63,10,Fringilla montifringilla,17799
63,10,Hirundo rustica,17783
63,10,Acanthis flammea,17315
63,10,Tadorna tadorna,16713
63,10,Tringa nebularia,16634
63,10,Actitis hypoleucos,16431
63,10,Troglodytes troglodytes,16408
63,10,Corvus corax,16063
63,10,Phylloscopus trochilus,15829
63,10,Haliaeetus albicilla,15500
63,10,Nucifraga caryocatactes,13492
63,10,Bombycilla garrulus,13277
63,10,Melanitta nigra,13056
63,10,Turdus philomelos,13002
63,10,Sylvia atricapilla,12828
63,10,Prunella modularis,12593
63,10,Garrulus glandarius,12461
63,10,Poecile palustris,12397
63,10,Branta canadensis,12232
63,10,Calidris alpina,12214
63,10,Emberiza schoeniclus,11857
63,10,Regulus regulus,10863
63,10,Accipiter nisus,10719
63,10,Corvus frugilegus,10692
63,10,Columba livia,9962
63,10,Anthus pratensis,9887
63,10,Apus apus,9418
63,10,Gavia arctica,8521
63,10,Certhia familiaris,8505
63,10,Larus fuscus,8342
63,10,Coccothraustes coccothraustes,8290
63,10,Calidris pugnax,8056
63,10,Ficedula hypoleuca,7590
63,10,Lophophanes cristatus,7167
63,10,Anas acuta,7135
63,10,Cinclus cinclus,6963
63,10,Cepphus grylle,6817
63,10,Gallinago gallinago,6687
63,10,Pluvialis apricaria,6581
63,10,Saxicola rubetra,6289
63,10,Buteo lagopus,6034
63,10,Dryocopus martius,5965
63,10,Picus viridis,5939
63,10,Loxia curvirostra,5858
63,10,Alauda arvensis,5818
63,10,Sylvia communis,5524
63,10,Strix aluco,5302
63,10,Spatula clypeata,5293
63,10,Fulica atra,5079
63,10,Numenius phaeopus,5063
63,10,Carduelis carduelis,5027
63,10,Sterna hirundo,4968
63,10,Streptopelia decaocto,4629
63,10,Riparia riparia,4628
63,10,Branta leucopsis,4558
63,10,Aythya marila,4473
63,10,Tringa ochropus,4468
63,10,Motacilla cinerea,4436
63,10,Oenanthe oenanthe,4315
63,10,Motacilla flava,4302
63,10,Accipiter gentilis,4298
63,10,Limosa lapponica,4173
63,10,Alca torda,3991
63,10,Muscicapa striata,3982
63,10,Hippolais icterina,3831
63,10,Falco tinnunculus,3711
63,10,Calidris temminckii,3704
63,10,Lanius excubitor,3689
63,10,Anthus trivialis,3624
63,10,Delichon urbicum,3590
63,10,Falco peregrinus,3573
63,10,Sylvia borin,3493
63,10,Tringa glareola,3484
63,10,Podiceps cristatus,3466
63,10,Lyrurus tetrix,3421
63,10,Calidris maritima,3232
63,10,Phoenicurus phoenicurus,2895
63,10,Acrocephalus schoenobaenus,2759
63,10,Anthus petrosus,2755
63,10,Dryobates minor,2753
63,10,Calidris canutus,2718
63,10,Linaria cannabina,2687
63,10,Aegithalos caudatus,2644
63,10,Turdus viscivorus,2613
63,10,Tachybaptus ruficollis,2607
63,10,Sylvia curruca,2586
63,10,Scolopax rusticola,2552
63,10,Mareca strepera,2463
63,10,Turdus torquatus,2418
63,10,Tetrastes bonasia,2370
63,10,Cuculus canorus,2334
63,10,Picus canus,2304
63,10,Calidris minuta,2301
63,10,Sterna paradisaea,2262
63,10,Falco columbarius,2214
63,10,Anser albifrons,2208
63,10,Limosa limosa,2116
63,10,Charadrius dubius,2037
63,10,Pinicola enucleator,1961
63,10,Podiceps grisegena,1870
63,10,Pluvialis squatarola,1838
63,10,Spatula querquedula,1838
63,10,Larus glaucoides,1745
63,10,Tetrao urogallus,1639
63,10,Linaria flavirostris,1629
63,10,Glaucidium passerinum,1559
63,10,Perisoreus infaustus,1556
63,10,Somateria spectabilis,1491
63,10,Lagopus lagopus,1452
63,10,Plectrophenax nivalis,1426
63,10,Calidris ferruginea,1394
63,10,Mergellus albellus,1379
63,10,Picoides tridactylus,1373
63,10,Gavia immer,1369
63,10,Anser fabalis,1329
63,10,Luscinia svecica,1275
63,10,Acanthis hornemanni,1173
63,10,Surnia ulula,1158
63,10,Anser serrirostris,1101
63,10,Loxia leucoptera,1068
63,10,Loxia pytyopsittacus,1058
63,10,Hydrocoloeus minutus,1054
63,10,Gavia adamsii,1029
63,10,Pandion haliaetus,1025
63,10,Tringa erythropus,1024
63,10,Stercorarius parasiticus,996
63,10,Calidris alba,973
63,10,Columba oenas,897
63,10,Asio flammeus,835
63,10,Aegolius funereus,814
63,10,Aquila chrysaetos,813
63,10,Aix galericulata,769
63,10,Coturnix coturnix,762
63,10,Aythya ferina,753
63,10,Anser indicus,741
63,10,Cygnus olor,724
63,10,Larus hyperboreus,687
63,10,Anser caerulescens,669
63,10,Rallus aquaticus,612
63,10,Phylloscopus sibillatrix,594
63,10,Gallinula chloropus,557
63,10,Circus aeruginosus,533
63,10,Arenaria interpres,524
63,10,Asio otus,518
63,10,Branta bernicla,509
63,10,Uria aalge,496
63,10,Stercorarius longicaudus,478
63,10,Buteo buteo,473
63,10,Melanitta perspicillata,413
63,10,Lymnocryptes minimus,411
63,10,Charadrius morinellus,400
63,10,Alle alle,398
63,10,Calidris falcinellus,398
63,10,Melanitta stejnegeri,390
63,10,Phalaropus lobatus,379
63,10,Jynx torquilla,367
63,10,Ardea alba,364
63,10,Anas carolinensis,355
63,10,Porzana porzana,347
63,10,Crex crex,320
63,10,Carpodacus erythrinus,316
63,10,Lagopus muta,311
63,10,Mareca americana,264
63,10,Rissa tridactyla,252
63,10,Calcarius lapponicus,248
63,10,Upupa epops,215
63,10,Phylloscopus inornatus,212
63,10,Phoenicurus ochruros,208
63,10,Larus glaucescens,201
63,10,Corvus corone,196
63,10,Larus cachinnans,195
63,10,Phasianus colchicus,187
63,10,Branta ruficollis,181
63,10,Chlidonias leucopterus,176
63,10,Mareca sibilatrix,168
63,10,Anser erythropus,166
63,10,Recurvirostra avosetta,165
63,10,Egretta garzetta,160
63,10,Circus cyaneus,159
63,10,Netta rufina,157
63,10,Saxicola rubicola,156
63,10,Ichthyaetus melanocephalus,155
63,10,Lanius collurio,152
63,10,Calidris himantopus,147
63,10,Anser rossii,142
63,10,Motacilla citreola,137
63,10,Falco rusticolus,133
63,10,Polysticta stelleri,132
63,10,Acrocephalus palustris,131
63,10,Streptopelia orientalis,126
63,10,Anas rubripes,126
63,10,Gallinago media,121
63,10,Luscinia luscinia,120
63,10,Bucephala islandica,118
63,10,Acrocephalus dumetorum,112
63,10,Gavia pacifica,106
63,10,Leucophaeus pipixcan,105
63,10,Cygnus columbianus,101
63,10,Tadorna ferruginea,100
63,10,Sylvia nisoria,95
63,10,Tringa stagnatilis,84
63,10,Sibirionetta formosa,75
63,10,Ciconia ciconia,71
63,10,Alcedo atthis,69
63,10,Calidris melanotos,67
63,10,Chlidonias niger,65
63,10,Anthus spinoletta,62
63,10,Locustella fluviatilis,62
63,10,Calandrella brachydactyla,61
63,10,Tringa flavipes,60
63,10,Falco subbuteo,59
63,10,Locustella naevia,59
63,10,Nycticorax nycticorax,57
63,10,Regulus ignicapilla,57
63,10,Dendrocopos leucotos,56
63,10,Falco vespertinus,55
63,10,Acrocephalus arundinaceus,55
63,10,Calidris fuscicollis,54
63,10,Melanitta deglandi,53
63,10,Streptopelia turtur,51
63,10,Pastor roseus,51
63,10,Calidris subruficollis,50
63,10,Stercorarius skua,49
63,10,Phalacrocorax aristotelis,47
63,10,Emberiza leucocephalos,43
63,10,Aythya collaris,43
63,10,Anthus cervinus,41
63,10,Lanius minor,40
63,10,Botaurus stellaris,39
63,10,Calidris pusilla,39
63,10,Milvus migrans,39
63,10,Glareola maldivarum,38
63,10,Bubulcus ibis,38
63,10,Fratercula arctica,38
63,10,Eremophila alpestris,38
63,10,Calidris acuminata,37
63,10,Aythya nyroca,37
63,10,Lophodytes cucullatus,37
63,10,Milvus milvus,35
63,10,Oenanthe isabellina,34
63,10,Galerida cristata,33
63,10,Branta hutchinsii,33
63,10,Thalasseus sandvicensis,32
63,10,Larus delawarensis,29
63,10,Oxyura jamaicensis,28
63,10,Stercorarius pomarinus,27
63,10,Acrocephalus scirpaceus,27
63,10,Bubo bubo,27
63,10,Strix uralensis,25
63,10,Tetrax tetrax,25
63,10,Ficedula albicollis,24
63,10,Psittacula krameri,23
63,10,Limnodromus scolopaceus,23
63,10,Pluvialis dominica,22
63,10,Perdix perdix,21
63,10,Emberiza pusilla,21
63,10,Syrrhaptes paradoxus,20
63,10,Ixobrychus minutus,20
63,10,Pagophila eburnea,20
63,10,Alopochen aegyptiaca,20
63,10,Cygnus atratus,19
63,10,Ficedula parva,17
63,10,Panurus biarmicus,17
63,10,Circus macrourus,16
63,10,Xenus cinereus,16
63,10,Cairina moschata,15
63,10,Pernis apivorus,14
63,10,Xema sabini,13
63,10,Poecile cinctus,13
63,10,Oriolus oriolus,13
63,10,Coturnix japonica,12
63,10,Tringa melanoleuca,12
63,10,Phylloscopus humei,12
63,10,Morus bassanus,11
63,10,Fulmarus glacialis,11
63,10,Burhinus oedicnemus,11
63,10,Chlidonias hybrida,10
63,10,Emberiza rustica,9
63,10,Saxicola maurus,9
63,10,Strix nebulosa,8
63,10,Chroicocephalus philadelphia,8
63,10,Oceanodroma leucorhoa,7
63,10,Hydrobates pelagicus,7
63,10,Platalea leucorodia,6
63,10,Anthus richardi,6
63,10,Hydroprogne caspia,5
63,10,Bubo scandiacus,5
63,12,Parus major,1070
63,12,Turdus pilaris,1024
63,12,Poecile montanus,975
63,12,Turdus iliacus,910
63,12,Pyrrhula pyrrhula,884
63,12,Sitta europaea,864
63,12,Fringilla montifringilla,773
63,12,Periparus ater,724
63,12,Pluvialis apricaria,722
63,12,Anthus pratensis,707
63,12,Motacilla alba,692
63,12,Bucephala clangula,690
63,12,Fringilla coelebs,680
63,12,Corvus cornix,673
63,12,Tringa totanus,600
63,12,Acanthis flammea,568
63,12,Lyrurus tetrix,567
63,12,Phylloscopus trochilus,541
63,12,Turdus philomelos,512
63,12,Columba palumbus,509
63,12,Turdus viscivorus,503
63,12,Pica pica,495
63,12,Chloris chloris,495
63,12,Phylloscopus collybita,488
63,12,Larus canus,488
63,12,Actitis hypoleucos,486
63,12,Cyanistes caeruleus,480
63,12,Falco tinnunculus,470
63,12,Garrulus glandarius,467
63,12,Tringa nebularia,466
63,12,Spinus spinus,458
63,12,Anas platyrhynchos,453
63,12,Perisoreus infaustus,443
63,12,Cygnus cygnus,418
63,12,Numenius arquata,415
63,12,Emberiza schoeniclus,411
63,12,Motacilla flava,400
63,12,Grus grus,397
63,12,Anas crecca,396
63,12,Mareca penelope,390
63,12,Erithacus rubecula,382
63,12,Numenius phaeopus,381
63,12,Corvus corax,379
63,12,Tringa glareola,359
63,12,Gallinago gallinago,355
63,12,Turdus merula,348
63,12,Gavia stellata,345
63,12,Lagopus lagopus,341
63,12,Sturnus vulgaris,335
63,12,Branta canadensis,315
63,12,Phoenicurus phoenicurus,311
63,12,Loxia curvirostra,309
63,12,Tetrao urogallus,303
63,12,Prunella modularis,300
63,12,Cuculus canorus,297
63,12,Oenanthe oenanthe,292
63,12,Turdus torquatus,283
63,12,Buteo lagopus,269
63,12,Cinclus cinclus,260
63,12,Mergus merganser,241
63,12,Vanellus vanellus,238
63,12,Gavia arctica,236
63,12,Ficedula hypoleuca,232
63,12,Emberiza citrinella,224
63,12,Picus canus,217
63,12,Melanitta nigra,213
63,12,Picoides tridactylus,200
63,12,Regulus regulus,199
63,12,Hirundo rustica,192
63,12,Anthus trivialis,185
63,12,Aythya fuligula,182
63,12,Scolopax rusticola,180
63,12,Aegolius funereus,165
63,12,Tringa ochropus,153
63,12,Surnia ulula,146
63,12,Ardea cinerea,146
63,12,Lophophanes cristatus,141
63,12,Falco columbarius,139
63,12,Luscinia svecica,130
63,12,Accipiter nisus,122
63,12,Lagopus muta,122
63,12,Troglodytes troglodytes,122
63,12,Haematopus ostralegus,117
63,12,Delichon urbicum,114
63,12,Certhia familiaris,113
63,12,Haliaeetus albicilla,108
63,12,Saxicola rubetra,99
63,12,Dendrocopos major,94
63,12,Dryocopus martius,93
63,12,Podiceps auritus,80
63,12,Plectrophenax nivalis,77
63,12,Glaucidium passerinum,77
63,12,Lanius excubitor,74
63,12,Aquila chrysaetos,73
63,12,Pandion haliaetus,73
63,12,Tetrastes bonasia,72
63,12,Muscicapa striata,72
63,12,Pinicola enucleator,70
63,12,Gallinago media,64
63,12,Calidris pugnax,63
63,12,Charadrius hiaticula,61
63,12,Bombycilla garrulus,59
63,12,Sterna paradisaea,54
63,12,Calidris alpina,52
63,12,Hippolais icterina,50
63,12,Riparia riparia,48
63,12,Calcarius lapponicus,48
63,12,Stercorarius longicaudus,46
63,12,Linaria flavirostris,45
63,12,Sylvia atricapilla,44
63,12,Coloeus monedula,40
63,12,Sylvia curruca,38
63,12,Loxia pytyopsittacus,38
63,12,Mergus serrator,36
63,12,Apus apus,36
63,12,Acanthis hornemanni,35
63,12,Sylvia borin,33
63,12,Accipiter gentilis,31
63,12,Passer montanus,25
63,12,Motacilla cinerea,24
63,12,Passer domesticus,22
63,12,Chroicocephalus ridibundus,22
63,12,Circus cyaneus,20
63,12,Picus viridis,19
63,12,Phalaropus lobatus,19
63,12,Asio otus,18
63,12,Loxia leucoptera,18
63,12,Charadrius morinellus,17
63,12,Asio flammeus,17
63,12,Aythya marila,17
63,12,Falco rusticolus,17
63,12,Poecile palustris,15
63,12,Clangula hyemalis,14
63,12,Alauda arvensis,13
63,12,Sterna hirundo,13
63,12,Calidris maritima,12
63,12,Calidris temminckii,11
63,12,Larus argentatus,10
63,12,Anser brachyrhynchus,10
63,12,Anser anser,9
63,12,Falco peregrinus,7
63,12,Coccothraustes coccothraustes,7
63,12,Columba oenas,7
63,12,Jynx torquilla,7
63,12,Spatula clypeata,7
63,12,Dryobates minor,7
63,12,Buteo buteo,6
63,12,Aegithalos caudatus,6
63,12,Anas acuta,6
63,12,Anas carolinensis,6
63,12,Melanitta fusca,6
63,12,Strix aluco,5
64,6,Rissa tridactyla,82
64,6,Larus marinus,50
64,6,Morus bassanus,48
64,6,Fulmarus glacialis,41
64,6,Larus argentatus,38
64,6,Larus hyperboreus,19
64,6,Uria aalge,12
64,6,Oenanthe oenanthe,12
64,6,Larus fuscus,11
64,6,Stercorarius parasiticus,10
64,6,Sturnus vulgaris,10
64,6,Turdus merula,9
64,6,Stercorarius skua,8
64,6,Turdus pilaris,8
64,6,Turdus iliacus,8
64,6,Larus canus,7
64,6,Larus glaucoides,6
64,6,Alle alle,6
64,6,Stercorarius pomarinus,6
64,6,Arenaria interpres,6
64,6,Somateria mollissima,6
64,6,Motacilla alba,6
64,6,Anthus pratensis,5
64,6,Erithacus rubecula,5
64,6,Sylvia atricapilla,5
64,6,Asio flammeus,5
64,6,Haematopus ostralegus,5
64,6,Falco tinnunculus,5
64,8,Larus marinus,824
64,8,Larus argentatus,757
64,8,Somateria mollissima,725
64,8,Corvus cornix,700
64,8,Haliaeetus albicilla,674
64,8,Cepphus grylle,658
64,8,Phalacrocorax carbo,646
64,8,Haematopus ostralegus,628
64,8,Mergus serrator,601
64,8,Anthus petrosus,591
64,8,Phalacrocorax aristotelis,574
64,8,Anser anser,535
64,8,Rissa tridactyla,524
64,8,Ardea cinerea,449
64,8,Larus canus,444
64,8,Sturnus vulgaris,436
64,8,Motacilla alba,430
64,8,Corvus corax,404
64,8,Oenanthe oenanthe,388
64,8,Gallinago gallinago,387
64,8,Anthus pratensis,353
64,8,Turdus merula,339
64,8,Numenius arquata,328
64,8,Stercorarius parasiticus,327
64,8,Larus fuscus,304
64,8,Linaria flavirostris,298
64,8,Anas platyrhynchos,298
64,8,Turdus pilaris,281
64,8,Phylloscopus collybita,273
64,8,Chloris chloris,272
64,8,Turdus iliacus,263
64,8,Tringa totanus,258
64,8,Parus major,254
64,8,Acanthis flammea,250
64,8,Calidris maritima,229
64,8,Arenaria interpres,229
64,8,Hirundo rustica,228
64,8,Erithacus rubecula,225
64,8,Pica pica,219
64,8,Morus bassanus,218
64,8,Sterna paradisaea,209
64,8,Clangula hyemalis,203
64,8,Passer domesticus,199
64,8,Fratercula arctica,196
64,8,Gavia stellata,165
64,8,Cyanistes caeruleus,162
64,8,Troglodytes troglodytes,162
64,8,Sterna hirundo,155
64,8,Phylloscopus trochilus,154
64,8,Fringilla coelebs,150
64,8,Falco tinnunculus,150
64,8,Melanitta nigra,149
64,8,Pluvialis apricaria,130
64,8,Turdus philomelos,129
64,8,Uria aalge,126
64,8,Gavia immer,124
64,8,Turdus torquatus,122
64,8,Columba palumbus,120
64,8,Actitis hypoleucos,115
64,8,Fulmarus glacialis,113
64,8,Emberiza citrinella,113
64,8,Alle alle,111
64,8,Charadrius hiaticula,107
64,8,Alca torda,94
64,8,Sylvia atricapilla,91
64,8,Lyrurus tetrix,90
64,8,Emberiza schoeniclus,88
64,8,Tadorna tadorna,87
64,8,Numenius phaeopus,86
64,8,Plectrophenax nivalis,86
64,8,Prunella modularis,80
64,8,Fringilla montifringilla,78
64,8,Bucephala clangula,78
64,8,Accipiter nisus,77
64,8,Stercorarius skua,77
64,8,Cygnus cygnus,77
64,8,Pyrrhula pyrrhula,75
64,8,Periparus ater,72
64,8,Regulus regulus,70
64,8,Sylvia communis,66
64,8,Melanitta fusca,66
64,8,Sylvia curruca,61
64,8,Branta leucopsis,60
64,8,Calidris alpina,57
64,8,Podiceps auritus,55
64,8,Saxicola rubetra,55
64,8,Phoenicurus phoenicurus,55
64,8,Dendrocopos major,54
64,8,Poecile montanus,54
64,8,Falco peregrinus,52
64,8,Spinus spinus,52
64,8,Picus canus,51
64,8,Sylvia borin,51
64,8,Gavia arctica,47
64,8,Passer montanus,47
64,8,Cuculus canorus,47
64,8,Puffinus griseus,47
64,8,Gavia adamsii,45
64,8,Anas crecca,45
64,8,Bombycilla garrulus,41
64,8,Chroicocephalus ridibundus,40
64,8,Scolopax rusticola,38
64,8,Aquila chrysaetos,37
64,8,Calcarius lapponicus,34
64,8,Acrocephalus schoenobaenus,32
64,8,Ficedula hypoleuca,30
64,8,Mareca penelope,30
64,8,Asio flammeus,28
64,8,Alauda arvensis,28
64,8,Calidris pugnax,28
64,8,Larus hyperboreus,27
64,8,Lymnocryptes minimus,27
64,8,Muscicapa striata,27
64,8,Anser brachyrhynchus,27
64,8,Hippolais icterina,26
64,8,Calidris canutus,25
64,8,Falco columbarius,24
64,8,Accipiter gentilis,23
64,8,Mergus merganser,22
64,8,Streptopelia turtur,21
64,8,Hydrobates pelagicus,21
64,8,Apus apus,21
64,8,Lophophanes cristatus,19
64,8,Luscinia svecica,19
64,8,Vanellus vanellus,18
64,8,Podiceps grisegena,18
64,8,Puffinus puffinus,18
64,8,Lanius excubitor,18
64,8,Motacilla flava,18
64,8,Certhia familiaris,17
64,8,Delichon urbicum,17
64,8,Acanthis hornemanni,17
64,8,Loxia curvirostra,17
64,8,Phoenicurus ochruros,16
64,8,Calidris alba,15
64,8,Phylloscopus inornatus,15
64,8,Carpodacus erythrinus,15
64,8,Streptopelia decaocto,15
64,8,Linaria cannabina,15
64,8,Stercorarius pomarinus,14
64,8,Stercorarius longicaudus,14
64,8,Rallus aquaticus,13
64,8,Tringa nebularia,13
64,8,Picus viridis,12
64,8,Pinicola enucleator,12
64,8,Aythya fuligula,12
64,8,Sylvia crassirostris,12
64,8,Pluvialis squatarola,11
64,8,Larus glaucoides,11
64,8,Sitta europaea,11
64,8,Asio otus,11
64,8,Branta bernicla,11
64,8,Lanius collurio,11
64,8,Anthus trivialis,10
64,8,Crex crex,10
64,8,Coturnix coturnix,9
64,8,Somateria spectabilis,9
64,8,Falco rusticolus,9
64,8,Grus grus,8
64,8,Limosa limosa,8
64,8,Riparia riparia,8
64,8,Surnia ulula,8
64,8,Anthus richardi,8
64,8,Circus cyaneus,7
64,8,Tringa ochropus,7
64,8,Coloeus monedula,7
64,8,Phylloscopus sibillatrix,7
64,8,Loxia leucoptera,7
64,8,Buteo lagopus,6
64,8,Calidris minuta,6
64,8,Loxia pytyopsittacus,6
64,8,Carduelis carduelis,6
64,8,Aegithalos caudatus,6
64,8,Anser indicus,6
64,8,Upupa epops,6
64,8,Saxicola rubicola,6
64,8,Hydrocoloeus minutus,6
64,8,Turdus viscivorus,5
64,8,Sylvia nisoria,5
64,8,Anas acuta,5
64,8,Branta canadensis,5
64,8,Jynx torquilla,5
64,10,Anas platyrhynchos,5960
64,10,Bucephala clangula,5594
64,10,Corvus cornix,5269
64,10,Parus major,4770
64,10,Larus canus,4724
64,10,Haematopus ostralegus,4567
64,10,Phylloscopus collybita,4361
64,10,Fringilla coelebs,4316
64,10,Turdus pilaris,4289
64,10,Larus argentatus,3970
64,10,Pica pica,3863
64,10,Cyanistes caeruleus,3824
64,10,Grus grus,3732
64,10,Motacilla alba,3390
64,10,Mergus serrator,3348
64,10,Turdus iliacus,3313
64,10,Turdus merula,3294
64,10,Ardea cinerea,3269
64,10,Somateria mollissima,3191
64,10,Chloris chloris,3100
64,10,Larus marinus,3023
64,10,Emberiza citrinella,2999
64,10,Anas crecca,2964
64,10,Pyrrhula pyrrhula,2927
64,10,Anser brachyrhynchus,2916
64,10,Spinus spinus,2893
64,10,Podiceps auritus,2777
64,10,Aythya fuligula,2734
64,10,Sturnus vulgaris,2628
64,10,Cygnus cygnus,2625
64,10,Erithacus rubecula,2614
64,10,Branta canadensis,2593
64,10,Columba palumbus,2592
64,10,Haliaeetus albicilla,2472
64,10,Corvus corax,2431
64,10,Anser anser,2411
64,10,Hirundo rustica,2338
64,10,Tringa totanus,2040
64,10,Mareca penelope,2022
64,10,Phalacrocorax carbo,1980
64,10,Gavia stellata,1973
64,10,Numenius arquata,1971
64,10,Actitis hypoleucos,1944
64,10,Fringilla montifringilla,1933
64,10,Phylloscopus trochilus,1827
64,10,Passer montanus,1824
64,10,Coloeus monedula,1725
64,10,Poecile montanus,1700
64,10,Vanellus vanellus,1697
64,10,Chroicocephalus ridibundus,1639
64,10,Emberiza schoeniclus,1617
64,10,Picus viridis,1515
64,10,Acanthis flammea,1495
64,10,Dendrocopos major,1471
64,10,Turdus philomelos,1450
64,10,Periparus ater,1375
64,10,Prunella modularis,1372
64,10,Charadrius hiaticula,1315
64,10,Anthus pratensis,1249
64,10,Larus fuscus,1240
64,10,Mergus merganser,1228
64,10,Sitta europaea,1179
64,10,Sylvia atricapilla,1161
64,10,Garrulus glandarius,1125
64,10,Gallinago gallinago,1108
64,10,Gavia arctica,1104
64,10,Tringa nebularia,1099
64,10,Tadorna tadorna,1072
64,10,Coccothraustes coccothraustes,1058
64,10,Passer domesticus,1035
64,10,Troglodytes troglodytes,1030
64,10,Riparia riparia,993
64,10,Accipiter nisus,985
64,10,Ficedula hypoleuca,958
64,10,Saxicola rubetra,896
64,10,Calidris alpina,818
64,10,Melanitta nigra,798
64,10,Acrocephalus schoenobaenus,749
64,10,Cepphus grylle,745
64,10,Sterna hirundo,738
64,10,Bombycilla garrulus,735
64,10,Apus apus,724
64,10,Lophophanes cristatus,720
64,10,Buteo lagopus,701
64,10,Lyrurus tetrix,685
64,10,Branta leucopsis,677
64,10,Regulus regulus,656
64,10,Anthus petrosus,644
64,10,Pluvialis apricaria,638
64,10,Fulica atra,635
64,10,Turdus torquatus,629
64,10,Oenanthe oenanthe,618
64,10,Loxia curvirostra,595
64,10,Falco tinnunculus,556
64,10,Clangula hyemalis,546
64,10,Cinclus cinclus,538
64,10,Cuculus canorus,532
64,10,Dryocopus martius,530
64,10,Linaria flavirostris,513
64,10,Mergellus albellus,510
64,10,Sylvia communis,504
64,10,Nucifraga caryocatactes,483
64,10,Sylvia borin,469
64,10,Sterna paradisaea,465
64,10,Calidris pugnax,463
64,10,Strix aluco,460
64,10,Rissa tridactyla,446
64,10,Poecile palustris,443
64,10,Columba livia,434
64,10,Phalacrocorax aristotelis,425
64,10,Delichon urbicum,417
64,10,Stercorarius parasiticus,400
64,10,Picus canus,399
64,10,Aythya marila,389
64,10,Numenius phaeopus,384
64,10,Hippolais icterina,377
64,10,Motacilla flava,366
64,10,Podiceps grisegena,354
64,10,Certhia familiaris,354
64,10,Phoenicurus phoenicurus,348
64,10,Tringa ochropus,343
64,10,Muscicapa striata,325
64,10,Anas acuta,320
64,10,Melanitta fusca,319
64,10,Carduelis carduelis,311
64,10,Pandion haliaetus,307
64,10,Anthus trivialis,299
64,10,Scolopax rusticola,293
64,10,Accipiter gentilis,287
64,10,Streptopelia decaocto,277
64,10,Anser fabalis,267
64,10,Tetrastes bonasia,260
64,10,Calidris maritima,256
64,10,Lanius excubitor,235
64,10,Falco columbarius,233
64,10,Anser albifrons,210
64,10,Limosa lapponica,204
64,10,Turdus viscivorus,198
64,10,Falco peregrinus,189
64,10,Motacilla cinerea,186
64,10,Lagopus lagopus,178
64,10,Calidris canutus,178
64,10,Tetrao urogallus,172
64,10,Tringa glareola,171
64,10,Sylvia curruca,163
64,10,Morus bassanus,160
64,10,Aegolius funereus,158
64,10,Turdus atrogularis,157
64,10,Glaucidium passerinum,155
64,10,Aquila chrysaetos,149
64,10,Calidris temminckii,149
64,10,Picoides tridactylus,139
64,10,Dryobates minor,137
64,10,Plectrophenax nivalis,135
64,10,Alcedo atthis,134
64,10,Circus aeruginosus,127
64,10,Podiceps cristatus,123
64,10,Surnia ulula,109
64,10,Spatula clypeata,108
64,10,Limosa limosa,107
64,10,Calidris minuta,107
64,10,Porzana porzana,105
64,10,Melospiza melodia,103
64,10,Uria aalge,98
64,10,Alauda arvensis,98
64,10,Arenaria interpres,97
64,10,Larus glaucoides,94
64,10,Alle alle,94
64,10,Spatula querquedula,88
64,10,Alca torda,86
64,10,Loxia pytyopsittacus,84
64,10,Calidris ferruginea,83
64,10,Anser caerulescens,81
64,10,Cygnus olor,78
64,10,Anser serrirostris,74
64,10,Perisoreus infaustus,66
64,10,Coturnix coturnix,63
64,10,Rallus aquaticus,63
64,10,Somateria spectabilis,60
64,10,Acanthis hornemanni,57
64,10,Mareca strepera,56
64,10,Ardea alba,56
64,10,Emberiza leucocephalos,54
64,10,Calidris alba,53
64,10,Aegithalos caudatus,53
64,10,Asio flammeus,52
64,10,Aythya ferina,51
64,10,Pluvialis squatarola,49
64,10,Gavia immer,47
64,10,Crex crex,44
64,10,Bubulcus ibis,42
64,10,Tringa erythropus,41
64,10,Fulmarus glacialis,40
64,10,Pinicola enucleator,40
64,10,Aythya collaris,40
64,10,Luscinia svecica,40
64,10,Hydrocoloeus minutus,40
64,10,Jynx torquilla,36
64,10,Buteo buteo,35
64,10,Larus hyperboreus,34
64,10,Locustella fluviatilis,34
64,10,Anser indicus,34
64,10,Tarsiger cyanurus,33
64,10,Branta bernicla,33
64,10,Phylloscopus sibillatrix,33
64,10,Tachybaptus ruficollis,32
64,10,Fratercula arctica,31
64,10,Gallinula chloropus,31
64,10,Upupa epops,29
64,10,Gavia adamsii,28
64,10,Lagopus muta,28
64,10,Aix galericulata,27
64,10,Lanius collurio,27
64,10,Platalea leucorodia,26
64,10,Stercorarius skua,26
64,10,Asio otus,26
64,10,Loxia leucoptera,25
64,10,Corvus frugilegus,23
64,10,Branta ruficollis,23
64,10,Calcarius lapponicus,22
64,10,Phylloscopus inornatus,22
64,10,Linaria cannabina,22
64,10,Lymnocryptes minimus,21
64,10,Stercorarius longicaudus,20
64,10,Serinus serinus,20
64,10,Streptopelia turtur,20
64,10,Columba oenas,18
64,10,Anas carolinensis,17
64,10,Melanitta deglandi,16
64,10,Aythya affinis,16
64,10,Hydrobates pelagicus,15
64,10,Puffinus griseus,15
64,10,Circus cyaneus,14
64,10,Oxyura jamaicensis,14
64,10,Cygnus columbianus,14
64,10,Phalaropus lobatus,14
64,10,Charadrius morinellus,13
64,10,Chlidonias leucopterus,13
64,10,Stercorarius pomarinus,13
64,10,Carpodacus erythrinus,12
64,10,Plegadis falcinellus,11
64,10,Anas rubripes,10
64,10,Pagophila eburnea,9
64,10,Lanius minor,9
64,10,Locustella naevia,9
64,10,Acrocephalus dumetorum,8
64,10,Streptopelia orientalis,8
64,10,Strix nebulosa,8
64,10,Pastor roseus,8
64,10,Phasianus colchicus,8
64,10,Charadrius vociferus,7
64,10,Phoenicurus ochruros,7
64,10,Chroicocephalus philadelphia,7
64,10,Turdus naumanni,7
64,10,Corvus corone,7
64,10,Ciconia nigra,6
64,10,Calidris falcinellus,6
64,10,Merops apiaster,5
64,10,Anthus godlewskii,5
64,10,Sylvia nisoria,5
64,10,Anser erythropus,5
64,10,Bubo bubo,5
64,10,Falco rusticolus,5
64,12,Bucephala clangula,2617
64,12,Grus grus,2444
64,12,Turdus pilaris,2358
64,12,Larus canus,2145
64,12,Turdus iliacus,1986
64,12,Fringilla coelebs,1969
64,12,Motacilla alba,1840
64,12,Parus major,1804
64,12,Fringilla montifringilla,1747
64,12,Corvus cornix,1706
64,12,Pica pica,1683
64,12,Tringa totanus,1649
64,12,Anas platyrhynchos,1637
64,12,Pluvialis apricaria,1626
64,12,Anas crecca,1593
64,12,Phylloscopus collybita,1582
64,12,Pyrrhula pyrrhula,1532
64,12,Mareca penelope,1521
64,12,Actitis hypoleucos,1485
64,12,Phylloscopus trochilus,1443
64,12,Cygnus cygnus,1429
64,12,Tringa nebularia,1382
64,12,Numenius phaeopus,1379
64,12,Spinus spinus,1368
64,12,Vanellus vanellus,1341
64,12,Columba palumbus,1299
64,12,Turdus philomelos,1229
64,12,Numenius arquata,1224
64,12,Cyanistes caeruleus,1221
64,12,Corvus corax,1206
64,12,Chloris chloris,1173
64,12,Motacilla flava,1168
64,12,Falco tinnunculus,1138
64,12,Turdus merula,1133
64,12,Emberiza citrinella,1133
64,12,Anthus pratensis,1103
64,12,Aythya fuligula,1090
64,12,Erithacus rubecula,1083
64,12,Branta canadensis,1069
64,12,Acanthis flammea,1066
64,12,Hirundo rustica,1044
64,12,Buteo lagopus,1013
64,12,Gavia arctica,991
64,12,Gallinago gallinago,948
64,12,Poecile montanus,921
64,12,Emberiza schoeniclus,848
64,12,Ardea cinerea,816
64,12,Cuculus canorus,815
64,12,Podiceps auritus,771
64,12,Turdus viscivorus,770
64,12,Mergus merganser,770
64,12,Lyrurus tetrix,764
64,12,Melanitta nigra,754
64,12,Tringa glareola,737
64,12,Garrulus glandarius,736
64,12,Ficedula hypoleuca,727
64,12,Dendrocopos major,711
64,12,Prunella modularis,710
64,12,Sturnus vulgaris,705
64,12,Scolopax rusticola,665
64,12,Mergus serrator,665
64,12,Lagopus lagopus,651
64,12,Coloeus monedula,637
64,12,Passer montanus,612
64,12,Haliaeetus albicilla,590
64,12,Haematopus ostralegus,559
64,12,Passer domesticus,556
64,12,Turdus torquatus,552
64,12,Tetrao urogallus,550
64,12,Gavia stellata,549
64,12,Phoenicurus phoenicurus,548
64,12,Accipiter nisus,546
64,12,Calidris pugnax,532
64,12,Oenanthe oenanthe,523
64,12,Falco columbarius,506
64,12,Anthus trivialis,476
64,12,Picus viridis,460
64,12,Delichon urbicum,451
64,12,Loxia curvirostra,448
64,12,Periparus ater,422
64,12,Muscicapa striata,421
64,12,Regulus regulus,420
64,12,Charadrius hiaticula,410
64,12,Saxicola rubetra,403
64,12,Anser brachyrhynchus,403
64,12,Bombycilla garrulus,401
64,12,Apus apus,393
64,12,Troglodytes troglodytes,382
64,12,Sterna paradisaea,376
64,12,Sitta europaea,375
64,12,Dryocopus martius,370
64,12,Luscinia svecica,370
64,12,Cinclus cinclus,364
64,12,Chroicocephalus ridibundus,363
64,12,Sylvia atricapilla,353
64,12,Pandion haliaetus,349
64,12,Tetrastes bonasia,338
64,12,Perisoreus infaustus,336
64,12,Surnia ulula,332
64,12,Tringa ochropus,313
64,12,Aquila chrysaetos,306
64,12,Aegolius funereus,291
64,12,Picus canus,272
64,12,Picoides tridactylus,242
64,12,Lanius excubitor,241
64,12,Hydrocoloeus minutus,221
64,12,Hippolais icterina,219
64,12,Coccothraustes coccothraustes,217
64,12,Calidris alpina,213
64,12,Clangula hyemalis,209
64,12,Phalaropus lobatus,207
64,12,Accipiter gentilis,198
64,12,Aythya marila,196
64,12,Lagopus muta,195
64,12,Anser fabalis,191
64,12,Sylvia borin,179
64,12,Plectrophenax nivalis,177
64,12,Riparia riparia,157
64,12,Larus argentatus,143
64,12,Lophophanes cristatus,142
64,12,Calidris temminckii,122
64,12,Carduelis carduelis,118
64,12,Motacilla cinerea,113
64,12,Sylvia curruca,108
64,12,Glaucidium passerinum,106
64,12,Pinicola enucleator,105
64,12,Certhia familiaris,102
64,12,Nucifraga caryocatactes,99
64,12,Anser anser,96
64,12,Gallinago media,95
64,12,Asio flammeus,89
64,12,Linaria flavirostris,88
64,12,Jynx torquilla,86
64,12,Stercorarius longicaudus,84
64,12,Melanitta fusca,76
64,12,Loxia leucoptera,76
64,12,Acanthis hornemanni,74
64,12,Alauda arvensis,70
64,12,Calcarius lapponicus,68
64,12,Lymnocryptes minimus,66
64,12,Circus cyaneus,61
64,12,Anas acuta,58
64,12,Strix aluco,57
64,12,Buteo buteo,56
64,12,Asio otus,56
64,12,Loxia pytyopsittacus,53
64,12,Sterna hirundo,51
64,12,Falco peregrinus,49
64,12,Charadrius morinellus,44
64,12,Larus fuscus,44
64,12,Dryobates minor,43
64,12,Calidris falcinellus,41
64,12,Crex crex,39
64,12,Branta leucopsis,38
64,12,Phalacrocorax carbo,37
64,12,Coturnix coturnix,36
64,12,Phylloscopus sibillatrix,35
64,12,Acrocephalus schoenobaenus,31
64,12,Streptopelia decaocto,31
64,12,Emberiza rustica,28
64,12,Anas carolinensis,25
64,12,Tadorna tadorna,24
64,12,Anser albifrons,22
64,12,Spatula clypeata,22
64,12,Larus marinus,21
64,12,Sylvia communis,21
64,12,Columba livia,21
64,12,Columba oenas,21
64,12,Mareca strepera,21
64,12,Falco rusticolus,20
64,12,Corvus frugilegus,19
64,12,Phoenicurus ochruros,19
64,12,Spatula querquedula,19
64,12,Poecile palustris,18
64,12,Mergellus albellus,18
64,12,Aix galericulata,18
64,12,Fulica atra,17
64,12,Somateria mollissima,17
64,12,Circus macrourus,16
64,12,Linaria cannabina,16
64,12,Upupa epops,15
64,12,Podiceps grisegena,14
64,12,Carpodacus erythrinus,14
64,12,Falco subbuteo,12
64,12,Tringa erythropus,12
64,12,Calidris maritima,12
64,12,Ciconia ciconia,11
64,12,Locustella naevia,11
64,12,Mareca americana,11
64,12,Calidris minuta,10
64,12,Cygnus olor,9
64,12,Aegithalos caudatus,8
64,12,Lanius collurio,8
64,12,Eremophila alpestris,8
64,12,Ardea alba,8
64,12,Circus aeruginosus,7
64,12,Poecile cinctus,7
64,12,Alle alle,6
64,12,Limosa lapponica,6
64,12,Aythya ferina,6
64,12,Locustella fluviatilis,5
64,12,Strix nebulosa,5
64,12,Oxyura jamaicensis,5
64,12,Charadrius dubius,5
64,14,Fringilla montifringilla,131
64,14,Phylloscopus trochilus,126
64,14,Turdus iliacus,121
64,14,Turdus pilaris,120
64,14,Motacilla alba,118
64,14,Pluvialis apricaria,106
64,14,Actitis hypoleucos,106
64,14,Fringilla coelebs,104
64,14,Parus major,101
64,14,Spinus spinus,99
64,14,Phylloscopus collybita,97
64,14,Ficedula hypoleuca,92
64,14,Larus canus,90
64,14,Turdus philomelos,88
64,14,Motacilla flava,87
64,14,Falco tinnunculus,83
64,14,Pyrrhula pyrrhula,82
64,14,Bucephala clangula,82
64,14,Numenius phaeopus,73
64,14,Hirundo rustica,72
64,14,Tringa nebularia,71
64,14,Anthus trivialis,71
64,14,Anthus pratensis,66
64,14,Emberiza schoeniclus,62
64,14,Columba palumbus,62
64,14,Muscicapa striata,61
64,14,Gavia arctica,60
64,14,Prunella modularis,60
64,14,Erithacus rubecula,58
64,14,Hippolais icterina,56
64,14,Tringa totanus,55
64,14,Mareca penelope,55
64,14,Pica pica,53
64,14,Corvus corax,52
64,14,Corvus cornix,52
64,14,Turdus merula,51
64,14,Poecile montanus,50
64,14,Anas crecca,50
64,14,Turdus viscivorus,49
64,14,Acanthis flammea,48
64,14,Loxia curvirostra,45
64,14,Grus grus,43
64,14,Regulus regulus,43
64,14,Cyanistes caeruleus,42
64,14,Vanellus vanellus,41
64,14,Buteo lagopus,41
64,14,Delichon urbicum,40
64,14,Stercorarius longicaudus,39
64,14,Gallinago gallinago,39
64,14,Tringa glareola,38
64,14,Numenius arquata,37
64,14,Anas platyrhynchos,37
64,14,Saxicola rubetra,35
64,14,Oenanthe oenanthe,35
64,14,Mergus merganser,35
64,14,Tetrastes bonasia,34
64,14,Lyrurus tetrix,34
64,14,Cygnus cygnus,33
64,14,Phylloscopus sibillatrix,33
64,14,Tringa ochropus,32
64,14,Sylvia borin,30
64,14,Accipiter nisus,28
64,14,Scolopax rusticola,28
64,14,Gavia stellata,28
64,14,Chloris chloris,28
64,14,Dendrocopos major,27
64,14,Cuculus canorus,27
64,14,Dryocopus martius,25
64,14,Tetrao urogallus,24
64,14,Calidris alpina,24
64,14,Phoenicurus phoenicurus,24
64,14,Lagopus lagopus,23
64,14,Pandion haliaetus,22
64,14,Melanitta nigra,21
64,14,Garrulus glandarius,21
64,14,Branta canadensis,21
64,14,Emberiza citrinella,20
64,14,Sterna paradisaea,20
64,14,Charadrius hiaticula,20
64,14,Ardea cinerea,20
64,14,Luscinia svecica,19
64,14,Turdus torquatus,19
64,14,Sylvia atricapilla,18
64,14,Mergus serrator,18
64,14,Sylvia curruca,16
64,14,Troglodytes troglodytes,16
64,14,Lagopus muta,15
64,14,Apus apus,15
64,14,Surnia ulula,14
64,14,Aythya fuligula,14
64,14,Calidris pugnax,14
64,14,Cinclus cinclus,13
64,14,Larus argentatus,12
64,14,Sturnus vulgaris,11
64,14,Falco columbarius,11
64,14,Picoides tridactylus,10
64,14,Periparus ater,10
64,14,Pernis apivorus,9
64,14,Accipiter gentilis,9
64,14,Perisoreus infaustus,9
64,14,Motacilla cinerea,9
64,14,Plectrophenax nivalis,9
64,14,Phalaropus lobatus,9
64,14,Charadrius morinellus,8
64,14,Bombycilla garrulus,8
64,14,Acrocephalus dumetorum,8
64,14,Aegolius funereus,8
64,14,Jynx torquilla,8
64,14,Lanius excubitor,8
64,14,Calidris temminckii,7
64,14,Aquila chrysaetos,6
64,14,Calidris maritima,6
64,14,Calcarius lapponicus,6
64,14,Haliaeetus albicilla,5
64,14,Falco subbuteo,5
64,14,Gallinago media,5
64,14,Asio flammeus,5
64,14,Chroicocephalus ridibundus,5
65,6,Rissa tridactyla,314
65,6,Larus marinus,195
65,6,Fulmarus glacialis,148
65,6,Morus bassanus,90
65,6,Larus argentatus,84
65,6,Stercorarius parasiticus,74
65,6,Larus hyperboreus,66
65,6,Larus fuscus,40
65,6,Stercorarius skua,37
65,6,Somateria mollissima,32
65,6,Larus glaucoides,21
65,6,Stercorarius longicaudus,18
65,6,Arenaria interpres,17
65,6,Larus canus,15
65,6,Hirundo rustica,15
65,6,Uria aalge,14
65,6,Stercorarius pomarinus,12
65,6,Oenanthe oenanthe,12
65,6,Chroicocephalus ridibundus,12
65,6,Sturnus vulgaris,11
65,6,Turdus merula,10
65,6,Plectrophenax nivalis,10
65,6,Turdus pilaris,9
65,6,Turdus iliacus,9
65,6,Sterna paradisaea,8
65,6,Motacilla alba,8
65,6,Fratercula arctica,7
65,6,Falco tinnunculus,7
65,6,Corvus cornix,6
65,6,Sylvia atricapilla,6
65,6,Numenius phaeopus,5
65,6,Phalacrocorax carbo,5
65,6,Regulus regulus,5
65,6,Erithacus rubecula,5
65,6,Asio flammeus,5
65,10,Haematopus ostralegus,1032
65,10,Anser anser,1030
65,10,Numenius arquata,991
65,10,Larus marinus,930
65,10,Larus argentatus,926
65,10,Haliaeetus albicilla,839
65,10,Mergus serrator,821
65,10,Somateria mollissima,784
65,10,Cepphus grylle,702
65,10,Anas platyrhynchos,694
65,10,Larus canus,685
65,10,Phalacrocorax carbo,596
65,10,Anthus pratensis,560
65,10,Tringa totanus,545
65,10,Corvus cornix,512
65,10,Ardea cinerea,512
65,10,Gallinago gallinago,491
65,10,Turdus iliacus,462
65,10,Phalacrocorax aristotelis,450
65,10,Anthus petrosus,445
65,10,Oenanthe oenanthe,417
65,10,Phylloscopus collybita,411
65,10,Sturnus vulgaris,396
65,10,Larus fuscus,359
65,10,Motacilla alba,343
65,10,Stercorarius parasiticus,341
65,10,Aythya fuligula,337
65,10,Corvus corax,327
65,10,Branta leucopsis,321
65,10,Acanthis flammea,310
65,10,Rissa tridactyla,302
65,10,Vanellus vanellus,300
65,10,Turdus pilaris,299
65,10,Mareca penelope,291
65,10,Anas crecca,283
65,10,Gavia stellata,281
65,10,Linaria flavirostris,277
65,10,Cygnus cygnus,276
65,10,Clangula hyemalis,272
65,10,Troglodytes troglodytes,271
65,10,Turdus merula,267
65,10,Tadorna tadorna,263
65,10,Phylloscopus trochilus,261
65,10,Hydrobates pelagicus,252
65,10,Morus bassanus,251
65,10,Calidris maritima,234
65,10,Pluvialis apricaria,230
65,10,Emberiza schoeniclus,230
65,10,Melanitta fusca,230
65,10,Gavia immer,229
65,10,Hirundo rustica,225
65,10,Sterna paradisaea,215
65,10,Charadrius hiaticula,214
65,10,Numenius phaeopus,211
65,10,Parus major,208
65,10,Fringilla montifringilla,195
65,10,Plectrophenax nivalis,185
65,10,Actitis hypoleucos,174
65,10,Pica pica,173
65,10,Regulus regulus,167
65,10,Alca torda,163
65,10,Arenaria interpres,160
65,10,Spatula clypeata,160
65,10,Cuculus canorus,158
65,10,Columba palumbus,157
65,10,Erithacus rubecula,149
65,10,Cyanistes caeruleus,141
65,10,Uria aalge,139
65,10,Bucephala clangula,139
65,10,Sylvia atricapilla,136
65,10,Turdus philomelos,135
65,10,Fulmarus glacialis,134
65,10,Fringilla coelebs,132
65,10,Phylloscopus inornatus,131
65,10,Chloris chloris,129
65,10,Gavia adamsii,125
65,10,Anser brachyrhynchus,120
65,10,Fratercula arctica,115
65,10,Scolopax rusticola,109
65,10,Calidris alpina,108
65,10,Sterna hirundo,107
65,10,Pyrrhula pyrrhula,103
65,10,Melanitta nigra,101
65,10,Picus canus,100
65,10,Periparus ater,100
65,10,Lyrurus tetrix,99
65,10,Saxicola rubetra,94
65,10,Turdus torquatus,94
65,10,Passer domesticus,91
65,10,Lagopus lagopus,90
65,10,Falco columbarius,90
65,10,Falco peregrinus,87
65,10,Sylvia curruca,87
65,10,Sylvia borin,86
65,10,Acrocephalus schoenobaenus,85
65,10,Falco tinnunculus,81
65,10,Grus grus,80
65,10,Asio flammeus,79
65,10,Gavia arctica,78
65,10,Sylvia communis,78
65,10,Chroicocephalus ridibundus,74
65,10,Alle alle,73
65,10,Dendrocopos major,72
65,10,Limosa lapponica,72
65,10,Accipiter nisus,71
65,10,Ficedula hypoleuca,66
65,10,Calidris pugnax,65
65,10,Podiceps auritus,62
65,10,Spinus spinus,62
65,10,Puffinus griseus,54
65,10,Phoenicurus phoenicurus,54
65,10,Accipiter gentilis,52
65,10,Tringa nebularia,51
65,10,Podiceps grisegena,51
65,10,Loxia curvirostra,50
65,10,Anas acuta,49
65,10,Lymnocryptes minimus,47
65,10,Calcarius lapponicus,46
65,10,Limosa limosa,44
65,10,Bombycilla garrulus,42
65,10,Prunella modularis,42
65,10,Anser albifrons,40
65,10,Acanthis hornemanni,40
65,10,Loxia leucoptera,40
65,10,Aquila chrysaetos,39
65,10,Tringa erythropus,39
65,10,Calidris alba,39
65,10,Stercorarius skua,37
65,10,Anthus trivialis,37
65,10,Pluvialis squatarola,36
65,10,Somateria spectabilis,34
65,10,Crex crex,34
65,10,Emberiza citrinella,32
65,10,Mergellus albellus,32
65,10,Streptopelia decaocto,30
65,10,Luscinia svecica,30
65,10,Stercorarius pomarinus,29
65,10,Calidris ferruginea,29
65,10,Muscicapa striata,29
65,10,Poecile montanus,28
65,10,Calidris canutus,27
65,10,Alauda arvensis,26
65,10,Sylvia nisoria,25
65,10,Cinclus cinclus,24
65,10,Anthus hodgsoni,23
65,10,Delichon urbicum,22
65,10,Branta bernicla,22
65,10,Mareca strepera,22
65,10,Emberiza pusilla,20
65,10,Larus hyperboreus,19
65,10,Larus glaucoides,19
65,10,Phoenicurus ochruros,19
65,10,Ficedula parva,18
65,10,Hippolais icterina,18
65,10,Lagopus muta,18
65,10,Oceanodroma leucorhoa,17
65,10,Falco rusticolus,17
65,10,Egretta garzetta,16
65,10,Acrocephalus dumetorum,16
65,10,Carpodacus erythrinus,16
65,10,Streptopelia turtur,16
65,10,Picus viridis,15
65,10,Certhia familiaris,15
65,10,Locustella naevia,15
65,10,Passer montanus,15
65,10,Calidris minuta,14
65,10,Aythya marila,14
65,10,Garrulus glandarius,13
65,10,Lanius collurio,13
65,10,Phylloscopus sibillatrix,13
65,10,Spatula querquedula,13
65,10,Anthus richardi,13
65,10,Ardea alba,13
65,10,Rallus aquaticus,12
65,10,Stercorarius longicaudus,12
65,10,Anser fabalis,12
65,10,Aythya ferina,12
65,10,Apus apus,12
65,10,Phalaropus lobatus,12
65,10,Pastor roseus,12
65,10,Lanius excubitor,12
65,10,Tetrastes bonasia,11
65,10,Coturnix coturnix,11
65,10,Fulica atra,11
65,10,Tringa ochropus,11
65,10,Circus cyaneus,10
65,10,Calidris temminckii,10
65,10,Riparia riparia,10
65,10,Loxia pytyopsittacus,10
65,10,Aegithalos caudatus,10
65,10,Anser indicus,10
65,10,Mergus merganser,10
65,10,Buteo lagopus,9
65,10,Tringa glareola,9
65,10,Motacilla flava,9
65,10,Carduelis carduelis,8
65,10,Linaria cannabina,8
65,10,Upupa epops,7
65,10,Puffinus puffinus,7
65,10,Bubo bubo,7
65,10,Circus aeruginosus,6
65,10,Falco subbuteo,6
65,10,Xema sabini,6
65,10,Corvus frugilegus,6
65,10,Charadrius morinellus,5
65,10,Tachybaptus ruficollis,5
65,10,Sitta europaea,5
65,10,Poecile palustris,5
65,10,Turdus viscivorus,5
65,10,Aix galericulata,5
65,10,Coloeus monedula,5
65,12,Anas platyrhynchos,5598
65,12,Larus canus,3676
65,12,Anser anser,3623
65,12,Larus argentatus,3606
65,12,Haematopus ostralegus,3526
65,12,Ardea cinerea,3367
65,12,Numenius arquata,3302
65,12,Corvus cornix,3163
65,12,Mergus serrator,3039
65,12,Tringa totanus,2823
65,12,Parus major,2542
65,12,Anas crecca,2503
65,12,Larus marinus,2470
65,12,Turdus pilaris,2297
65,12,Haliaeetus albicilla,2276
65,12,Sturnus vulgaris,2269
65,12,Somateria mollissima,2213
65,12,Bucephala clangula,2162
65,12,Pica pica,2050
65,12,Vanellus vanellus,2045
65,12,Tadorna tadorna,2016
65,12,Mareca penelope,1995
65,12,Cygnus cygnus,1945
65,12,Aythya fuligula,1930
65,12,Chroicocephalus ridibundus,1930
65,12,Branta leucopsis,1876
65,12,Chloris chloris,1798
65,12,Turdus merula,1712
65,12,Turdus iliacus,1696
65,12,Anthus pratensis,1691
65,12,Cyanistes caeruleus,1685
65,12,Phylloscopus collybita,1673
65,12,Gallinago gallinago,1535
65,12,Motacilla alba,1516
65,12,Fringilla coelebs,1483
65,12,Anser brachyrhynchus,1474
65,12,Phalacrocorax carbo,1467
65,12,Charadrius hiaticula,1437
65,12,Hirundo rustica,1416
65,12,Acanthis flammea,1370
65,12,Phylloscopus trochilus,1247
65,12,Grus grus,1218
65,12,Pluvialis apricaria,1189
65,12,Pyrrhula pyrrhula,1185
65,12,Larus fuscus,1144
65,12,Columba palumbus,1093
65,12,Corvus corax,1056
65,12,Poecile montanus,1004
65,12,Cepphus grylle,993
65,12,Oenanthe oenanthe,978
65,12,Fringilla montifringilla,970
65,12,Emberiza schoeniclus,940
65,12,Erithacus rubecula,930
65,12,Actitis hypoleucos,895
65,12,Passer domesticus,877
65,12,Emberiza citrinella,851
65,12,Spinus spinus,837
65,12,Clangula hyemalis,763
65,12,Melanitta fusca,743
65,12,Melanitta nigra,742
65,12,Sterna paradisaea,723
65,12,Troglodytes troglodytes,703
65,12,Branta canadensis,699
65,12,Gavia stellata,682
65,12,Tringa nebularia,661
65,12,Calidris pugnax,659
65,12,Calidris alpina,642
65,12,Periparus ater,632
65,12,Numenius phaeopus,625
65,12,Podiceps auritus,618
65,12,Cuculus canorus,600
65,12,Anthus petrosus,541
65,12,Dendrocopos major,508
65,12,Turdus philomelos,506
65,12,Lagopus lagopus,502
65,12,Scolopax rusticola,502
65,12,Saxicola rubetra,489
65,12,Anas acuta,471
65,12,Rissa tridactyla,467
65,12,Ficedula hypoleuca,467
65,12,Mergus merganser,450
65,12,Gavia arctica,447
65,12,Lyrurus tetrix,438
65,12,Stercorarius parasiticus,434
65,12,Passer montanus,432
65,12,Alca torda,432
65,12,Accipiter nisus,431
65,12,Bombycilla garrulus,426
65,12,Calidris maritima,411
65,12,Prunella modularis,403
65,12,Alauda arvensis,400
65,12,Falco tinnunculus,399
65,12,Buteo lagopus,381
65,12,Garrulus glandarius,380
65,12,Linaria flavirostris,380
65,12,Limosa lapponica,377
65,12,Falco columbarius,368
65,12,Cinclus cinclus,360
65,12,Arenaria interpres,350
65,12,Loxia curvirostra,343
65,12,Acrocephalus schoenobaenus,342
65,12,Regulus regulus,325
65,12,Sylvia atricapilla,323
65,12,Riparia riparia,312
65,12,Plectrophenax nivalis,308
65,12,Sterna hirundo,306
65,12,Motacilla flava,274
65,12,Tringa erythropus,271
65,12,Sylvia communis,266
65,12,Phalacrocorax aristotelis,254
65,12,Mareca strepera,239
65,12,Streptopelia decaocto,236
65,12,Delichon urbicum,235
65,12,Picus canus,234
65,12,Turdus torquatus,234
65,12,Picoides tridactylus,230
65,12,Muscicapa striata,215
65,12,Coloeus monedula,210
65,12,Tringa glareola,204
65,12,Tetrastes bonasia,192
65,12,Alle alle,189
65,12,Anthus trivialis,185
65,12,Asio flammeus,183
65,12,Limosa limosa,178
65,12,Spatula clypeata,173
65,12,Columba livia,163
65,12,Surnia ulula,159
65,12,Phoenicurus phoenicurus,159
65,12,Loxia leucoptera,157
65,12,Lagopus muta,155
65,12,Perisoreus infaustus,153
65,12,Accipiter gentilis,152
65,12,Luscinia svecica,149
65,12,Apus apus,149
65,12,Falco peregrinus,135
65,12,Calidris canutus,133
65,12,Sylvia borin,133
65,12,Fratercula arctica,125
65,12,Tetrao urogallus,122
65,12,Aquila chrysaetos,121
65,12,Anser albifrons,121
65,12,Sitta europaea,119
65,12,Dryocopus martius,118
65,12,Lymnocryptes minimus,115
65,12,Tringa ochropus,113
65,12,Calidris temminckii,113
65,12,Certhia familiaris,112
65,12,Aythya marila,112
65,12,Calidris ferruginea,111
65,12,Mergellus albellus,109
65,12,Turdus viscivorus,103
65,12,Carduelis carduelis,101
65,12,Picus viridis,95
65,12,Hippolais icterina,94
65,12,Phalaropus lobatus,94
65,12,Acanthis hornemanni,93
65,12,Rallus aquaticus,87
65,12,Uria aalge,87
65,12,Fulica atra,85
65,12,Stercorarius longicaudus,83
65,12,Aegolius funereus,80
65,12,Linaria cannabina,75
65,12,Pluvialis squatarola,72
65,12,Calidris minuta,71
65,12,Gavia adamsii,70
65,12,Lanius excubitor,67
65,12,Tachybaptus ruficollis,62
65,12,Glaucidium passerinum,59
65,12,Gavia immer,56
65,12,Somateria spectabilis,56
65,12,Spatula querquedula,50
65,12,Calcarius lapponicus,46
65,12,Falco rusticolus,46
65,12,Branta bernicla,44
65,12,Coccothraustes coccothraustes,41
65,12,Sylvia curruca,38
65,12,Columba oenas,32
65,12,Larus hyperboreus,31
65,12,Podilymbus podiceps,31
65,12,Asio otus,31
65,12,Anser fabalis,29
65,12,Pinicola enucleator,28
65,12,Larus glaucoides,27
65,12,Hydrocoloeus minutus,27
65,12,Loxia pytyopsittacus,25
65,12,Aegithalos caudatus,25
65,12,Motacilla cinerea,24
65,12,Nucifraga caryocatactes,22
65,12,Calidris alba,21
65,12,Phylloscopus inornatus,21
65,12,Dryobates minor,21
65,12,Charadrius morinellus,20
65,12,Branta ruficollis,20
65,12,Anser serrirostris,20
65,12,Lophophanes cristatus,19
65,12,Aythya ferina,19
65,12,Pandion haliaetus,18
65,12,Corvus frugilegus,18
65,12,Aix galericulata,17
65,12,Podiceps grisegena,16
65,12,Ardea alba,15
65,12,Anser erythropus,14
65,12,Jynx torquilla,14
65,12,Morus bassanus,13
65,12,Polysticta stelleri,13
65,12,Circus cyaneus,12
65,12,Gallinago media,12
65,12,Poecile palustris,12
65,12,Cygnus olor,12
65,12,Stercorarius pomarinus,11
65,12,Streptopelia turtur,11
65,12,Lophodytes cucullatus,10
65,12,Upupa epops,10
65,12,Crex crex,10
65,12,Circus aeruginosus,9
65,12,Buteo buteo,9
65,12,Melanitta perspicillata,9
65,12,Coturnix coturnix,8
65,12,Calidris melanotos,7
65,12,Anser indicus,7
65,12,Branta hutchinsii,7
65,12,Merops apiaster,6
65,12,Bubo bubo,6
65,12,Eremophila alpestris,6
65,12,Fulmarus glacialis,5
65,12,Locustella naevia,5
65,12,Gallinula chloropus,5
65,12,Calidris falcinellus,5
65,12,Phylloscopus sibillatrix,5
65,14,Aythya fuligula,262
65,14,Bucephala clangula,252
65,14,Parus major,198
65,14,Pyrrhula pyrrhula,179
65,14,Pica pica,174
65,14,Turdus pilaris,163
65,14,Corvus cornix,152
65,14,Fringilla montifringilla,151
65,14,Poecile montanus,148
65,14,Garrulus glandarius,127
65,14,Fringilla coelebs,124
65,14,Acanthis flammea,121
65,14,Anas crecca,121
65,14,Pluvialis apricaria,118
65,14,Cyanistes caeruleus,116
65,14,Columba palumbus,116
65,14,Chloris chloris,115
65,14,Anas platyrhynchos,115
65,14,Buteo lagopus,114
65,14,Tringa totanus,114
65,14,Corvus corax,112
65,14,Mareca penelope,110
65,14,Spinus spinus,108
65,14,Actitis hypoleucos,106
65,14,Turdus iliacus,105
65,14,Lagopus lagopus,102
65,14,Periparus ater,97
65,14,Larus canus,93
65,14,Turdus philomelos,90
65,14,Phylloscopus trochilus,89
65,14,Melanitta fusca,89
65,14,Tringa nebularia,86
65,14,Anthus pratensis,79
65,14,Motacilla flava,78
65,14,Mergus merganser,77
65,14,Grus grus,74
65,14,Ardea cinerea,74
65,14,Gavia arctica,70
65,14,Emberiza citrinella,70
65,14,Motacilla alba,67
65,14,Melanitta nigra,66
65,14,Turdus merula,62
65,14,Tringa glareola,61
65,14,Erithacus rubecula,57
65,14,Scolopax rusticola,55
65,14,Emberiza schoeniclus,55
65,14,Oenanthe oenanthe,55
65,14,Stercorarius longicaudus,54
65,14,Ficedula hypoleuca,54
65,14,Luscinia svecica,54
65,14,Tetrastes bonasia,53
65,14,Gallinago gallinago,53
65,14,Cuculus canorus,52
65,14,Clangula hyemalis,48
65,14,Phylloscopus collybita,47
65,14,Prunella modularis,46
65,14,Lagopus muta,45
65,14,Numenius phaeopus,44
65,14,Gavia stellata,44
65,14,Surnia ulula,44
65,14,Haliaeetus albicilla,43
65,14,Falco tinnunculus,43
65,14,Cinclus cinclus,36
65,14,Lyrurus tetrix,35
65,14,Tringa ochropus,35
65,14,Perisoreus infaustus,34
65,14,Plectrophenax nivalis,32
65,14,Dendrocopos major,31
65,14,Accipiter nisus,30
65,14,Regulus regulus,30
65,14,Tetrao urogallus,29
65,14,Aythya marila,29
65,14,Aegolius funereus,29
65,14,Charadrius hiaticula,28
65,14,Sitta europaea,27
65,14,Turdus torquatus,26
65,14,Bombycilla garrulus,25
65,14,Muscicapa striata,24
65,14,Picoides tridactylus,23
65,14,Phoenicurus phoenicurus,22
65,14,Falco columbarius,22
65,14,Aquila chrysaetos,21
65,14,Anthus trivialis,20
65,14,Cygnus cygnus,20
65,14,Passer montanus,20
65,14,Lanius excubitor,20
65,14,Loxia curvirostra,19
65,14,Sturnus vulgaris,19
65,14,Vanellus vanellus,17
65,14,Calcarius lapponicus,17
65,14,Delichon urbicum,16
65,14,Mergus serrator,15
65,14,Dryocopus martius,14
65,14,Turdus viscivorus,14
65,14,Accipiter gentilis,13
65,14,Phalaropus lobatus,13
65,14,Calidris alpina,12
65,14,Podiceps auritus,11
65,14,Pinicola enucleator,11
65,14,Troglodytes troglodytes,11
65,14,Branta canadensis,11
65,14,Picus canus,10
65,14,Calidris temminckii,10
65,14,Asio flammeus,10
65,14,Saxicola rubetra,9
65,14,Loxia pytyopsittacus,9
65,14,Certhia familiaris,8
65,14,Sylvia atricapilla,8
65,14,Anas acuta,8
65,14,Hirundo rustica,8
65,14,Circus cyaneus,7
65,14,Numenius arquata,7
65,14,Acanthis hornemanni,7
65,14,Coturnix coturnix,6
65,14,Linaria flavirostris,6
65,14,Falco rusticolus,6
65,14,Pandion haliaetus,5
65,14,Lymnocryptes minimus,5
65,14,Carduelis carduelis,5
65,14,Glaucidium passerinum,5
65,14,Jynx torquilla,5
66,10,Larus marinus,52
66,10,Larus argentatus,45
66,10,Haematopus ostralegus,43
66,10,Somateria mollissima,29
66,10,Larus canus,24
66,10,Sterna paradisaea,22
66,10,Anser anser,20
66,10,Cepphus grylle,16
66,10,Phalacrocorax aristotelis,16
66,10,Phalacrocorax carbo,16
66,10,Stercorarius parasiticus,15
66,10,Anthus petrosus,15
66,10,Arenaria interpres,13
66,10,Haliaeetus albicilla,11
66,10,Morus bassanus,10
66,10,Rissa tridactyla,9
66,10,Corvus cornix,7
66,10,Oenanthe oenanthe,7
66,10,Fulmarus glacialis,5
66,10,Corvus corax,5
66,10,Branta leucopsis,5
66,12,Corvus cornix,15409
66,12,Larus argentatus,12073
66,12,Larus canus,11473
66,12,Haematopus ostralegus,10293
66,12,Anas platyrhynchos,10130
66,12,Parus major,10090
66,12,Chloris chloris,9367
66,12,Pica pica,9059
66,12,Mergus serrator,8031
66,12,Larus marinus,7730
66,12,Sturnus vulgaris,7383
66,12,Ardea cinerea,7248
66,12,Turdus pilaris,7121
66,12,Passer domesticus,6971
66,12,Haliaeetus albicilla,6538
66,12,Cyanistes caeruleus,6423
66,12,Phalacrocorax carbo,6212
66,12,Motacilla alba,6127
66,12,Numenius arquata,5787
66,12,Fringilla coelebs,5308
66,12,Turdus iliacus,5200
66,12,Turdus merula,5017
66,12,Pyrrhula pyrrhula,4986
66,12,Emberiza citrinella,4665
66,12,Fringilla montifringilla,4571
66,12,Somateria mollissima,4465
66,12,Anthus pratensis,4443
66,12,Phylloscopus collybita,4433
66,12,Acanthis flammea,4310
66,12,Corvus corax,4024
66,12,Poecile montanus,3769
66,12,Tringa totanus,3654
66,12,Hirundo rustica,3647
66,12,Spinus spinus,3479
66,12,Anas crecca,3358
66,12,Anser anser,3308
66,12,Cepphus grylle,3274
66,12,Gallinago gallinago,3255
66,12,Phylloscopus trochilus,3125
66,12,Bucephala clangula,2976
66,12,Erithacus rubecula,2891
66,12,Columba palumbus,2832
66,12,Mareca penelope,2791
66,12,Passer montanus,2783
66,12,Actitis hypoleucos,2566
66,12,Chroicocephalus ridibundus,2455
66,12,Linaria flavirostris,2382
66,12,Emberiza schoeniclus,2380
66,12,Periparus ater,2369
66,12,Vanellus vanellus,2220
66,12,Cygnus cygnus,2218
66,12,Troglodytes troglodytes,2176
66,12,Rissa tridactyla,1948
66,12,Tadorna tadorna,1812
66,12,Pluvialis apricaria,1795
66,12,Turdus philomelos,1772
66,12,Aythya fuligula,1672
66,12,Prunella modularis,1667
66,12,Grus grus,1662
66,12,Charadrius hiaticula,1653
66,12,Ficedula hypoleuca,1646
66,12,Turdus torquatus,1505
66,12,Phalacrocorax aristotelis,1503
66,12,Anthus petrosus,1441
66,12,Larus fuscus,1436
66,12,Cinclus cinclus,1399
66,12,Mergus merganser,1350
66,12,Oenanthe oenanthe,1325
66,12,Melanitta fusca,1317
66,12,Dendrocopos major,1298
66,12,Alca torda,1220
66,12,Regulus regulus,1204
66,12,Calidris maritima,1171
66,12,Accipiter nisus,1159
66,12,Saxicola rubetra,1136
66,12,Melanitta nigra,1126
66,12,Cuculus canorus,1112
66,12,Bombycilla garrulus,1108
66,12,Garrulus glandarius,1089
66,12,Sylvia atricapilla,1087
66,12,Plectrophenax nivalis,1079
66,12,Picus canus,1062
66,12,Sterna paradisaea,1048
66,12,Lyrurus tetrix,1036
66,12,Gavia stellata,1032
66,12,Tringa nebularia,997
66,12,Clangula hyemalis,917
66,12,Delichon urbicum,843
66,12,Fratercula arctica,772
66,12,Falco tinnunculus,772
66,12,Stercorarius parasiticus,751
66,12,Scolopax rusticola,743
66,12,Phoenicurus phoenicurus,736
66,12,Muscicapa striata,727
66,12,Lagopus lagopus,676
66,12,Sylvia borin,672
66,12,Sterna hirundo,668
66,12,Numenius phaeopus,641
66,12,Loxia curvirostra,628
66,12,Columba livia,627
66,12,Anser brachyrhynchus,596
66,12,Podiceps auritus,584
66,12,Acanthis hornemanni,574
66,12,Falco columbarius,570
66,12,Acrocephalus schoenobaenus,555
66,12,Luscinia svecica,540
66,12,Riparia riparia,534
66,12,Surnia ulula,526
66,12,Anthus trivialis,520
66,12,Streptopelia decaocto,486
66,12,Buteo lagopus,480
66,12,Gavia arctica,451
66,12,Motacilla flava,443
66,12,Calidris alpina,436
66,12,Alle alle,419
66,12,Phylloscopus inornatus,406
66,12,Gavia adamsii,393
66,12,Lymnocryptes minimus,390
66,12,Aquila chrysaetos,378
66,12,Calidris pugnax,362
66,12,Anas acuta,359
66,12,Certhia familiaris,335
66,12,Morus bassanus,333
66,12,Larus glaucoides,315
66,12,Accipiter gentilis,314
66,12,Sylvia curruca,299
66,12,Branta leucopsis,283
66,12,Spatula clypeata,281
66,12,Loxia leucoptera,275
66,12,Picoides tridactylus,271
66,12,Gavia immer,264
66,12,Lanius excubitor,252
66,12,Hippolais icterina,250
66,12,Falco peregrinus,246
66,12,Coccothraustes coccothraustes,243
66,12,Sylvia communis,241
66,12,Dryocopus martius,239
66,12,Asio flammeus,239
66,12,Loxia pytyopsittacus,220
66,12,Lagopus muta,216
66,12,Aegolius funereus,209
66,12,Glaucidium passerinum,200
66,12,Arenaria interpres,195
66,12,Turdus viscivorus,193
66,12,Alauda arvensis,192
66,12,Somateria spectabilis,185
66,12,Asio otus,172
66,12,Apus apus,172
66,12,Larus hyperboreus,170
66,12,Aythya marila,165
66,12,Tringa ochropus,162
66,12,Uria aalge,151
66,12,Tringa glareola,147
66,12,Mergellus albellus,141
66,12,Pinicola enucleator,140
66,12,Limosa lapponica,137
66,12,Branta canadensis,137
66,12,Phylloscopus sibillatrix,128
66,12,Sylvia nisoria,122
66,12,Cygnus olor,121
66,12,Calidris temminckii,119
66,12,Picus viridis,116
66,12,Fulica atra,107
66,12,Aegithalos caudatus,106
66,12,Anthus hodgsoni,104
66,12,Calcarius lapponicus,100
66,12,Jynx torquilla,96
66,12,Tachybaptus ruficollis,91
66,12,Carduelis carduelis,90
66,12,Hydrobates pelagicus,88
66,12,Tringa erythropus,83
66,12,Coloeus monedula,78
66,12,Mareca strepera,78
66,12,Pastor roseus,71
66,12,Tetrao urogallus,70
66,12,Fulmarus glacialis,70
66,12,Poecile palustris,69
66,12,Tetrastes bonasia,67
66,12,Rallus aquaticus,65
66,12,Anser albifrons,65
66,12,Sitta europaea,63
66,12,Emberiza pusilla,63
66,12,Calidris minuta,62
66,12,Perisoreus infaustus,62
66,12,Falco rusticolus,62
66,12,Locustella fluviatilis,57
66,12,Lanius collurio,57
66,12,Calidris ferruginea,54
66,12,Spatula querquedula,54
66,12,Podiceps grisegena,53
66,12,Carpodacus erythrinus,50
66,12,Limosa limosa,48
66,12,Upupa epops,47
66,12,Linaria cannabina,47
66,12,Dryobates minor,46
66,12,Pluvialis squatarola,43
66,12,Nucifraga caryocatactes,43
66,12,Corvus frugilegus,40
66,12,Ardea alba,39
66,12,Streptopelia turtur,38
66,12,Columba oenas,37
66,12,Puffinus griseus,35
66,12,Hydrocoloeus minutus,35
66,12,Gallinula chloropus,33
66,12,Stercorarius longicaudus,32
66,12,Buteo buteo,30
66,12,Calidris canutus,27
66,12,Motacilla cinerea,27
66,12,Anser fabalis,27
66,12,Acrocephalus dumetorum,26
66,12,Melanitta perspicillata,26
66,12,Stercorarius pomarinus,25
66,12,Stercorarius skua,25
66,12,Aix galericulata,25
66,12,Bubo bubo,25
66,12,Gallinago media,24
66,12,Anthus richardi,23
66,12,Crex crex,19
66,12,Phoenicurus ochruros,19
66,12,Locustella naevia,18
66,12,Coturnix coturnix,17
66,12,Circus cyaneus,17
66,12,Motacilla citreola,17
66,12,Charadrius morinellus,16
66,12,Ficedula parva,16
66,12,Anthus gustavi,15
66,12,Anser indicus,15
66,12,Histrionicus histrionicus,15
66,12,Phalaropus lobatus,15
66,12,Anser serrirostris,15
66,12,Podilymbus podiceps,14
66,12,Pandion haliaetus,13
66,12,Acrocephalus palustris,13
66,12,Phylloscopus borealis,12
66,12,Chroicocephalus philadelphia,12
66,12,Corvus corone,12
66,12,Circus macrourus,11
66,12,Anthus cervinus,11
66,12,Streptopelia orientalis,11
66,12,Anas carolinensis,11
66,12,Branta bernicla,11
66,12,Calidris alba,10
66,12,Puffinus puffinus,10
66,12,Emberiza melanocephala,10
66,12,Glareola pratincola,9
66,12,Falco subbuteo,9
66,12,Lophophanes cristatus,9
66,12,Oriolus oriolus,9
66,12,Oenanthe pleschanka,9
66,12,Strix aluco,9
66,12,Porzana porzana,8
66,12,Emberiza rustica,8
66,12,Melanitta americana,8
66,12,Circus aeruginosus,7
66,12,Egretta garzetta,7
66,12,Lanius senator,7
66,12,Anser caerulescens,7
66,12,Aythya ferina,7
66,12,Milvus migrans,7
66,12,Melanitta stejnegeri,6
66,12,Tarsiger cyanurus,6
66,12,Luscinia megarhynchos,6
66,12,Uria lomvia,5
66,12,Emberiza hortulana,5
66,12,Lanius cristatus,5
66,12,Acrocephalus scirpaceus,5
66,12,Saxicola rubicola,5
66,12,Zonotrichia albicollis,5
66,12,Charadrius dubius,5
66,14,Bucephala clangula,3294
66,14,Anas platyrhynchos,3235
66,14,Larus canus,2651
66,14,Corvus cornix,2478
66,14,Anas crecca,2313
66,14,Parus major,1843
66,14,Turdus pilaris,1825
66,14,Pica pica,1753
66,14,Clangula hyemalis,1693
66,14,Larus argentatus,1639
66,14,Tringa totanus,1610
66,14,Motacilla alba,1605
66,14,Somateria mollissima,1545
66,14,Pluvialis apricaria,1495
66,14,Mareca penelope,1288
66,14,Charadrius hiaticula,1263
66,14,Actitis hypoleucos,1248
66,14,Anthus pratensis,1248
66,14,Pyrrhula pyrrhula,1224
66,14,Turdus iliacus,1211
66,14,Corvus corax,1150
66,14,Sturnus vulgaris,1144
66,14,Cyanistes caeruleus,1133
66,14,Spinus spinus,1094
66,14,Fringilla montifringilla,1070
66,14,Chloris chloris,1041
66,14,Poecile montanus,1039
66,14,Fringilla coelebs,1038
66,14,Haematopus ostralegus,1022
66,14,Chroicocephalus ridibundus,978
66,14,Phylloscopus trochilus,964
66,14,Acanthis flammea,947
66,14,Phylloscopus collybita,941
66,14,Larus marinus,912
66,14,Tringa nebularia,904
66,14,Numenius arquata,871
66,14,Oenanthe oenanthe,870
66,14,Aythya fuligula,836
66,14,Haliaeetus albicilla,819
66,14,Turdus merula,804
66,14,Garrulus glandarius,774
66,14,Gavia stellata,730
66,14,Periparus ater,717
66,14,Mergus merganser,717
66,14,Erithacus rubecula,684
66,14,Columba palumbus,658
66,14,Lagopus lagopus,655
66,14,Buteo lagopus,642
66,14,Gallinago gallinago,638
66,14,Cinclus cinclus,629
66,14,Motacilla flava,629
66,14,Calidris alpina,607
66,14,Hirundo rustica,604
66,14,Ardea cinerea,604
66,14,Mergus serrator,594
66,14,Melanitta nigra,587
66,14,Grus grus,586
66,14,Luscinia svecica,560
66,14,Coloeus monedula,545
66,14,Stercorarius longicaudus,535
66,14,Turdus philomelos,531
66,14,Passer domesticus,509
66,14,Phalacrocorax carbo,507
66,14,Calidris temminckii,495
66,14,Prunella modularis,471
66,14,Bombycilla garrulus,468
66,14,Melanitta fusca,464
66,14,Cygnus cygnus,458
66,14,Plectrophenax nivalis,456
66,14,Ficedula hypoleuca,442
66,14,Numenius phaeopus,434
66,14,Vanellus vanellus,430
66,14,Cuculus canorus,420
66,14,Dendrocopos major,407
66,14,Emberiza schoeniclus,406
66,14,Columba livia,394
66,14,Scolopax rusticola,379
66,14,Lagopus muta,375
66,14,Emberiza citrinella,370
66,14,Calcarius lapponicus,370
66,14,Lyrurus tetrix,366
66,14,Riparia riparia,360
66,14,Apus apus,354
66,14,Accipiter nisus,338
66,14,Falco tinnunculus,338
66,14,Tringa glareola,333
66,14,Falco columbarius,326
66,14,Passer montanus,318
66,14,Turdus torquatus,311
66,14,Surnia ulula,306
66,14,Calidris pugnax,292
66,14,Muscicapa striata,280
66,14,Regulus regulus,273
66,14,Tetrao urogallus,272
66,14,Podiceps auritus,265
66,14,Troglodytes troglodytes,258
66,14,Phoenicurus phoenicurus,256
66,14,Anas acuta,254
66,14,Gavia arctica,252
66,14,Dryocopus martius,239
66,14,Calidris maritima,224
66,14,Sylvia atricapilla,224
66,14,Loxia curvirostra,222
66,14,Anthus trivialis,219
66,14,Tringa ochropus,215
66,14,Delichon urbicum,215
66,14,Sterna paradisaea,211
66,14,Certhia familiaris,210
66,14,Aythya marila,196
66,14,Phalaropus lobatus,181
66,14,Charadrius morinellus,177
66,14,Turdus viscivorus,173
66,14,Nucifraga caryocatactes,171
66,14,Linaria flavirostris,171
66,14,Picus canus,159
66,14,Perisoreus infaustus,151
66,14,Aegolius funereus,147
66,14,Picoides tridactylus,142
66,14,Tadorna tadorna,135
66,14,Saxicola rubetra,134
66,14,Anser brachyrhynchus,129
66,14,Glaucidium passerinum,125
66,14,Sylvia borin,119
66,14,Anser anser,118
66,14,Asio flammeus,104
66,14,Accipiter gentilis,101
66,14,Coccothraustes coccothraustes,96
66,14,Aquila chrysaetos,94
66,14,Mareca strepera,94
66,14,Sitta europaea,90
66,14,Motacilla cinerea,89
66,14,Larus fuscus,88
66,14,Larus hyperboreus,84
66,14,Lanius excubitor,80
66,14,Dryobates minor,74
66,14,Branta canadensis,73
66,14,Larus glaucoides,72
66,14,Alca torda,70
66,14,Acanthis hornemanni,69
66,14,Somateria spectabilis,67
66,14,Spatula clypeata,56
66,14,Spatula querquedula,54
66,14,Limosa lapponica,47
66,14,Hippolais icterina,47
66,14,Streptopelia decaocto,47
66,14,Pinicola enucleator,46
66,14,Loxia pytyopsittacus,44
66,14,Carduelis carduelis,43
66,14,Alauda arvensis,42
66,14,Alle alle,40
66,14,Acrocephalus schoenobaenus,40
66,14,Loxia leucoptera,40
66,14,Phylloscopus sibillatrix,39
66,14,Calidris minuta,34
66,14,Gallinago media,30
66,14,Aix galericulata,30
66,14,Asio otus,29
66,14,Melanitta americana,27
66,14,Falco rusticolus,27
66,14,Aegithalos caudatus,24
66,14,Sterna hirundo,24
66,14,Anas carolinensis,23
66,14,Limosa limosa,21
66,14,Jynx torquilla,21
66,14,Anser erythropus,20
66,14,Fulica atra,19
66,14,Branta bernicla,18
66,14,Lymnocryptes minimus,17
66,14,Podiceps grisegena,17
66,14,Sylvia curruca,17
66,14,Uria aalge,16
66,14,Falco peregrinus,15
66,14,Stercorarius parasiticus,15
66,14,Podiceps cristatus,15
66,14,Aythya collaris,15
66,14,Mergellus albellus,15
66,14,Corvus frugilegus,14
66,14,Poecile cinctus,14
66,14,Anser rossii,14
66,14,Tringa erythropus,13
66,14,Arenaria interpres,13
66,14,Sylvia communis,13
66,14,Picus viridis,12
66,14,Corvus corone,12
66,14,Pandion haliaetus,11
66,14,Calidris canutus,11
66,14,Anser indicus,11
66,14,Melanitta perspicillata,11
66,14,Branta leucopsis,11
66,14,Pluvialis squatarola,10
66,14,Buteo buteo,10
66,14,Upupa epops,10
66,14,Tadorna ferruginea,9
66,14,Crex crex,9
66,14,Eremophila alpestris,9
66,14,Anser serrirostris,8
66,14,Circus cyaneus,7
66,14,Gavia immer,7
66,14,Emberiza hortulana,7
66,14,Phylloscopus inornatus,7
66,14,Tetrastes bonasia,6
66,14,Cepphus grylle,6
66,14,Calidris alba,6
66,14,Strix nebulosa,6
66,14,Aythya ferina,6
66,14,Strix aluco,6
66,14,Egretta garzetta,5
66,14,Calidris ferruginea,5
66,14,Locustella naevia,5
66,14,Streptopelia turtur,5
66,14,Anser albifrons,5
66,14,Saxicola rubicola,5
66,14,Gallinula chloropus,5
66,14,Milvus migrans,5
66,14,Calidris falcinellus,5
66,14,Linaria cannabina,5
67,6,Rissa tridactyla,55
67,6,Fulmarus glacialis,54
67,6,Larus marinus,47
67,6,Larus hyperboreus,36
67,6,Larus argentatus,29
67,6,Morus bassanus,23
67,6,Larus glaucoides,8
67,6,Uria aalge,6
67,6,Larus fuscus,5
67,6,Stercorarius skua,5
67,10,Hydrobates pelagicus,202
67,10,Morus bassanus,124
67,10,Fulmarus glacialis,124
67,10,Cepphus grylle,110
67,10,Fratercula arctica,110
67,10,Haliaeetus albicilla,109
67,10,Larus marinus,94
67,10,Rissa tridactyla,89
67,10,Phalacrocorax aristotelis,88
67,10,Stercorarius skua,81
67,10,Oceanodroma leucorhoa,76
67,10,Uria aalge,73
67,10,Alca torda,70
67,10,Stercorarius parasiticus,63
67,10,Larus argentatus,61
67,10,Anthus petrosus,61
67,10,Troglodytes troglodytes,61
67,10,Linaria flavirostris,59
67,10,Somateria mollissima,53
67,10,Anthus pratensis,50
67,10,Corvus cornix,48
67,10,Anser anser,48
67,10,Sterna paradisaea,45
67,10,Oenanthe oenanthe,44
67,10,Corvus corax,38
67,10,Haematopus ostralegus,37
67,10,Ardea cinerea,36
67,10,Acanthis flammea,35
67,10,Falco peregrinus,33
67,10,Motacilla alba,33
67,10,Stercorarius longicaudus,32
67,10,Larus canus,30
67,10,Calidris maritima,29
67,10,Phalacrocorax carbo,29
67,10,Plectrophenax nivalis,29
67,10,Turdus iliacus,25
67,10,Numenius arquata,23
67,10,Numenius phaeopus,22
67,10,Hirundo rustica,20
67,10,Gavia stellata,19
67,10,Larus fuscus,18
67,10,Sturnus vulgaris,17
67,10,Gallinago gallinago,16
67,10,Branta leucopsis,16
67,10,Somateria spectabilis,15
67,10,Mergus serrator,14
67,10,Pluvialis apricaria,13
67,10,Actitis hypoleucos,13
67,10,Asio flammeus,13
67,10,Falco tinnunculus,13
67,10,Stercorarius pomarinus,12
67,10,Clangula hyemalis,11
67,10,Puffinus griseus,11
67,10,Falco rusticolus,11
67,10,Anas platyrhynchos,11
67,10,Arenaria interpres,9
67,10,Apus apus,9
67,10,Calidris pugnax,9
67,10,Charadrius hiaticula,9
67,10,Tringa totanus,8
67,10,Fringilla montifringilla,8
67,10,Turdus philomelos,8
67,10,Falco columbarius,8
67,10,Turdus pilaris,7
67,10,Emberiza schoeniclus,7
67,10,Puffinus puffinus,7
67,10,Larus hyperboreus,6
67,10,Lymnocryptes minimus,6
67,10,Gavia adamsii,6
67,10,Gavia immer,6
67,10,Melanitta nigra,6
67,10,Loxia curvirostra,6
67,10,Dendrocopos major,5
67,10,Calidris alpina,5
67,10,Regulus regulus,5
67,10,Phylloscopus trochilus,5
67,10,Columba palumbus,5
67,10,Chroicocephalus ridibundus,5
67,10,Turdus torquatus,5
67,12,Numenius arquata,2133
67,12,Charadrius hiaticula,2067
67,12,Calidris alpina,1978
67,12,Rissa tridactyla,1958
67,12,Phylloscopus collybita,1876
67,12,Somateria mollissima,1874
67,12,Tringa totanus,1769
67,12,Anthus petrosus,1718
67,12,Sturnus vulgaris,1700
67,12,Larus argentatus,1699
67,12,Turdus iliacus,1693
67,12,Larus marinus,1686
67,12,Motacilla alba,1677
67,12,Pluvialis apricaria,1656
67,12,Anthus pratensis,1655
67,12,Oenanthe oenanthe,1571
67,12,Haliaeetus albicilla,1533
67,12,Anas platyrhynchos,1530
67,12,Ardea cinerea,1504
67,12,Cepphus grylle,1498
67,12,Gallinago gallinago,1452
67,12,Mergus serrator,1444
67,12,Linaria flavirostris,1420
67,12,Corvus corax,1404
67,12,Stercorarius parasiticus,1397
67,12,Corvus cornix,1391
67,12,Phalacrocorax aristotelis,1375
67,12,Stercorarius skua,1366
67,12,Passer domesticus,1366
67,12,Haematopus ostralegus,1358
67,12,Larus canus,1342
67,12,Morus bassanus,1291
67,12,Anas acuta,1266
67,12,Anser anser,1226
67,12,Calidris pugnax,1179
67,12,Turdus pilaris,1144
67,12,Chroicocephalus ridibundus,1112
67,12,Acanthis flammea,1091
67,12,Phalacrocorax carbo,1075
67,12,Phylloscopus trochilus,1067
67,12,Arenaria interpres,980
67,12,Anas crecca,973
67,12,Turdus merula,933
67,12,Plectrophenax nivalis,922
67,12,Fratercula arctica,910
67,12,Aythya fuligula,882
67,12,Sylvia atricapilla,869
67,12,Sterna paradisaea,846
67,12,Hirundo rustica,846
67,12,Tringa erythropus,841
67,12,Calidris minuta,835
67,12,Calidris maritima,824
67,12,Alauda arvensis,821
67,12,Fringilla montifringilla,807
67,12,Troglodytes troglodytes,793
67,12,Mareca penelope,787
67,12,Numenius phaeopus,775
67,12,Limosa limosa,757
67,12,Falco columbarius,754
67,12,Larus hyperboreus,734
67,12,Clangula hyemalis,714
67,12,Phylloscopus inornatus,706
67,12,Emberiza schoeniclus,693
67,12,Fulmarus glacialis,690
67,12,Larus fuscus,688
67,12,Gavia stellata,662
67,12,Parus major,661
67,12,Tadorna tadorna,660
67,12,Alca torda,660
67,12,Chloris chloris,633
67,12,Turdus torquatus,627
67,12,Limosa lapponica,606
67,12,Phalaropus lobatus,601
67,12,Cygnus cygnus,575
67,12,Falco rusticolus,573
67,12,Calidris canutus,563
67,12,Fringilla coelebs,560
67,12,Sylvia borin,544
67,12,Falco peregrinus,537
67,12,Turdus philomelos,531
67,12,Sylvia curruca,529
67,12,Erithacus rubecula,527
67,12,Anser brachyrhynchus,526
67,12,Branta leucopsis,520
67,12,Calcarius lapponicus,513
67,12,Calidris alba,509
67,12,Sterna hirundo,483
67,12,Bucephala clangula,477
67,12,Vanellus vanellus,460
67,12,Calidris ferruginea,449
67,12,Regulus regulus,443
67,12,Larus glaucoides,428
67,12,Acanthis hornemanni,423
67,12,Uria aalge,353
67,12,Pluvialis squatarola,349
67,12,Accipiter nisus,332
67,12,Columba palumbus,312
67,12,Ficedula hypoleuca,311
67,12,Falco tinnunculus,297
67,12,Prunella modularis,292
67,12,Tringa nebularia,278
67,12,Sylvia nisoria,268
67,12,Lymnocryptes minimus,251
67,12,Pyrrhula pyrrhula,250
67,12,Somateria spectabilis,244
67,12,Motacilla flava,230
67,12,Bombycilla garrulus,228
67,12,Spatula clypeata,224
67,12,Dendrocopos major,221
67,12,Melanitta fusca,218
67,12,Hydrocoloeus minutus,218
67,12,Muscicapa striata,217
67,12,Puffinus griseus,211
67,12,Phylloscopus sibillatrix,210
67,12,Pica pica,209
67,12,Gavia immer,199
67,12,Hydrobates pelagicus,196
67,12,Pastor roseus,182
67,12,Anthus hodgsoni,181
67,12,Luscinia svecica,171
67,12,Saxicola rubetra,170
67,12,Anser albifrons,168
67,12,Branta bernicla,166
67,12,Phoenicurus phoenicurus,162
67,12,Asio flammeus,156
67,12,Melanitta nigra,152
67,12,Aquila chrysaetos,151
67,12,Surnia ulula,150
67,12,Streptopelia turtur,148
67,12,Spinus spinus,147
67,12,Mareca strepera,141
67,12,Aythya marila,135
67,12,Motacilla citreola,134
67,12,Gavia adamsii,133
67,12,Lanius collurio,133
67,12,Acrocephalus schoenobaenus,132
67,12,Scolopax rusticola,131
67,12,Stercorarius longicaudus,127
67,12,Accipiter gentilis,126
67,12,Aix galericulata,125
67,12,Carpodacus erythrinus,124
67,12,Alle alle,119
67,12,Cygnus olor,117
67,12,Buteo lagopus,114
67,12,Gavia arctica,109
67,12,Sylvia communis,107
67,12,Cyanistes caeruleus,105
67,12,Loxia curvirostra,99
67,12,Stercorarius pomarinus,98
67,12,Riparia riparia,97
67,12,Cuculus canorus,97
67,12,Actitis hypoleucos,96
67,12,Calidris melanotos,92
67,12,Delichon urbicum,92
67,12,Puffinus puffinus,89
67,12,Anser fabalis,87
67,12,Emberiza pusilla,86
67,12,Anthus trivialis,83
67,12,Mergus merganser,83
67,12,Passer montanus,79
67,12,Loxia pytyopsittacus,70
67,12,Tachybaptus ruficollis,69
67,12,Tringa glareola,67
67,12,Lagopus lagopus,62
67,12,Acrocephalus dumetorum,61
67,12,Calidris subruficollis,61
67,12,Calidris temminckii,60
67,12,Streptopelia decaocto,60
67,12,Picus canus,58
67,12,Corvus frugilegus,58
67,12,Apus apus,58
67,12,Anthus richardi,56
67,12,Loxia leucoptera,55
67,12,Pluvialis fulva,52
67,12,Periparus ater,52
67,12,Anser serrirostris,51
67,12,Columba livia,49
67,12,Grus grus,48
67,12,Ficedula parva,48
67,12,Anthus gustavi,47
67,12,Pluvialis dominica,46
67,12,Coloeus monedula,42
67,12,Coccothraustes coccothraustes,41
67,12,Phalaropus fulicarius,40
67,12,Podiceps auritus,39
67,12,Phylloscopus borealis,37
67,12,Certhia familiaris,36
67,12,Garrulus glandarius,35
67,12,Aegithalos caudatus,31
67,12,Upupa epops,31
67,12,Anthus cervinus,30
67,12,Cinclus cinclus,30
67,12,Aythya collaris,30
67,12,Fulica atra,29
67,12,Acrocephalus palustris,27
67,12,Lagopus muta,25
67,12,Saxicola maurus,24
67,12,Corvus corone,24
67,12,Phoenicurus ochruros,23
67,12,Turdus viscivorus,22
67,12,Polysticta stelleri,22
67,12,Emberiza citrinella,21
67,12,Egretta garzetta,20
67,12,Xema sabini,19
67,12,Uria lomvia,19
67,12,Tarsiger cyanurus,19
67,12,Lanius minor,19
67,12,Anser indicus,19
67,12,Ardea alba,19
67,12,Podiceps grisegena,18
67,12,Acrocephalus scirpaceus,18
67,12,Jynx torquilla,18
67,12,Calidris fuscicollis,17
67,12,Tringa flavipes,16
67,12,Asio otus,15
67,12,Aythya ferina,15
67,12,Calidris falcinellus,15
67,12,Lanius excubitor,15
67,12,Rallus aquaticus,14
67,12,Anas carolinensis,14
67,12,Mergellus albellus,14
67,12,Oceanodroma leucorhoa,13
67,12,Icterus galbula,13
67,12,Oriolus oriolus,13
67,12,Motacilla tschutschensis,13
67,12,Mareca americana,13
67,12,Anser caerulescens,13
67,12,Gallinula chloropus,13
67,12,Lyrurus tetrix,12
67,12,Limnodromus scolopaceus,12
67,12,Motacilla cinerea,12
67,12,Emberiza hortulana,12
67,12,Pinicola enucleator,12
67,12,Zoothera aurea,12
67,12,Circus aeruginosus,11
67,12,Rhodostethia rosea,11
67,12,Charadrius morinellus,10
67,12,Saxicola rubicola,10
67,12,Pandion haliaetus,9
67,12,Bartramia longicauda,9
67,12,Spatula querquedula,9
67,12,Phylloscopus nitidus,9
67,12,Charadrius asiaticus,8
67,12,Tringa ochropus,8
67,12,Emberiza rustica,8
67,12,Lanius cristatus,8
67,12,Hippolais icterina,8
67,12,Milvus migrans,8
67,12,Curruca iberiae,7
67,12,Merops apiaster,7
67,12,Gelochelidon nilotica,7
67,12,Poecile montanus,7
67,12,Carduelis carduelis,7
67,12,Glaucidium passerinum,7
67,12,Linaria cannabina,7
67,12,Curruca cantillans,7
67,12,Circus cyaneus,6
67,12,Falco subbuteo,6
67,12,Thalasseus sandvicensis,6
67,12,Calidris bairdii,6
67,12,Phylloscopus fuscatus,6
67,12,Oenanthe pleschanka,6
67,12,Geokichla sibirica,6
67,12,Ichthyaetus melanocephalus,6
67,12,Circus macrourus,5
67,12,Buteo buteo,5
67,12,Bubulcus ibis,5
67,12,Chlidonias leucopterus,5
67,12,Columba oenas,5
67,12,Cygnus columbianus,5
67,12,Phylloscopus orientalis,5
67,12,Oenanthe isabellina,5
67,12,Branta canadensis,5
67,12,Branta hutchinsii,5
67,12,Aegolius funereus,5
67,12,Iduna caligata,5
67,12,Chroicocephalus philadelphia,5
67,12,Emberiza calandra,5
67,12,Eremophila alpestris,5
67,14,Larus canus,4519
67,14,Anas platyrhynchos,4024
67,14,Haematopus ostralegus,3929
67,14,Larus argentatus,3735
67,14,Corvus cornix,3363
67,14,Mergus serrator,3163
67,14,Parus major,3092
67,14,Ardea cinerea,2697
67,14,Larus marinus,2680
67,14,Haliaeetus albicilla,2678
67,14,Turdus pilaris,2658
67,14,Numenius arquata,2464
67,14,Tringa totanus,2460
67,14,Pica pica,2449
67,14,Somateria mollissima,2401
67,14,Anas crecca,2366
67,14,Cyanistes caeruleus,2210
67,14,Chloris chloris,2206
67,14,Mareca penelope,2169
67,14,Podiceps auritus,2088
67,14,Chroicocephalus ridibundus,2006
67,14,Bucephala clangula,1987
67,14,Cygnus cygnus,1948
67,14,Motacilla alba,1882
67,14,Charadrius hiaticula,1843
67,14,Turdus iliacus,1715
67,14,Fringilla coelebs,1664
67,14,Phylloscopus collybita,1647
67,14,Pyrrhula pyrrhula,1599
67,14,Sturnus vulgaris,1597
67,14,Aythya fuligula,1578
67,14,Turdus merula,1556
67,14,Tadorna tadorna,1542
67,14,Poecile montanus,1522
67,14,Clangula hyemalis,1513
67,14,Vanellus vanellus,1509
67,14,Passer domesticus,1505
67,14,Phalacrocorax carbo,1489
67,14,Corvus corax,1460
67,14,Gavia stellata,1441
67,14,Tringa nebularia,1432
67,14,Anthus pratensis,1393
67,14,Hirundo rustica,1387
67,14,Anser anser,1378
67,14,Fringilla montifringilla,1352
67,14,Melanitta nigra,1343
67,14,Acanthis flammea,1321
67,14,Cepphus grylle,1305
67,14,Emberiza schoeniclus,1276
67,14,Melanitta fusca,1269
67,14,Actitis hypoleucos,1193
67,14,Pluvialis apricaria,1187
67,14,Emberiza citrinella,1182
67,14,Gallinago gallinago,1180
67,14,Dendrocopos major,1164
67,14,Columba palumbus,1138
67,14,Phylloscopus trochilus,1124
67,14,Spinus spinus,1091
67,14,Gavia arctica,1063
67,14,Grus grus,885
67,14,Erithacus rubecula,873
67,14,Mergus merganser,871
67,14,Calidris alpina,870
67,14,Bombycilla garrulus,841
67,14,Periparus ater,810
67,14,Accipiter nisus,765
67,14,Ficedula hypoleuca,728
67,14,Sterna paradisaea,704
67,14,Garrulus glandarius,689
67,14,Calidris maritima,688
67,14,Calidris pugnax,667
67,14,Larus fuscus,654
67,14,Numenius phaeopus,646
67,14,Branta canadensis,636
67,14,Turdus philomelos,627
67,14,Cinclus cinclus,624
67,14,Lyrurus tetrix,612
67,14,Prunella modularis,604
67,14,Riparia riparia,583
67,14,Delichon urbicum,562
67,14,Plectrophenax nivalis,555
67,14,Scolopax rusticola,537
67,14,Columba livia,516
67,14,Streptopelia decaocto,506
67,14,Saxicola rubetra,504
67,14,Motacilla flava,502
67,14,Passer montanus,473
67,14,Cuculus canorus,465
67,14,Troglodytes troglodytes,462
67,14,Acrocephalus schoenobaenus,454
67,14,Oenanthe oenanthe,454
67,14,Regulus regulus,443
67,14,Buteo lagopus,434
67,14,Somateria spectabilis,430
67,14,Aegolius funereus,427
67,14,Aythya marila,424
67,14,Anas acuta,420
67,14,Dryobates minor,410
67,14,Sterna hirundo,410
67,14,Sylvia atricapilla,407
67,14,Limosa lapponica,401
67,14,Linaria flavirostris,399
67,14,Falco columbarius,397
67,14,Apus apus,393
67,14,Calidris temminckii,392
67,14,Tringa glareola,384
67,14,Anthus petrosus,376
67,14,Gavia adamsii,370
67,14,Stercorarius parasiticus,365
67,14,Anser brachyrhynchus,353
67,14,Certhia familiaris,347
67,14,Turdus torquatus,341
67,14,Podiceps grisegena,338
67,14,Falco tinnunculus,337
67,14,Muscicapa striata,331
67,14,Phoenicurus phoenicurus,331
67,14,Rissa tridactyla,316
67,14,Anthus trivialis,306
67,14,Glaucidium passerinum,301
67,14,Lagopus lagopus,299
67,14,Linaria cannabina,297
67,14,Surnia ulula,296
67,14,Phalacrocorax aristotelis,291
67,14,Sylvia borin,260
67,14,Aegithalos caudatus,250
67,14,Gavia immer,248
67,14,Luscinia svecica,242
67,14,Alca torda,228
67,14,Tringa ochropus,226
67,14,Tringa erythropus,218
67,14,Asio flammeus,198
67,14,Picoides tridactylus,194
67,14,Accipiter gentilis,190
67,14,Alle alle,180
67,14,Phalaropus lobatus,180
67,14,Picus canus,176
67,14,Calidris minuta,173
67,14,Loxia curvirostra,173
67,14,Alauda arvensis,167
67,14,Coccothraustes coccothraustes,162
67,14,Aquila chrysaetos,157
67,14,Spatula clypeata,155
67,14,Fratercula arctica,149
67,14,Limosa limosa,143
67,14,Mareca strepera,142
67,14,Calidris canutus,134
67,14,Hippolais icterina,130
67,14,Loxia leucoptera,130
67,14,Calidris ferruginea,121
67,14,Anser albifrons,120
67,14,Spatula querquedula,120
67,14,Sylvia communis,119
67,14,Larus glaucoides,110
67,14,Loxia pytyopsittacus,101
67,14,Asio otus,101
67,14,Arenaria interpres,99
67,14,Fulica atra,90
67,14,Lagopus muta,90
67,14,Falco peregrinus,89
67,14,Stercorarius longicaudus,89
67,14,Melanitta stejnegeri,88
67,14,Pinicola enucleator,85
67,14,Tetrao urogallus,83
67,14,Larus hyperboreus,80
67,14,Uria aalge,78
67,14,Branta leucopsis,77
67,14,Acanthis hornemanni,74
67,14,Tachybaptus ruficollis,72
67,14,Aix galericulata,70
67,14,Calcarius lapponicus,62
67,14,Podiceps cristatus,59
67,14,Mergellus albellus,58
67,14,Anser serrirostris,51
67,14,Charadrius morinellus,50
67,14,Melanitta perspicillata,50
67,14,Lymnocryptes minimus,47
67,14,Nucifraga caryocatactes,46
67,14,Calidris falcinellus,44
67,14,Turdus viscivorus,42
67,14,Phylloscopus sibillatrix,42
67,14,Phylloscopus inornatus,41
67,14,Calidris alba,38
67,14,Ardea alba,36
67,14,Sylvia curruca,35
67,14,Anser indicus,35
67,14,Coloeus monedula,35
67,14,Crex crex,34
67,14,Pluvialis squatarola,33
67,14,Upupa epops,33
67,14,Lanius excubitor,33
67,14,Corvus frugilegus,32
67,14,Aythya ferina,32
67,14,Motacilla cinerea,30
67,14,Falco rusticolus,27
67,14,Hydrocoloeus minutus,26
67,14,Glareola nordmanni,25
67,14,Anser fabalis,24
67,14,Branta bernicla,24
67,14,Jynx torquilla,24
67,14,Carduelis carduelis,23
67,14,Polysticta stelleri,23
67,14,Plegadis falcinellus,22
67,14,Sitta europaea,22
67,14,Bubulcus ibis,20
67,14,Calidris melanotos,20
67,14,Mareca americana,19
67,14,Podilymbus podiceps,17
67,14,Anser erythropus,17
67,14,Porzana porzana,14
67,14,Anas carolinensis,13
67,14,Recurvirostra avosetta,12
67,14,Locustella naevia,12
67,14,Cygnus olor,12
67,14,Phylloscopus borealis,11
67,14,Gallinula chloropus,11
67,14,Circus aeruginosus,10
67,14,Pandion haliaetus,9
67,14,Gallinago media,9
67,14,Streptopelia turtur,9
67,14,Buteo buteo,8
67,14,Morus bassanus,8
67,14,Serinus serinus,8
67,14,Aythya collaris,8
67,14,Phalaropus fulicarius,8
67,14,Picus viridis,7
67,14,Fulmarus glacialis,7
67,14,Actitis macularius,7
67,14,Circus cyaneus,6
67,14,Corvus corone,6
67,14,Dryocopus martius,5
67,14,Stercorarius pomarinus,5
67,14,Emberiza pusilla,5
67,14,Acrocephalus dumetorum,5
67,14,Carpodacus erythrinus,5
67,14,Columba oenas,5
67,14,Anser caerulescens,5
67,14,Oxyura jamaicensis,5
67,16,Oenanthe oenanthe,25
67,16,Anthus pratensis,22
67,16,Buteo lagopus,20
67,16,Turdus pilaris,20
67,16,Plectrophenax nivalis,19
67,16,Larus canus,19
67,16,Charadrius hiaticula,18
67,16,Luscinia svecica,17
67,16,Corvus corax,16
67,16,Clangula hyemalis,15
67,16,Actitis hypoleucos,14
67,16,Phylloscopus trochilus,13
67,16,Acanthis flammea,13
67,16,Lagopus lagopus,12
67,16,Pluvialis apricaria,12
67,16,Mergus merganser,12
67,16,Turdus iliacus,11
67,16,Fringilla montifringilla,11
67,16,Lagopus muta,11
67,16,Stercorarius longicaudus,10
67,16,Tringa totanus,10
67,16,Tringa nebularia,10
67,16,Melanitta nigra,10
67,16,Phoenicurus phoenicurus,10
67,16,Parus major,10
67,16,Charadrius morinellus,9
67,16,Gavia stellata,9
67,16,Bucephala clangula,9
67,16,Mergus serrator,9
67,16,Cygnus cygnus,8
67,16,Turdus torquatus,8
67,16,Anas crecca,8
67,16,Haliaeetus albicilla,7
67,16,Poecile montanus,7
67,16,Surnia ulula,7
67,16,Aythya fuligula,7
67,16,Troglodytes troglodytes,7
67,16,Motacilla flava,7
67,16,Anas platyrhynchos,7
67,16,Falco columbarius,7
67,16,Cinclus cinclus,6
67,16,Cuculus canorus,6
67,16,Mareca penelope,6
67,16,Motacilla alba,6
67,16,Podiceps auritus,5
67,16,Corvus cornix,5
67,16,Erithacus rubecula,5
68,12,Haematopus ostralegus,4747
68,12,Numenius arquata,3734
68,12,Larus canus,3654
68,12,Anas platyrhynchos,3613
68,12,Cygnus cygnus,3264
68,12,Mergus serrator,2736
68,12,Anser anser,2656
68,12,Chroicocephalus ridibundus,2461
68,12,Haliaeetus albicilla,2410
68,12,Parus major,2294
68,12,Tringa totanus,2263
68,12,Anas crecca,2068
68,12,Corvus cornix,2050
68,12,Larus argentatus,2027
68,12,Chloris chloris,2023
68,12,Charadrius hiaticula,1996
68,12,Turdus iliacus,1970
68,12,Tadorna tadorna,1906
68,12,Mareca penelope,1899
68,12,Somateria mollissima,1835
68,12,Ardea cinerea,1803
68,12,Podiceps auritus,1720
68,12,Aythya fuligula,1627
68,12,Turdus pilaris,1597
68,12,Anthus pratensis,1589
68,12,Sturnus vulgaris,1583
68,12,Larus marinus,1504
68,12,Cepphus grylle,1490
68,12,Vanellus vanellus,1488
68,12,Turdus merula,1477
68,12,Pica pica,1452
68,12,Lagopus lagopus,1403
68,12,Larus fuscus,1321
68,12,Motacilla alba,1286
68,12,Phylloscopus collybita,1244
68,12,Pyrrhula pyrrhula,1221
68,12,Gallinago gallinago,1164
68,12,Gavia stellata,1163
68,12,Calidris alpina,1113
68,12,Corvus corax,1099
68,12,Linaria flavirostris,1084
68,12,Emberiza schoeniclus,1071
68,12,Poecile montanus,1062
68,12,Phalacrocorax carbo,1048
68,12,Passer domesticus,1048
68,12,Acanthis flammea,1045
68,12,Anthus petrosus,998
68,12,Phylloscopus trochilus,975
68,12,Oenanthe oenanthe,942
68,12,Clangula hyemalis,920
68,12,Hirundo rustica,920
68,12,Calidris maritima,908
68,12,Fringilla coelebs,900
68,12,Bucephala clangula,864
68,12,Rissa tridactyla,861
68,12,Fringilla montifringilla,852
68,12,Pluvialis apricaria,834
68,12,Calidris pugnax,808
68,12,Gavia arctica,798
68,12,Gavia adamsii,778
68,12,Anser brachyrhynchus,768
68,12,Sterna hirundo,740
68,12,Turdus torquatus,736
68,12,Numenius phaeopus,735
68,12,Stercorarius parasiticus,706
68,12,Alca torda,698
68,12,Cyanistes caeruleus,691
68,12,Limosa limosa,682
68,12,Phalacrocorax aristotelis,682
68,12,Mergus merganser,602
68,12,Tringa erythropus,595
68,12,Gavia immer,595
68,12,Calidris minuta,582
68,12,Troglodytes troglodytes,554
68,12,Melanitta nigra,544
68,12,Riparia riparia,517
68,12,Spatula clypeata,513
68,12,Morus bassanus,508
68,12,Anas acuta,489
68,12,Ficedula hypoleuca,484
68,12,Luscinia svecica,464
68,12,Columba palumbus,446
68,12,Calidris canutus,441
68,12,Larus hyperboreus,432
68,12,Plectrophenax nivalis,432
68,12,Aythya marila,424
68,12,Falco tinnunculus,420
68,12,Falco columbarius,404
68,12,Sterna paradisaea,403
68,12,Somateria spectabilis,400
68,12,Prunella modularis,371
68,12,Melanitta fusca,369
68,12,Turdus philomelos,368
68,12,Bombycilla garrulus,367
68,12,Cinclus cinclus,367
68,12,Aquila chrysaetos,362
68,12,Actitis hypoleucos,357
68,12,Acrocephalus schoenobaenus,330
68,12,Cuculus canorus,328
68,12,Regulus regulus,323
68,12,Lyrurus tetrix,313
68,12,Limosa lapponica,312
68,12,Accipiter nisus,298
68,12,Streptopelia decaocto,294
68,12,Larus glaucoides,292
68,12,Dendrocopos major,282
68,12,Branta leucopsis,278
68,12,Calidris ferruginea,277
68,12,Calidris alba,269
68,12,Fratercula arctica,259
68,12,Loxia curvirostra,259
68,12,Erithacus rubecula,257
68,12,Asio flammeus,245
68,12,Sylvia atricapilla,243
68,12,Scolopax rusticola,241
68,12,Spinus spinus,231
68,12,Tringa nebularia,219
68,12,Buteo lagopus,213
68,12,Mareca strepera,202
68,12,Uria aalge,200
68,12,Fulmarus glacialis,193
68,12,Muscicapa striata,186
68,12,Picus canus,182
68,12,Phylloscopus inornatus,171
68,12,Anser albifrons,169
68,12,Lagopus muta,150
68,12,Garrulus glandarius,142
68,12,Loxia leucoptera,141
68,12,Acanthis hornemanni,137
68,12,Accipiter gentilis,126
68,12,Periparus ater,126
68,12,Calidris temminckii,115
68,12,Phoenicurus phoenicurus,109
68,12,Alle alle,105
68,12,Surnia ulula,104
68,12,Alauda arvensis,101
68,12,Asio otus,100
68,12,Fulica atra,95
68,12,Arenaria interpres,92
68,12,Falco peregrinus,91
68,12,Sylvia borin,89
68,12,Emberiza citrinella,87
68,12,Stercorarius skua,75
68,12,Aythya ferina,74
68,12,Stercorarius longicaudus,63
68,12,Branta bernicla,63
68,12,Pluvialis squatarola,58
68,12,Grus grus,57
68,12,Chroicocephalus philadelphia,55
68,12,Tachybaptus ruficollis,53
68,12,Aegithalos caudatus,52
68,12,Hydrobates pelagicus,52
68,12,Columba livia,50
68,12,Anser fabalis,49
68,12,Delichon urbicum,47
68,12,Spatula querquedula,42
68,12,Podilymbus podiceps,41
68,12,Saxicola rubetra,40
68,12,Aix galericulata,40
68,12,Porzana porzana,38
68,12,Certhia familiaris,37
68,12,Lymnocryptes minimus,36
68,12,Branta canadensis,36
68,12,Puffinus griseus,36
68,12,Sylvia curruca,35
68,12,Cygnus olor,34
68,12,Tringa glareola,32
68,12,Calcarius lapponicus,32
68,12,Loxia pytyopsittacus,32
68,12,Puffinus puffinus,32
68,12,Passer montanus,32
68,12,Stercorarius pomarinus,31
68,12,Anser serrirostris,31
68,12,Mareca americana,29
68,12,Charadrius morinellus,27
68,12,Calidris melanotos,26
68,12,Pinicola enucleator,26
68,12,Streptopelia turtur,26
68,12,Branta ruficollis,26
68,12,Ardea alba,26
68,12,Anas carolinensis,25
68,12,Calidris falcinellus,25
68,12,Anthus trivialis,24
68,12,Coccothraustes coccothraustes,24
68,12,Mergellus albellus,24
68,12,Sylvia nisoria,23
68,12,Falco rusticolus,23
68,12,Phalaropus lobatus,22
68,12,Crex crex,21
68,12,Upupa epops,19
68,12,Apus apus,19
68,12,Tringa ochropus,17
68,12,Podiceps grisegena,17
68,12,Turdus eunomus,17
68,12,Egretta garzetta,16
68,12,Gallinula chloropus,16
68,12,Circus aeruginosus,15
68,12,Chlidonias leucopterus,14
68,12,Anser indicus,14
68,12,Milvus migrans,14
68,12,Emberiza elegans,13
68,12,Sylvia communis,13
68,12,Lanius collurio,13
68,12,Motacilla flava,13
68,12,Bubulcus ibis,12
68,12,Corvus frugilegus,12
68,12,Acrocephalus dumetorum,12
68,12,Phalaropus tricolor,12
68,12,Turdus viscivorus,11
68,12,Coturnix coturnix,10
68,12,Netta rufina,10
68,12,Pastor roseus,10
68,12,Hydrocoloeus minutus,10
68,12,Circus macrourus,9
68,12,Anthus hodgsoni,9
68,12,Lanius excubitor,9
68,12,Carpodacus erythrinus,8
68,12,Streptopelia orientalis,8
68,12,Anser erythropus,8
68,12,Phoenicurus ochruros,8
68,12,Motacilla citreola,7
68,12,Phylloscopus bonelli,7
68,12,Carduelis carduelis,7
68,12,Aegolius funereus,7
68,12,Coloeus monedula,7
68,12,Oxyura jamaicensis,6
68,12,Pandion haliaetus,5
68,12,Emberiza pusilla,5
68,12,Acrocephalus palustris,5
68,12,Histrionicus histrionicus,5
68,12,Jynx torquilla,5
68,12,Phylloscopus sibillatrix,5
68,12,Cecropis daurica,5
68,12,Ficedula albicollis,5
68,14,Larus canus,4614
68,14,Corvus cornix,3830
68,14,Haematopus ostralegus,3807
68,14,Haliaeetus albicilla,3802
68,14,Mergus serrator,3606
68,14,Larus argentatus,3430
68,14,Anas platyrhynchos,3361
68,14,Parus major,3159
68,14,Cygnus cygnus,3093
68,14,Larus marinus,3045
68,14,Numenius arquata,2693
68,14,Chloris chloris,2681
68,14,Anser anser,2645
68,14,Ardea cinerea,2607
68,14,Turdus iliacus,2523
68,14,Somateria mollissima,2514
68,14,Turdus pilaris,2483
68,14,Tringa totanus,2381
68,14,Turdus merula,2170
68,14,Pyrrhula pyrrhula,2067
68,14,Poecile montanus,2061
68,14,Pica pica,1980
68,14,Anthus pratensis,1948
68,14,Phalacrocorax carbo,1801
68,14,Acanthis flammea,1738
68,14,Anas crecca,1696
68,14,Corvus corax,1644
68,14,Cepphus grylle,1625
68,14,Fringilla coelebs,1619
68,14,Motacilla alba,1619
68,14,Emberiza schoeniclus,1612
68,14,Lagopus lagopus,1586
68,14,Phylloscopus collybita,1585
68,14,Phylloscopus trochilus,1532
68,14,Chroicocephalus ridibundus,1519
68,14,Fringilla montifringilla,1483
68,14,Lyrurus tetrix,1472
68,14,Passer domesticus,1459
68,14,Cyanistes caeruleus,1410
68,14,Sturnus vulgaris,1263
68,14,Gallinago gallinago,1262
68,14,Tadorna tadorna,1155
68,14,Gavia arctica,1074
68,14,Ficedula hypoleuca,1066
68,14,Vanellus vanellus,1036
68,14,Charadrius hiaticula,981
68,14,Podiceps auritus,972
68,14,Gavia stellata,962
68,14,Mareca penelope,949
68,14,Pluvialis apricaria,942
68,14,Bombycilla garrulus,937
68,14,Anser brachyrhynchus,933
68,14,Branta leucopsis,930
68,14,Linaria flavirostris,930
68,14,Picus canus,911
68,14,Aythya fuligula,897
68,14,Mergus merganser,864
68,14,Prunella modularis,863
68,14,Turdus philomelos,835
68,14,Sterna paradisaea,815
68,14,Turdus torquatus,808
68,14,Spinus spinus,787
68,14,Stercorarius parasiticus,764
68,14,Actitis hypoleucos,747
68,14,Numenius phaeopus,733
68,14,Gavia adamsii,705
68,14,Rissa tridactyla,701
68,14,Dendrocopos major,692
68,14,Larus fuscus,687
68,14,Anthus petrosus,686
68,14,Oenanthe oenanthe,681
68,14,Clangula hyemalis,661
68,14,Melanitta fusca,632
68,14,Calidris alpina,629
68,14,Phalacrocorax aristotelis,624
68,14,Hirundo rustica,597
68,14,Cuculus canorus,589
68,14,Accipiter nisus,555
68,14,Gavia immer,555
68,14,Sterna hirundo,555
68,14,Calidris maritima,552
68,14,Columba palumbus,530
68,14,Somateria spectabilis,516
68,14,Buteo lagopus,504
68,14,Erithacus rubecula,494
68,14,Falco tinnunculus,490
68,14,Scolopax rusticola,480
68,14,Troglodytes troglodytes,474
68,14,Columba livia,469
68,14,Alca torda,468
68,14,Periparus ater,452
68,14,Surnia ulula,431
68,14,Regulus regulus,429
68,14,Garrulus glandarius,419
68,14,Calidris pugnax,411
68,14,Loxia curvirostra,387
68,14,Plectrophenax nivalis,377
68,14,Bucephala clangula,353
68,14,Sylvia atricapilla,351
68,14,Cinclus cinclus,347
68,14,Falco columbarius,347
68,14,Mareca strepera,345
68,14,Melanitta nigra,326
68,14,Luscinia svecica,321
68,14,Muscicapa striata,310
68,14,Fratercula arctica,297
68,14,Aquila chrysaetos,296
68,14,Passer montanus,296
68,14,Phoenicurus phoenicurus,295
68,14,Riparia riparia,294
68,14,Loxia leucoptera,294
68,14,Limosa lapponica,292
68,14,Podiceps grisegena,291
68,14,Grus grus,286
68,14,Asio flammeus,259
68,14,Anas acuta,257
68,14,Arenaria interpres,246
68,14,Acrocephalus schoenobaenus,242
68,14,Larus glaucoides,239
68,14,Tringa erythropus,211
68,14,Limosa limosa,209
68,14,Morus bassanus,207
68,14,Tringa nebularia,188
68,14,Accipiter gentilis,187
68,14,Lagopus muta,180
68,14,Larus hyperboreus,154
68,14,Calidris canutus,149
68,14,Calidris minuta,147
68,14,Acanthis hornemanni,141
68,14,Saxicola rubetra,137
68,14,Asio otus,137
68,14,Certhia familiaris,127
68,14,Uria aalge,125
68,14,Falco peregrinus,124
68,14,Emberiza citrinella,122
68,14,Spatula clypeata,122
68,14,Phylloscopus inornatus,114
68,14,Calidris alba,113
68,14,Aegithalos caudatus,111
68,14,Picoides tridactylus,105
68,14,Loxia pytyopsittacus,103
68,14,Streptopelia decaocto,102
68,14,Alle alle,100
68,14,Anthus trivialis,100
68,14,Sylvia borin,96
68,14,Calidris ferruginea,94
68,14,Pinicola enucleator,90
68,14,Delichon urbicum,89
68,14,Phalaropus lobatus,83
68,14,Nucifraga caryocatactes,82
68,14,Aegolius funereus,77
68,14,Pluvialis squatarola,69
68,14,Coccothraustes coccothraustes,68
68,14,Glaucidium passerinum,68
68,14,Aythya marila,63
68,14,Fulica atra,55
68,14,Calidris temminckii,53
68,14,Cygnus olor,53
68,14,Calcarius lapponicus,51
68,14,Anser albifrons,50
68,14,Stercorarius longicaudus,49
68,14,Tringa glareola,49
68,14,Dryobates minor,47
68,14,Tetrao urogallus,41
68,14,Fulmarus glacialis,39
68,14,Branta bernicla,39
68,14,Sylvia curruca,38
68,14,Buteo rufinus,37
68,14,Anser fabalis,37
68,14,Lymnocryptes minimus,33
68,14,Corvus frugilegus,33
68,14,Falco rusticolus,33
68,14,Motacilla flava,33
68,14,Mergellus albellus,32
68,14,Alauda arvensis,31
68,14,Tachybaptus ruficollis,30
68,14,Sylvia communis,30
68,14,Hydrocoloeus minutus,30
68,14,Ardea alba,28
68,14,Apus apus,27
68,14,Streptopelia turtur,26
68,14,Pandion haliaetus,25
68,14,Spatula querquedula,25
68,14,Botaurus stellaris,23
68,14,Egretta garzetta,21
68,14,Stercorarius pomarinus,21
68,14,Upupa epops,21
68,14,Stercorarius skua,20
68,14,Charadrius morinellus,19
68,14,Tringa ochropus,18
68,14,Lanius collurio,18
68,14,Anser indicus,17
68,14,Branta canadensis,17
68,14,Jynx torquilla,17
68,14,Linaria cannabina,17
68,14,Turdus viscivorus,16
68,14,Dendrocopos leucotos,15
68,14,Phylloscopus sibillatrix,15
68,14,Branta ruficollis,14
68,14,Corvus corone,14
68,14,Coturnix coturnix,13
68,14,Rallus aquaticus,13
68,14,Uria lomvia,13
68,14,Lanius excubitor,13
68,14,Anser caerulescens,12
68,14,Pastor roseus,12
68,14,Circus cyaneus,11
68,14,Anas rubripes,11
68,14,Alcedo atthis,10
68,14,Hippolais icterina,10
68,14,Coloeus monedula,10
68,14,Aix galericulata,9
68,14,Anser serrirostris,9
68,14,Poecile palustris,8
68,14,Anthus cervinus,8
68,14,Sylvia nisoria,8
68,14,Saxicola rubicola,8
68,14,Milvus migrans,8
68,14,Porzana porzana,7
68,14,Circus aeruginosus,7
68,14,Columba oenas,7
68,14,Plegadis falcinellus,6
68,14,Carduelis carduelis,6
68,14,Anas carolinensis,6
68,14,Aythya ferina,6
68,14,Hydrobates pelagicus,6
68,14,Buteo buteo,5
68,14,Podiceps cristatus,5
68,14,Anthus hodgsoni,5
68,16,Larus canus,2816
68,16,Haematopus ostralegus,2603
68,16,Mergus serrator,2461
68,16,Anas platyrhynchos,2321
68,16,Larus argentatus,2316
68,16,Parus major,2302
68,16,Turdus pilaris,2169
68,16,Ardea cinerea,2081
68,16,Corvus cornix,1978
68,16,Somateria mollissima,1816
68,16,Chloris chloris,1788
68,16,Tringa totanus,1745
68,16,Numenius arquata,1714
68,16,Haliaeetus albicilla,1680
68,16,Larus marinus,1670
68,16,Fringilla montifringilla,1634
68,16,Phylloscopus trochilus,1591
68,16,Cygnus cygnus,1543
68,16,Turdus iliacus,1542
68,16,Anser anser,1520
68,16,Pica pica,1478
68,16,Phylloscopus collybita,1429
68,16,Fringilla coelebs,1402
68,16,Pyrrhula pyrrhula,1369
68,16,Podiceps auritus,1351
68,16,Poecile montanus,1298
68,16,Motacilla alba,1260
68,16,Cyanistes caeruleus,1253
68,16,Mareca penelope,1236
68,16,Phalacrocorax carbo,1234
68,16,Aythya fuligula,1136
68,16,Acanthis flammea,1134
68,16,Emberiza schoeniclus,1087
68,16,Anas crecca,1082
68,16,Cepphus grylle,996
68,16,Spinus spinus,955
68,16,Gallinago gallinago,927
68,16,Anthus pratensis,917
68,16,Vanellus vanellus,908
68,16,Corvus corax,873
68,16,Actitis hypoleucos,862
68,16,Sturnus vulgaris,842
68,16,Passer domesticus,835
68,16,Turdus merula,830
68,16,Emberiza citrinella,818
68,16,Gavia arctica,815
68,16,Chroicocephalus ridibundus,803
68,16,Ficedula hypoleuca,745
68,16,Columba palumbus,698
68,16,Sterna paradisaea,689
68,16,Pluvialis apricaria,667
68,16,Hirundo rustica,640
68,16,Charadrius hiaticula,640
68,16,Tringa nebularia,638
68,16,Turdus philomelos,607
68,16,Lyrurus tetrix,592
68,16,Tadorna tadorna,581
68,16,Prunella modularis,562
68,16,Clangula hyemalis,547
68,16,Mergus merganser,492
68,16,Melanitta fusca,489
68,16,Plectrophenax nivalis,448
68,16,Scolopax rusticola,434
68,16,Accipiter nisus,433
68,16,Gavia stellata,429
68,16,Bombycilla garrulus,428
68,16,Numenius phaeopus,409
68,16,Erithacus rubecula,408
68,16,Garrulus glandarius,393
68,16,Melanitta nigra,392
68,16,Cuculus canorus,379
68,16,Passer montanus,367
68,16,Acrocephalus schoenobaenus,354
68,16,Rissa tridactyla,340
68,16,Sterna hirundo,329
68,16,Anthus trivialis,311
68,16,Delichon urbicum,290
68,16,Muscicapa striata,290
68,16,Riparia riparia,277
68,16,Calidris maritima,273
68,16,Dendrocopos major,267
68,16,Linaria flavirostris,267
68,16,Limosa lapponica,265
68,16,Bucephala clangula,264
68,16,Lagopus lagopus,261
68,16,Phoenicurus phoenicurus,258
68,16,Stercorarius parasiticus,255
68,16,Buteo lagopus,249
68,16,Turdus torquatus,239
68,16,Calidris alpina,229
68,16,Cinclus cinclus,227
68,16,Regulus regulus,225
68,16,Grus grus,218
68,16,Saxicola rubetra,215
68,16,Larus fuscus,211
68,16,Gavia adamsii,208
68,16,Columba livia,201
68,16,Tringa glareola,196
68,16,Calidris pugnax,192
68,16,Falco tinnunculus,191
68,16,Oenanthe oenanthe,188
68,16,Phalacrocorax aristotelis,186
68,16,Falco columbarius,181
68,16,Loxia curvirostra,180
68,16,Anser brachyrhynchus,178
68,16,Periparus ater,159
68,16,Picus canus,149
68,16,Fratercula arctica,147
68,16,Surnia ulula,133
68,16,Sylvia atricapilla,129
68,16,Accipiter gentilis,128
68,16,Hydrocoloeus minutus,126
68,16,Anas acuta,122
68,16,Troglodytes troglodytes,122
68,16,Anthus petrosus,116
68,16,Alca torda,114
68,16,Luscinia svecica,105
68,16,Asio flammeus,104
68,16,Certhia familiaris,102
68,16,Sylvia borin,100
68,16,Calidris canutus,99
68,16,Aquila chrysaetos,95
68,16,Spatula clypeata,88
68,16,Dryobates minor,88
68,16,Picoides tridactylus,87
68,16,Tringa erythropus,87
68,16,Motacilla flava,86
68,16,Lagopus muta,85
68,16,Asio otus,81
68,16,Acanthis hornemanni,70
68,16,Arenaria interpres,64
68,16,Phalaropus lobatus,62
68,16,Mareca strepera,58
68,16,Anser albifrons,56
68,16,Aegolius funereus,56
68,16,Calidris temminckii,55
68,16,Somateria spectabilis,55
68,16,Loxia leucoptera,52
68,16,Uria aalge,49
68,16,Gavia immer,48
68,16,Stercorarius longicaudus,47
68,16,Spatula querquedula,45
68,16,Branta canadensis,44
68,16,Branta leucopsis,41
68,16,Fulica atra,40
68,16,Falco peregrinus,39
68,16,Coccothraustes coccothraustes,38
68,16,Alle alle,33
68,16,Aythya marila,32
68,16,Alauda arvensis,32
68,16,Calidris minuta,29
68,16,Podiceps grisegena,28
68,16,Turdus viscivorus,27
68,16,Tetrao urogallus,25
68,16,Pinicola enucleator,25
68,16,Limosa limosa,24
68,16,Aegithalos caudatus,24
68,16,Mergellus albellus,24
68,16,Tringa ochropus,22
68,16,Sylvia communis,22
68,16,Loxia pytyopsittacus,22
68,16,Glaucidium passerinum,22
68,16,Streptopelia decaocto,20
68,16,Aix galericulata,17
68,16,Carduelis carduelis,16
68,16,Tachybaptus ruficollis,14
68,16,Phylloscopus inornatus,14
68,16,Calcarius lapponicus,13
68,16,Apus apus,12
68,16,Larus glaucoides,11
68,16,Streptopelia orientalis,11
68,16,Mareca americana,11
68,16,Anser serrirostris,11
68,16,Charadrius morinellus,10
68,16,Xenus cinereus,10
68,16,Anser fabalis,10
68,16,Falco rusticolus,10
68,16,Stercorarius pomarinus,9
68,16,Morus bassanus,8
68,16,Larus hyperboreus,8
68,16,Streptopelia turtur,8
68,16,Aythya ferina,8
68,16,Pluvialis squatarola,7
68,16,Calidris ferruginea,7
68,16,Nucifraga caryocatactes,7
68,16,Hippolais icterina,7
68,16,Anser indicus,7
68,16,Stercorarius skua,6
68,16,Melanitta perspicillata,6
68,16,Aythya collaris,6
68,16,Upupa epops,6
68,16,Linaria cannabina,6
68,16,Thalasseus sandvicensis,5
68,16,Calidris alba,5
68,16,Lymnocryptes minimus,5
68,16,Sylvia curruca,5
68,16,Phoenicurus ochruros,5
68,16,Pastor roseus,5
68,16,Lanius excubitor,5
68,18,Cygnus cygnus,360
68,18,Fringilla montifringilla,312
68,18,Acanthis flammea,297
68,18,Parus major,265
68,18,Turdus iliacus,258
68,18,Phylloscopus trochilus,258
68,18,Poecile montanus,256
68,18,Turdus pilaris,244
68,18,Pyrrhula pyrrhula,207
68,18,Bucephala clangula,194
68,18,Actitis hypoleucos,189
68,18,Buteo lagopus,184
68,18,Mergus merganser,179
68,18,Aythya fuligula,175
68,18,Chloris chloris,159
68,18,Corvus cornix,158
68,18,Cinclus cinclus,154
68,18,Fringilla coelebs,152
68,18,Spinus spinus,152
68,18,Ficedula hypoleuca,151
68,18,Phylloscopus collybita,151
68,18,Motacilla flava,150
68,18,Prunella modularis,147
68,18,Emberiza schoeniclus,145
68,18,Turdus philomelos,145
68,18,Phoenicurus phoenicurus,144
68,18,Garrulus glandarius,143
68,18,Motacilla alba,135
68,18,Luscinia svecica,121
68,18,Anthus trivialis,120
68,18,Cyanistes caeruleus,118
68,18,Grus grus,116
68,18,Tringa totanus,111
68,18,Corvus corax,111
68,18,Surnia ulula,111
68,18,Bombycilla garrulus,110
68,18,Erithacus rubecula,110
68,18,Aegolius funereus,108
68,18,Anthus pratensis,106
68,18,Mareca penelope,102
68,18,Loxia pytyopsittacus,101
68,18,Anas crecca,96
68,18,Scolopax rusticola,94
68,18,Apus apus,93
68,18,Sylvia borin,92
68,18,Turdus viscivorus,91
68,18,Anas platyrhynchos,91
68,18,Muscicapa striata,90
68,18,Haliaeetus albicilla,83
68,18,Dryobates minor,80
68,18,Falco tinnunculus,80
68,18,Pica pica,79
68,18,Larus canus,79
68,18,Tringa glareola,78
68,18,Tringa nebularia,77
68,18,Plectrophenax nivalis,77
68,18,Picoides tridactylus,76
68,18,Lagopus lagopus,73
68,18,Clangula hyemalis,72
68,18,Cuculus canorus,71
68,18,Dendrocopos major,68
68,18,Pluvialis apricaria,67
68,18,Gavia arctica,66
68,18,Stercorarius longicaudus,65
68,18,Gavia stellata,65
68,18,Falco columbarius,63
68,18,Numenius phaeopus,60
68,18,Delichon urbicum,60
68,18,Gallinago gallinago,59
68,18,Emberiza citrinella,59
68,18,Turdus merula,58
68,18,Oenanthe oenanthe,58
68,18,Acanthis hornemanni,56
68,18,Tetrao urogallus,55
68,18,Phylloscopus inornatus,55
68,18,Columba palumbus,54
68,18,Melanitta nigra,54
68,18,Troglodytes troglodytes,54
68,18,Accipiter nisus,52
68,18,Lagopus muta,51
68,18,Podiceps auritus,47
68,18,Glaucidium passerinum,47
68,18,Regulus regulus,44
68,18,Charadrius hiaticula,41
68,18,Saxicola rubetra,37
68,18,Turdus torquatus,37
68,18,Poecile cinctus,36
68,18,Aythya marila,33
68,18,Sylvia atricapilla,32
68,18,Acrocephalus schoenobaenus,32
68,18,Melanitta fusca,30
68,18,Phalaropus lobatus,30
68,18,Accipiter gentilis,28
68,18,Tringa ochropus,28
68,18,Calidris pugnax,28
68,18,Ardea cinerea,28
68,18,Lyrurus tetrix,26
68,18,Calcarius lapponicus,26
68,18,Mergus serrator,26
68,18,Jynx torquilla,26
68,18,Emberiza pusilla,24
68,18,Aegithalos caudatus,22
68,18,Sterna paradisaea,21
68,18,Loxia curvirostra,20
68,18,Calidris temminckii,19
68,18,Perisoreus infaustus,19
68,18,Charadrius morinellus,18
68,18,Pinicola enucleator,18
68,18,Aquila chrysaetos,17
68,18,Certhia familiaris,17
68,18,Riparia riparia,17
68,18,Asio flammeus,17
68,18,Periparus ater,16
68,18,Lanius excubitor,16
68,18,Passer domesticus,15
68,18,Anas acuta,14
68,18,Hirundo rustica,13
68,18,Phylloscopus sibillatrix,12
68,18,Picus canus,10
68,18,Calidris alpina,10
68,18,Motacilla cinerea,9
68,18,Anser brachyrhynchus,9
68,18,Calidris maritima,8
68,18,Linaria flavirostris,8
68,18,Loxia leucoptera,8
68,18,Sylvia curruca,7
68,18,Hippolais icterina,7
68,18,Coccothraustes coccothraustes,7
68,18,Anser anser,7
68,18,Columba livia,6
68,18,Pandion haliaetus,5
68,18,Tringa erythropus,5
68,18,Sylvia communis,5
68,18,Sterna hirundo,5
68,20,Pluvialis apricaria,28
68,20,Anthus pratensis,28
68,20,Stercorarius longicaudus,23
68,20,Calidris temminckii,20
68,20,Oenanthe oenanthe,19
68,20,Luscinia svecica,18
68,20,Larus canus,18
68,20,Phalaropus lobatus,14
68,20,Calcarius lapponicus,13
68,20,Tringa totanus,12
68,20,Corvus corax,12
68,20,Turdus pilaris,12
68,20,Plectrophenax nivalis,12
68,20,Acanthis flammea,12
68,20,Actitis hypoleucos,11
68,20,Aythya marila,11
68,20,Lagopus muta,11
68,20,Charadrius hiaticula,11
68,20,Buteo lagopus,10
68,20,Phylloscopus trochilus,10
68,20,Clangula hyemalis,10
68,20,Calidris alpina,9
68,20,Turdus iliacus,8
68,20,Cinclus cinclus,8
68,20,Sterna paradisaea,8
68,20,Tringa glareola,6
68,20,Gavia arctica,6
68,20,Anas crecca,6
68,20,Lagopus lagopus,5
68,20,Gallinago gallinago,5
68,20,Corvus cornix,5
68,20,Emberiza schoeniclus,5
68,20,Fringilla montifringilla,5
68,20,Aythya fuligula,5
68,20,Turdus torquatus,5
68,20,Mergus merganser,5
68,20,Motacilla flava,5
68,22,Phylloscopus trochilus,142
68,22,Tringa glareola,141
68,22,Luscinia svecica,140
68,22,Lagopus lagopus,114
68,22,Motacilla flava,104
68,22,Anthus pratensis,102
68,22,Turdus iliacus,96
68,22,Aythya fuligula,91
68,22,Calcarius lapponicus,82
68,22,Bucephala clangula,81
68,22,Cygnus cygnus,79
68,22,Pluvialis apricaria,78
68,22,Acanthis flammea,78
68,22,Fringilla montifringilla,72
68,22,Gallinago gallinago,60
68,22,Stercorarius longicaudus,59
68,22,Corvus cornix,52
68,22,Emberiza schoeniclus,49
68,22,Phalaropus lobatus,48
68,22,Mareca penelope,46
68,22,Corvus corax,42
68,22,Tringa erythropus,40
68,22,Numenius phaeopus,40
68,22,Turdus pilaris,36
68,22,Cuculus canorus,35
68,22,Anas crecca,34
68,22,Grus grus,30
68,22,Lymnocryptes minimus,28
68,22,Pica pica,27
68,22,Melanitta fusca,26
68,22,Sterna paradisaea,25
68,22,Calidris alpina,24
68,22,Riparia riparia,23
68,22,Melanitta nigra,21
68,22,Falco columbarius,21
68,22,Clangula hyemalis,20
68,22,Oenanthe oenanthe,20
68,22,Charadrius hiaticula,20
68,22,Tringa nebularia,19
68,22,Falco tinnunculus,19
68,22,Anas platyrhynchos,19
68,22,Mergus serrator,18
68,22,Actitis hypoleucos,17
68,22,Gavia arctica,16
68,22,Anas acuta,16
68,22,Calidris pugnax,16
68,22,Phoenicurus phoenicurus,14
68,22,Motacilla alba,14
68,22,Mergellus albellus,13
68,22,Calidris temminckii,11
68,22,Buteo lagopus,10
68,22,Asio flammeus,10
68,22,Calidris falcinellus,10
68,22,Larus canus,10
68,22,Limosa lapponica,9
68,22,Mergus merganser,9
68,22,Poecile cinctus,8
68,22,Poecile montanus,8
68,22,Plectrophenax nivalis,8
68,22,Acrocephalus schoenobaenus,8
68,22,Turdus philomelos,8
68,22,Haliaeetus albicilla,7
68,22,Cinclus cinclus,7
68,22,Passer domesticus,6
68,22,Chloris chloris,6
68,22,Parus major,6
68,22,Aythya marila,5
68,22,Acanthis hornemanni,5
68,24,Cygnus cygnus,57
68,24,Tringa glareola,30
68,24,Aythya fuligula,29
68,24,Mergus merganser,29
68,24,Actitis hypoleucos,26
68,24,Clangula hyemalis,23
68,24,Mergus serrator,23
68,24,Falco tinnunculus,23
68,24,Gavia arctica,21
68,24,Phylloscopus trochilus,21
68,24,Fringilla montifringilla,19
68,24,Lagopus lagopus,18
68,24,Turdus iliacus,18
68,24,Anas crecca,18
68,24,Motacilla flava,17
68,24,Corvus corax,15
68,24,Sterna paradisaea,15
68,24,Acanthis flammea,15
68,24,Phoenicurus phoenicurus,15
68,24,Bombycilla garrulus,14
68,24,Melanitta nigra,14
68,24,Bucephala clangula,14
68,24,Stercorarius longicaudus,13
68,24,Numenius phaeopus,13
68,24,Falco columbarius,13
68,24,Tringa erythropus,11
68,24,Phalaropus lobatus,11
68,24,Buteo lagopus,10
68,24,Calidris temminckii,10
68,24,Melanitta fusca,10
68,24,Charadrius hiaticula,10
68,24,Perisoreus infaustus,9
68,24,Poecile cinctus,9
68,24,Turdus pilaris,9
68,24,Corvus cornix,8
68,24,Anthus pratensis,8
68,24,Turdus viscivorus,8
68,24,Emberiza schoeniclus,8
68,24,Luscinia svecica,8
68,24,Mareca penelope,8
68,24,Calidris alpina,7
68,24,Cuculus canorus,7
68,24,Picoides tridactylus,6
68,24,Pluvialis apricaria,6
68,24,Gallinago gallinago,6
68,24,Oenanthe oenanthe,6
68,24,Tringa nebularia,5
68,24,Spinus spinus,5
68,24,Larus canus,5
68,24,Anas platyrhynchos,5
69,14,Larus canus,496
69,14,Haliaeetus albicilla,466
69,14,Tringa totanus,459
69,14,Larus argentatus,413
69,14,Larus marinus,403
69,14,Haematopus ostralegus,398
69,14,Anser anser,375
69,14,Mergus serrator,361
69,14,Numenius arquata,353
69,14,Rissa tridactyla,344
69,14,Anas crecca,338
69,14,Stercorarius parasiticus,319
69,14,Anas platyrhynchos,296
69,14,Phalacrocorax carbo,289
69,14,Cygnus cygnus,252
69,14,Morus bassanus,241
69,14,Anas acuta,241
69,14,Branta leucopsis,239
69,14,Pluvialis apricaria,229
69,14,Anthus pratensis,226
69,14,Calidris alpina,224
69,14,Charadrius hiaticula,223
69,14,Somateria mollissima,219
69,14,Fratercula arctica,211
69,14,Sterna paradisaea,191
69,14,Phalacrocorax aristotelis,190
69,14,Corvus cornix,185
69,14,Tadorna tadorna,185
69,14,Numenius phaeopus,184
69,14,Cepphus grylle,183
69,14,Anser brachyrhynchus,182
69,14,Ardea cinerea,171
69,14,Vanellus vanellus,156
69,14,Corvus corax,154
69,14,Chroicocephalus ridibundus,152
69,14,Gavia stellata,134
69,14,Phylloscopus trochilus,134
69,14,Motacilla alba,129
69,14,Gavia arctica,128
69,14,Calidris pugnax,127
69,14,Turdus pilaris,121
69,14,Gallinago gallinago,120
69,14,Emberiza schoeniclus,120
69,14,Lagopus lagopus,117
69,14,Turdus iliacus,115
69,14,Alca torda,115
69,14,Tringa erythropus,113
69,14,Fulmarus glacialis,107
69,14,Pica pica,102
69,14,Uria aalge,101
69,14,Mareca penelope,100
69,14,Sturnus vulgaris,99
69,14,Oenanthe oenanthe,98
69,14,Sterna hirundo,93
69,14,Acanthis flammea,91
69,14,Asio flammeus,87
69,14,Linaria flavirostris,79
69,14,Calidris canutus,78
69,14,Grus grus,76
69,14,Luscinia svecica,76
69,14,Limosa lapponica,73
69,14,Arenaria interpres,68
69,14,Riparia riparia,66
69,14,Fringilla montifringilla,64
69,14,Mergus merganser,64
69,14,Chloris chloris,62
69,14,Falco tinnunculus,61
69,14,Parus major,61
69,14,Larus hyperboreus,59
69,14,Larus fuscus,59
69,14,Anthus petrosus,59
69,14,Passer domesticus,59
69,14,Limosa limosa,58
69,14,Melanitta nigra,58
69,14,Calidris maritima,57
69,14,Clangula hyemalis,52
69,14,Turdus torquatus,52
69,14,Actitis hypoleucos,51
69,14,Stercorarius skua,48
69,14,Gavia adamsii,48
69,14,Plectrophenax nivalis,45
69,14,Aythya fuligula,44
69,14,Hirundo rustica,44
69,14,Buteo lagopus,43
69,14,Calidris minuta,41
69,14,Ficedula hypoleuca,41
69,14,Cuculus canorus,40
69,14,Acrocephalus schoenobaenus,38
69,14,Columba palumbus,38
69,14,Somateria spectabilis,37
69,14,Poecile montanus,34
69,14,Falco columbarius,33
69,14,Tringa nebularia,32
69,14,Tringa glareola,31
69,14,Phylloscopus collybita,31
69,14,Puffinus griseus,31
69,14,Stercorarius longicaudus,29
69,14,Cygnus olor,29
69,14,Pyrrhula pyrrhula,27
69,14,Calidris ferruginea,26
69,14,Hydrobates pelagicus,25
69,14,Larus glaucoides,24
69,14,Gavia immer,24
69,14,Turdus philomelos,23
69,14,Fringilla coelebs,22
69,14,Turdus merula,21
69,14,Spinus spinus,21
69,14,Podiceps auritus,20
69,14,Scolopax rusticola,19
69,14,Phalaropus lobatus,19
69,14,Spatula clypeata,19
69,14,Muscicapa striata,18
69,14,Anser albifrons,18
69,14,Stercorarius pomarinus,17
69,14,Lyrurus tetrix,16
69,14,Prunella modularis,16
69,14,Alauda arvensis,16
69,14,Calidris temminckii,15
69,14,Mareca strepera,15
69,14,Calcarius lapponicus,14
69,14,Calidris alba,13
69,14,Melanitta fusca,13
69,14,Falco peregrinus,12
69,14,Puffinus puffinus,11
69,14,Acanthis hornemanni,10
69,14,Loxia curvirostra,10
69,14,Accipiter nisus,9
69,14,Mergellus albellus,9
69,14,Aquila chrysaetos,8
69,14,Delichon urbicum,8
69,14,Saxicola rubetra,8
69,14,Anser fabalis,8
69,14,Troglodytes troglodytes,8
69,14,Picus canus,7
69,14,Phoenicurus phoenicurus,7
69,14,Hydrocoloeus minutus,7
69,14,Pluvialis squatarola,6
69,14,Accipiter gentilis,6
69,14,Cyanistes caeruleus,6
69,14,Erithacus rubecula,6
69,14,Branta bernicla,6
69,14,Branta ruficollis,6
69,14,Loxia leucoptera,6
69,14,Charadrius morinellus,5
69,14,Alle alle,5
69,14,Podiceps grisegena,5
69,14,Bombycilla garrulus,5
69,14,Cinclus cinclus,5
69,14,Lagopus muta,5
69,14,Pastor roseus,5
69,14,Ardea alba,5
69,16,Larus argentatus,868
69,16,Larus marinus,842
69,16,Somateria mollissima,798
69,16,Larus canus,793
69,16,Haematopus ostralegus,772
69,16,Haliaeetus albicilla,661
69,16,Rissa tridactyla,624
69,16,Cepphus grylle,575
69,16,Mergus serrator,575
69,16,Anser anser,560
69,16,Corvus cornix,558
69,16,Phalacrocorax carbo,530
69,16,Tringa totanus,451
69,16,Anas platyrhynchos,443
69,16,Numenius arquata,439
69,16,Parus major,424
69,16,Chloris chloris,407
69,16,Cygnus cygnus,387
69,16,Pica pica,372
69,16,Sterna paradisaea,353
69,16,Motacilla alba,334
69,16,Ardea cinerea,332
69,16,Phalacrocorax aristotelis,331
69,16,Turdus pilaris,323
69,16,Anthus pratensis,321
69,16,Stercorarius parasiticus,313
69,16,Acanthis flammea,308
69,16,Passer domesticus,284
69,16,Mareca penelope,281
69,16,Corvus corax,276
69,16,Phylloscopus trochilus,266
69,16,Fratercula arctica,260
69,16,Lagopus lagopus,253
69,16,Poecile montanus,248
69,16,Podiceps auritus,235
69,16,Clangula hyemalis,231
69,16,Larus hyperboreus,226
69,16,Turdus iliacus,225
69,16,Mergus merganser,224
69,16,Aythya fuligula,221
69,16,Numenius phaeopus,209
69,16,Emberiza schoeniclus,209
69,16,Alca torda,206
69,16,Plectrophenax nivalis,195
69,16,Somateria spectabilis,192
69,16,Sturnus vulgaris,189
69,16,Gallinago gallinago,188
69,16,Chroicocephalus ridibundus,186
69,16,Pluvialis apricaria,183
69,16,Anas crecca,183
69,16,Linaria flavirostris,181
69,16,Morus bassanus,179
69,16,Pyrrhula pyrrhula,177
69,16,Larus glaucoides,175
69,16,Cyanistes caeruleus,169
69,16,Fringilla montifringilla,161
69,16,Charadrius hiaticula,159
69,16,Gavia stellata,151
69,16,Oenanthe oenanthe,141
69,16,Sterna hirundo,137
69,16,Actitis hypoleucos,135
69,16,Anser brachyrhynchus,134
69,16,Buteo lagopus,125
69,16,Branta leucopsis,123
69,16,Acrocephalus schoenobaenus,120
69,16,Calidris maritima,119
69,16,Phylloscopus collybita,119
69,16,Asio flammeus,119
69,16,Fringilla coelebs,115
69,16,Melanitta nigra,112
69,16,Anthus petrosus,110
69,16,Luscinia svecica,110
69,16,Fulmarus glacialis,98
69,16,Calidris alpina,98
69,16,Turdus merula,97
69,16,Vanellus vanellus,95
69,16,Turdus torquatus,94
69,16,Tringa nebularia,92
69,16,Gavia arctica,90
69,16,Calidris pugnax,88
69,16,Ficedula hypoleuca,84
69,16,Bombycilla garrulus,81
69,16,Larus fuscus,80
69,16,Falco tinnunculus,80
69,16,Limosa lapponica,77
69,16,Cuculus canorus,76
69,16,Tringa erythropus,75
69,16,Uria aalge,74
69,16,Riparia riparia,70
69,16,Prunella modularis,70
69,16,Tadorna tadorna,68
69,16,Falco columbarius,64
69,16,Arenaria interpres,60
69,16,Garrulus glandarius,56
69,16,Hirundo rustica,56
69,16,Limosa limosa,55
69,16,Calidris canutus,55
69,16,Spinus spinus,54
69,16,Fulica atra,51
69,16,Gavia adamsii,50
69,16,Columba palumbus,50
69,16,Turdus philomelos,49
69,16,Lyrurus tetrix,45
69,16,Accipiter nisus,45
69,16,Troglodytes troglodytes,45
69,16,Stercorarius longicaudus,43
69,16,Surnia ulula,42
69,16,Cinclus cinclus,41
69,16,Acanthis hornemanni,40
69,16,Scolopax rusticola,39
69,16,Picus canus,37
69,16,Passer montanus,36
69,16,Columba livia,33
69,16,Streptopelia decaocto,32
69,16,Calidris alba,31
69,16,Stercorarius skua,30
69,16,Grus grus,27
69,16,Gavia immer,27
69,16,Anthus trivialis,26
69,16,Erithacus rubecula,26
69,16,Bucephala clangula,26
69,16,Anas acuta,24
69,16,Melanitta fusca,24
69,16,Emberiza citrinella,23
69,16,Alle alle,22
69,16,Anser albifrons,22
69,16,Accipiter gentilis,21
69,16,Polysticta stelleri,21
69,16,Alauda arvensis,21
69,16,Muscicapa striata,20
69,16,Lagopus muta,20
69,16,Regulus regulus,19
69,16,Aythya marila,19
69,16,Picoides tridactylus,18
69,16,Calcarius lapponicus,18
69,16,Phoenicurus phoenicurus,18
69,16,Dendrocopos major,17
69,16,Sylvia atricapilla,17
69,16,Carduelis carduelis,17
69,16,Hydrobates pelagicus,17
69,16,Loxia curvirostra,17
69,16,Calidris minuta,15
69,16,Falco peregrinus,14
69,16,Aquila chrysaetos,13
69,16,Stercorarius pomarinus,13
69,16,Periparus ater,13
69,16,Saxicola rubetra,13
69,16,Phalaropus lobatus,13
69,16,Falco rusticolus,13
69,16,Pastor roseus,12
69,16,Tringa glareola,11
69,16,Calidris temminckii,11
69,16,Anser caerulescens,11
69,16,Branta bernicla,11
69,16,Delichon urbicum,10
69,16,Sylvia borin,10
69,16,Loxia pytyopsittacus,10
69,16,Coccothraustes coccothraustes,10
69,16,Puffinus griseus,10
69,16,Certhia familiaris,9
69,16,Pinicola enucleator,9
69,16,Upupa epops,9
69,16,Spatula querquedula,9
69,16,Calidris ferruginea,8
69,16,Spatula clypeata,8
69,16,Mareca strepera,8
69,16,Motacilla flava,8
69,16,Pluvialis squatarola,7
69,16,Aegolius funereus,7
69,16,Hydrocoloeus minutus,7
69,16,Pagophila eburnea,6
69,16,Turdus viscivorus,6
69,16,Streptopelia turtur,6
69,16,Cygnus olor,6
69,16,Puffinus puffinus,6
69,16,Glaucidium passerinum,6
69,16,Loxia leucoptera,6
69,16,Dryobates minor,6
69,16,Tetrao urogallus,5
69,16,Podiceps grisegena,5
69,16,Asio otus,5
69,16,Aythya ferina,5
69,16,Apus apus,5
69,16,Coloeus monedula,5
69,16,Lanius excubitor,5
69,18,Parus major,9350
69,18,Chloris chloris,6912
69,18,Anas platyrhynchos,6077
69,18,Haematopus ostralegus,5978
69,18,Passer domesticus,5949
69,18,Turdus pilaris,5659
69,18,Pica pica,5535
69,18,Larus canus,5520
69,18,Pyrrhula pyrrhula,5316
69,18,Somateria mollissima,5253
69,18,Poecile montanus,5206
69,18,Larus argentatus,5166
69,18,Cyanistes caeruleus,5063
69,18,Corvus cornix,4985
69,18,Mergus serrator,4706
69,18,Ardea cinerea,4154
69,18,Motacilla alba,3719
69,18,Acanthis flammea,3695
69,18,Turdus iliacus,3638
69,18,Clangula hyemalis,3575
69,18,Anser anser,3488
69,18,Larus marinus,3391
69,18,Tringa totanus,3360
69,18,Turdus merula,3217
69,18,Phalacrocorax carbo,3201
69,18,Numenius arquata,3192
69,18,Haliaeetus albicilla,3146
69,18,Fringilla montifringilla,3103
69,18,Garrulus glandarius,3075
69,18,Rissa tridactyla,3006
69,18,Bombycilla garrulus,2807
69,18,Phylloscopus collybita,2662
69,18,Phylloscopus trochilus,2632
69,18,Fringilla coelebs,2602
69,18,Mareca penelope,2464
69,18,Anthus pratensis,2439
69,18,Sturnus vulgaris,2386
69,18,Charadrius hiaticula,2265
69,18,Pluvialis apricaria,2218
69,18,Ficedula hypoleuca,2216
69,18,Anas crecca,2206
69,18,Plectrophenax nivalis,2150
69,18,Gavia stellata,2144
69,18,Corvus corax,2072
69,18,Prunella modularis,2037
69,18,Melanitta fusca,1963
69,18,Columba livia,1868
69,18,Gallinago gallinago,1831
69,18,Tadorna tadorna,1775
69,18,Calidris maritima,1756
69,18,Lagopus lagopus,1673
69,18,Columba palumbus,1661
69,18,Emberiza schoeniclus,1654
69,18,Calidris alpina,1631
69,18,Calidris pugnax,1625
69,18,Calidris canutus,1606
69,18,Cygnus cygnus,1588
69,18,Vanellus vanellus,1570
69,18,Melanitta nigra,1545
69,18,Sterna paradisaea,1492
69,18,Aythya fuligula,1480
69,18,Turdus philomelos,1478
69,18,Spinus spinus,1476
69,18,Stercorarius parasiticus,1458
69,18,Certhia familiaris,1423
69,18,Mergus merganser,1393
69,18,Cepphus grylle,1321
69,18,Bucephala clangula,1276
69,18,Linaria flavirostris,1238
69,18,Numenius phaeopus,1181
69,18,Erithacus rubecula,1153
69,18,Emberiza citrinella,1144
69,18,Actitis hypoleucos,1123
69,18,Regulus regulus,1091
69,18,Podiceps auritus,1090
69,18,Accipiter nisus,1064
69,18,Alca torda,1064
69,18,Gavia arctica,1052
69,18,Passer montanus,946
69,18,Cuculus canorus,941
69,18,Somateria spectabilis,939
69,18,Riparia riparia,938
69,18,Scolopax rusticola,911
69,18,Buteo lagopus,904
69,18,Gavia adamsii,888
69,18,Luscinia svecica,882
69,18,Dendrocopos major,869
69,18,Chroicocephalus ridibundus,861
69,18,Limosa lapponica,821
69,18,Acrocephalus schoenobaenus,772
69,18,Loxia curvirostra,760
69,18,Cinclus cinclus,755
69,18,Anas acuta,746
69,18,Anser brachyrhynchus,733
69,18,Oenanthe oenanthe,716
69,18,Arenaria interpres,713
69,18,Tringa glareola,705
69,18,Turdus torquatus,704
69,18,Larus fuscus,687
69,18,Phoenicurus phoenicurus,664
69,18,Falco columbarius,655
69,18,Hirundo rustica,641
69,18,Tringa nebularia,634
69,18,Tringa erythropus,608
69,18,Surnia ulula,586
69,18,Lyrurus tetrix,573
69,18,Calidris temminckii,543
69,18,Asio flammeus,533
69,18,Sylvia atricapilla,465
69,18,Phalacrocorax aristotelis,439
69,18,Dryobates minor,418
69,18,Anthus trivialis,417
69,18,Acanthis hornemanni,415
69,18,Pinicola enucleator,406
69,18,Muscicapa striata,400
69,18,Fratercula arctica,398
69,18,Sterna hirundo,392
69,18,Periparus ater,379
69,18,Falco tinnunculus,378
69,18,Loxia leucoptera,356
69,18,Sylvia borin,348
69,18,Picoides tridactylus,347
69,18,Calidris minuta,327
69,18,Spatula clypeata,326
69,18,Phylloscopus inornatus,312
69,18,Limosa limosa,311
69,18,Alle alle,308
69,18,Accipiter gentilis,294
69,18,Phalaropus lobatus,286
69,18,Aythya marila,274
69,18,Lagopus muta,274
69,18,Aegolius funereus,250
69,18,Alauda arvensis,250
69,18,Motacilla flava,238
69,18,Mareca strepera,227
69,18,Podiceps grisegena,226
69,18,Delichon urbicum,222
69,18,Anthus petrosus,221
69,18,Troglodytes troglodytes,218
69,18,Larus glaucoides,206
69,18,Grus grus,197
69,18,Anser albifrons,186
69,18,Larus hyperboreus,182
69,18,Gavia immer,179
69,18,Uria aalge,175
69,18,Branta leucopsis,172
69,18,Charadrius morinellus,155
69,18,Picus canus,154
69,18,Aquila chrysaetos,152
69,18,Tringa ochropus,137
69,18,Stercorarius longicaudus,136
69,18,Glaucidium passerinum,128
69,18,Calidris ferruginea,117
69,18,Calidris alba,99
69,18,Streptopelia decaocto,98
69,18,Falco peregrinus,97
69,18,Stercorarius pomarinus,95
69,18,Loxia pytyopsittacus,95
69,18,Calcarius lapponicus,94
69,18,Apus apus,94
69,18,Spatula querquedula,94
69,18,Saxicola rubetra,93
69,18,Coccothraustes coccothraustes,93
69,18,Aegithalos caudatus,83
69,18,Podiceps cristatus,76
69,18,Turdus viscivorus,67
69,18,Tetrao urogallus,65
69,18,Nucifraga caryocatactes,64
69,18,Motacilla cinerea,62
69,18,Anser serrirostris,62
69,18,Ardeola ralloides,61
69,18,Fulica atra,59
69,18,Calidris melanotos,57
69,18,Lymnocryptes minimus,52
69,18,Falco rusticolus,52
69,18,Phylloscopus sibillatrix,51
69,18,Polysticta stelleri,50
69,18,Asio otus,48
69,18,Pluvialis squatarola,47
69,18,Branta canadensis,47
69,18,Anser fabalis,46
69,18,Sylvia communis,43
69,18,Sylvia curruca,43
69,18,Aix galericulata,42
69,18,Hydrocoloeus minutus,41
69,18,Aythya ferina,40
69,18,Tachybaptus ruficollis,39
69,18,Anthus cervinus,35
69,18,Branta bernicla,34
69,18,Morus bassanus,31
69,18,Mergellus albellus,31
69,18,Calidris falcinellus,29
69,18,Emberiza pusilla,28
69,18,Ardea alba,25
69,18,Plegadis falcinellus,22
69,18,Phylloscopus borealis,22
69,18,Anser indicus,21
69,18,Jynx torquilla,20
69,18,Histrionicus histrionicus,19
69,18,Lanius excubitor,19
69,18,Egretta garzetta,18
69,18,Circus cyaneus,16
69,18,Stercorarius skua,16
69,18,Tringa flavipes,16
69,18,Poecile cinctus,16
69,18,Anas carolinensis,15
69,18,Linaria cannabina,15
69,18,Carpodacus erythrinus,14
69,18,Mareca americana,13
69,18,Uria lomvia,12
69,18,Tringa stagnatilis,12
69,18,Recurvirostra avosetta,11
69,18,Crex crex,11
69,18,Limnodromus scolopaceus,10
69,18,Streptopelia turtur,10
69,18,Aythya collaris,10
69,18,Phasianus colchicus,10
69,18,Rallus aquaticus,9
69,18,Anser caerulescens,9
69,18,Fulmarus glacialis,8
69,18,Corvus frugilegus,8
69,18,Hippolais icterina,8
69,18,Pagophila eburnea,7
69,18,Columba oenas,7
69,18,Cygnus olor,7
69,18,Turdus atrogularis,7
69,18,Pastor roseus,7
69,18,Dendrocoptes medius,7
69,18,Pluvialis dominica,6
69,18,Circus macrourus,6
69,18,Upupa epops,6
69,18,Coloeus monedula,6
69,18,Dryocopus martius,5
69,18,Larus glaucescens,5
69,18,Phylloscopus fuscatus,5
69,18,Carduelis carduelis,5
69,18,Streptopelia orientalis,5
69,18,Tadorna ferruginea,5
69,18,Sibirionetta formosa,5
69,20,Larus canus,379
69,20,Somateria mollissima,320
69,20,Haematopus ostralegus,315
69,20,Larus argentatus,310
69,20,Mergus serrator,308
69,20,Corvus cornix,278
69,20,Turdus pilaris,261
69,20,Larus marinus,254
69,20,Anas platyrhynchos,251
69,20,Acanthis flammea,248
69,20,Phylloscopus trochilus,244
69,20,Haliaeetus albicilla,237
69,20,Corvus corax,228
69,20,Anser anser,225
69,20,Parus major,218
69,20,Fringilla montifringilla,205
69,20,Mergus merganser,202
69,20,Turdus iliacus,199
69,20,Motacilla alba,191
69,20,Tringa totanus,183
69,20,Pica pica,183
69,20,Anthus pratensis,178
69,20,Charadrius hiaticula,178
69,20,Buteo lagopus,169
69,20,Chloris chloris,158
69,20,Podiceps auritus,157
69,20,Poecile montanus,155
69,20,Pyrrhula pyrrhula,153
69,20,Numenius arquata,144
69,20,Tadorna tadorna,143
69,20,Actitis hypoleucos,140
69,20,Pluvialis apricaria,137
69,20,Anas crecca,137
69,20,Stercorarius parasiticus,133
69,20,Bombycilla garrulus,133
69,20,Chroicocephalus ridibundus,132
69,20,Cepphus grylle,130
69,20,Tringa nebularia,126
69,20,Oenanthe oenanthe,123
69,20,Ardea cinerea,121
69,20,Mareca penelope,117
69,20,Gavia stellata,115
69,20,Numenius phaeopus,112
69,20,Phylloscopus collybita,112
69,20,Lagopus lagopus,111
69,20,Aythya fuligula,110
69,20,Falco tinnunculus,109
69,20,Luscinia svecica,105
69,20,Alca torda,102
69,20,Phalacrocorax carbo,99
69,20,Plectrophenax nivalis,98
69,20,Passer domesticus,97
69,20,Calidris alpina,95
69,20,Emberiza schoeniclus,95
69,20,Ficedula hypoleuca,95
69,20,Limosa lapponica,94
69,20,Cyanistes caeruleus,93
69,20,Cinclus cinclus,92
69,20,Clangula hyemalis,91
69,20,Fratercula arctica,90
69,20,Bucephala clangula,90
69,20,Sterna paradisaea,90
69,20,Garrulus glandarius,87
69,20,Lagopus muta,86
69,20,Melanitta nigra,85
69,20,Stercorarius longicaudus,80
69,20,Gavia arctica,79
69,20,Riparia riparia,76
69,20,Cygnus cygnus,75
69,20,Delichon urbicum,74
69,20,Cuculus canorus,73
69,20,Falco columbarius,73
69,20,Motacilla flava,67
69,20,Turdus philomelos,66
69,20,Phoenicurus phoenicurus,65
69,20,Spinus spinus,63
69,20,Rissa tridactyla,62
69,20,Surnia ulula,62
69,20,Tringa glareola,60
69,20,Calidris temminckii,60
69,20,Linaria flavirostris,58
69,20,Turdus torquatus,57
69,20,Lyrurus tetrix,56
69,20,Charadrius morinellus,55
69,20,Emberiza citrinella,53
69,20,Uria aalge,52
69,20,Turdus merula,51
69,20,Melanitta fusca,51
69,20,Fringilla coelebs,50
69,20,Columba palumbus,50
69,20,Aegolius funereus,49
69,20,Picoides tridactylus,48
69,20,Calidris pugnax,48
69,20,Accipiter nisus,47
69,20,Gallinago gallinago,47
69,20,Regulus regulus,47
69,20,Scolopax rusticola,44
69,20,Calidris maritima,42
69,20,Hirundo rustica,42
69,20,Erithacus rubecula,41
69,20,Asio flammeus,41
69,20,Dendrocopos major,39
69,20,Prunella modularis,39
69,20,Larus fuscus,37
69,20,Anthus trivialis,35
69,20,Sturnus vulgaris,35
69,20,Muscicapa striata,34
69,20,Anas acuta,34
69,20,Calidris canutus,32
69,20,Passer montanus,30
69,20,Dryobates minor,29
69,20,Grus grus,27
69,20,Saxicola rubetra,27
69,20,Tringa erythropus,26
69,20,Calcarius lapponicus,23
69,20,Calidris minuta,21
69,20,Arenaria interpres,21
69,20,Accipiter gentilis,20
69,20,Sylvia borin,20
69,20,Columba livia,20
69,20,Loxia pytyopsittacus,19
69,20,Troglodytes troglodytes,19
69,20,Pinicola enucleator,18
69,20,Anser brachyrhynchus,18
69,20,Chroicocephalus philadelphia,18
69,20,Certhia familiaris,17
69,20,Sterna hirundo,17
69,20,Acrocephalus schoenobaenus,16
69,20,Vanellus vanellus,15
69,20,Poecile cinctus,14
69,20,Somateria spectabilis,14
69,20,Phalaropus lobatus,14
69,20,Loxia curvirostra,13
69,20,Calidris alba,12
69,20,Sylvia atricapilla,12
69,20,Aythya marila,12
69,20,Acanthis hornemanni,12
69,20,Hydrocoloeus minutus,12
69,20,Anthus cervinus,11
69,20,Turdus viscivorus,11
69,20,Aegithalos caudatus,11
69,20,Glaucidium passerinum,11
69,20,Tetrao urogallus,10
69,20,Falco peregrinus,10
69,20,Larus hyperboreus,10
69,20,Asio otus,10
69,20,Mareca strepera,9
69,20,Coccothraustes coccothraustes,8
69,20,Melanitta perspicillata,8
69,20,Branta leucopsis,8
69,20,Aquila chrysaetos,7
69,20,Gavia immer,7
69,20,Loxia leucoptera,7
69,20,Spatula clypeata,7
69,20,Alle alle,6
69,20,Phalacrocorax aristotelis,6
69,20,Anser serrirostris,6
69,20,Tringa ochropus,5
69,20,Periparus ater,5
69,20,Phylloscopus inornatus,5
69,20,Coloeus monedula,5
69,22,Parus major,2078
69,22,Chloris chloris,1641
69,22,Poecile montanus,1469
69,22,Bucephala clangula,1417
69,22,Anas platyrhynchos,1340
69,22,Corvus cornix,1267
69,22,Emberiza citrinella,1189
69,22,Cyanistes caeruleus,1164
69,22,Mergus serrator,1150
69,22,Aythya fuligula,1118
69,22,Pica pica,1109
69,22,Turdus pilaris,979
69,22,Phylloscopus trochilus,946
69,22,Pyrrhula pyrrhula,941
69,22,Larus canus,941
69,22,Fringilla montifringilla,929
69,22,Acanthis flammea,928
69,22,Passer montanus,921
69,22,Mareca penelope,858
69,22,Corvus corax,846
69,22,Passer domesticus,828
69,22,Haematopus ostralegus,801
69,22,Garrulus glandarius,747
69,22,Turdus iliacus,745
69,22,Anas crecca,706
69,22,Anser anser,690
69,22,Larus argentatus,647
69,22,Clangula hyemalis,642
69,22,Motacilla alba,634
69,22,Anthus pratensis,629
69,22,Mergus merganser,617
69,22,Pluvialis apricaria,596
69,22,Tringa glareola,569
69,22,Somateria mollissima,564
69,22,Bombycilla garrulus,558
69,22,Charadrius hiaticula,555
69,22,Cygnus cygnus,550
69,22,Numenius arquata,543
69,22,Haliaeetus albicilla,541
69,22,Tringa totanus,537
69,22,Luscinia svecica,536
69,22,Chroicocephalus ridibundus,471
69,22,Plectrophenax nivalis,448
69,22,Motacilla flava,446
69,22,Actitis hypoleucos,442
69,22,Gavia stellata,440
69,22,Dendrocopos major,437
69,22,Emberiza schoeniclus,425
69,22,Buteo lagopus,423
69,22,Larus marinus,422
69,22,Calidris pugnax,404
69,22,Tringa nebularia,379
69,22,Phylloscopus collybita,355
69,22,Calidris alpina,353
69,22,Anas acuta,346
69,22,Lagopus lagopus,335
69,22,Gallinago gallinago,323
69,22,Cinclus cinclus,318
69,22,Stercorarius longicaudus,316
69,22,Calcarius lapponicus,314
69,22,Ficedula hypoleuca,305
69,22,Oenanthe oenanthe,298
69,22,Tringa erythropus,293
69,22,Riparia riparia,292
69,22,Phalacrocorax carbo,290
69,22,Calidris temminckii,286
69,22,Podiceps auritus,268
69,22,Cepphus grylle,267
69,22,Melanitta fusca,264
69,22,Sterna paradisaea,263
69,22,Aegolius funereus,261
69,22,Phalaropus lobatus,257
69,22,Falco tinnunculus,251
69,22,Accipiter nisus,244
69,22,Tadorna tadorna,243
69,22,Columba palumbus,242
69,22,Gavia arctica,240
69,22,Ardea cinerea,230
69,22,Falco columbarius,230
69,22,Cuculus canorus,217
69,22,Melanitta nigra,213
69,22,Numenius phaeopus,208
69,22,Limosa lapponica,204
69,22,Sturnus vulgaris,194
69,22,Phoenicurus phoenicurus,185
69,22,Perisoreus infaustus,180
69,22,Grus grus,179
69,22,Turdus philomelos,176
69,22,Delichon urbicum,173
69,22,Anser serrirostris,167
69,22,Spinus spinus,163
69,22,Acrocephalus schoenobaenus,160
69,22,Surnia ulula,159
69,22,Prunella modularis,157
69,22,Asio flammeus,153
69,22,Scolopax rusticola,149
69,22,Erithacus rubecula,149
69,22,Fringilla coelebs,145
69,22,Calidris maritima,137
69,22,Sylvia borin,136
69,22,Aythya marila,126
69,22,Vanellus vanellus,117
69,22,Anthus trivialis,115
69,22,Alauda arvensis,101
69,22,Turdus merula,97
69,22,Anser fabalis,94
69,22,Rissa tridactyla,90
69,22,Acanthis hornemanni,81
69,22,Regulus regulus,79
69,22,Hirundo rustica,77
69,22,Calidris minuta,76
69,22,Stercorarius parasiticus,75
69,22,Galerida cristata,74
69,22,Muscicapa striata,72
69,22,Mergellus albellus,71
69,22,Glaucidium passerinum,63
69,22,Anser brachyrhynchus,62
69,22,Turdus torquatus,61
69,22,Dryobates minor,61
69,22,Lagopus muta,58
69,22,Charadrius morinellus,57
69,22,Anser erythropus,57
69,22,Falco peregrinus,49
69,22,Alca torda,49
69,22,Poecile cinctus,48
69,22,Picoides tridactylus,46
69,22,Accipiter gentilis,43
69,22,Lymnocryptes minimus,41
69,22,Saxicola rubetra,41
69,22,Mareca strepera,40
69,22,Certhia familiaris,38
69,22,Lanius excubitor,36
69,22,Linaria flavirostris,35
69,22,Somateria spectabilis,34
69,22,Pinicola enucleator,32
69,22,Branta leucopsis,32
69,22,Anser albifrons,30
69,22,Aquila chrysaetos,28
69,22,Spatula clypeata,28
69,22,Alle alle,26
69,22,Sylvia atricapilla,26
69,22,Sterna hirundo,24
69,22,Larus fuscus,22
69,22,Calidris falcinellus,22
69,22,Calidris canutus,21
69,22,Arenaria interpres,21
69,22,Periparus ater,21
69,22,Columba livia,21
69,22,Hydrocoloeus minutus,21
69,22,Calidris alba,20
69,22,Tetrao urogallus,19
69,22,Larus glaucoides,19
69,22,Limosa limosa,19
69,22,Calidris ferruginea,19
69,22,Phylloscopus inornatus,16
69,22,Spatula querquedula,16
69,22,Aegithalos caudatus,15
69,22,Pluvialis squatarola,14
69,22,Fulica atra,13
69,22,Loxia pytyopsittacus,13
69,22,Troglodytes troglodytes,13
69,22,Loxia curvirostra,13
69,22,Tringa ochropus,12
69,22,Phylloscopus borealis,12
69,22,Cygnus olor,11
69,22,Apus apus,11
69,22,Branta canadensis,11
69,22,Streptopelia decaocto,10
69,22,Egretta garzetta,8
69,22,Fratercula arctica,8
69,22,Anthus cervinus,8
69,22,Phylloscopus trochiloides,8
69,22,Pandion haliaetus,7
69,22,Emberiza rustica,7
69,22,Aythya collaris,7
69,22,Larus hyperboreus,6
69,22,Turdus viscivorus,6
69,22,Emberiza pusilla,6
69,22,Coccothraustes coccothraustes,6
69,22,Tadorna ferruginea,6
69,22,Anser indicus,6
69,22,Aythya ferina,6
69,22,Upupa epops,6
69,22,Phylloscopus sibillatrix,6
69,22,Eremophila alpestris,6
69,22,Lyrurus tetrix,5
69,22,Circus macrourus,5
69,22,Uria aalge,5
69,22,Anthus hodgsoni,5
69,24,Phylloscopus trochilus,271
69,24,Acanthis flammea,237
69,24,Fringilla montifringilla,227
69,24,Turdus iliacus,222
69,24,Cygnus cygnus,216
69,24,Buteo lagopus,196
69,24,Anthus pratensis,196
69,24,Pluvialis apricaria,195
69,24,Corvus corax,182
69,24,Lagopus lagopus,181
69,24,Tringa glareola,178
69,24,Bucephala clangula,164
69,24,Luscinia svecica,158
69,24,Poecile cinctus,130
69,24,Motacilla alba,129
69,24,Calcarius lapponicus,128
69,24,Aythya fuligula,128
69,24,Corvus cornix,127
69,24,Turdus pilaris,126
69,24,Mareca penelope,125
69,24,Motacilla flava,122
69,24,Poecile montanus,120
69,24,Clangula hyemalis,118
69,24,Pica pica,116
69,24,Perisoreus infaustus,112
69,24,Larus canus,112
69,24,Stercorarius longicaudus,107
69,24,Parus major,99
69,24,Emberiza schoeniclus,92
69,24,Actitis hypoleucos,91
69,24,Mergus serrator,90
69,24,Mergus merganser,88
69,24,Bombycilla garrulus,85
69,24,Oenanthe oenanthe,85
69,24,Falco tinnunculus,85
69,24,Gallinago gallinago,82
69,24,Anas crecca,80
69,24,Pyrrhula pyrrhula,79
69,24,Sterna paradisaea,79
69,24,Phoenicurus phoenicurus,76
69,24,Tringa nebularia,75
69,24,Gavia arctica,66
69,24,Chloris chloris,66
69,24,Phalaropus lobatus,61
69,24,Tringa erythropus,60
69,24,Calidris alpina,60
69,24,Falco columbarius,60
69,24,Cinclus cinclus,58
69,24,Asio flammeus,58
69,24,Passer domesticus,58
69,24,Melanitta nigra,55
69,24,Cuculus canorus,55
69,24,Turdus philomelos,55
69,24,Anas platyrhynchos,55
69,24,Numenius phaeopus,54
69,24,Haliaeetus albicilla,49
69,24,Ficedula hypoleuca,46
69,24,Spinus spinus,44
69,24,Gavia stellata,43
69,24,Charadrius hiaticula,42
69,24,Surnia ulula,41
69,24,Lanius excubitor,41
69,24,Pinicola enucleator,35
69,24,Anser fabalis,35
69,24,Melanitta fusca,35
69,24,Acanthis hornemanni,34
69,24,Anas acuta,33
69,24,Turdus viscivorus,32
69,24,Lagopus muta,32
69,24,Pandion haliaetus,31
69,24,Plectrophenax nivalis,31
69,24,Erithacus rubecula,31
69,24,Phylloscopus collybita,31
69,24,Riparia riparia,29
69,24,Tringa totanus,27
69,24,Limosa lapponica,25
69,24,Fringilla coelebs,25
69,24,Calidris temminckii,23
69,24,Muscicapa striata,23
69,24,Dendrocopos major,21
69,24,Columba palumbus,21
69,24,Garrulus glandarius,21
69,24,Prunella modularis,21
69,24,Aquila chrysaetos,20
69,24,Accipiter nisus,17
69,24,Tetrao urogallus,16
69,24,Charadrius morinellus,16
69,24,Delichon urbicum,16
69,24,Turdus merula,16
69,24,Lymnocryptes minimus,15
69,24,Anthus trivialis,15
69,24,Larus argentatus,14
69,24,Loxia pytyopsittacus,14
69,24,Picoides tridactylus,13
69,24,Scolopax rusticola,13
69,24,Saxicola rubetra,13
69,24,Hirundo rustica,13
69,24,Cyanistes caeruleus,12
69,24,Emberiza citrinella,12
69,24,Aegolius funereus,12
69,24,Grus grus,11
69,24,Accipiter gentilis,10
69,24,Turdus torquatus,10
69,24,Aythya marila,9
69,24,Chroicocephalus ridibundus,9
69,24,Calidris pugnax,9
69,24,Larus marinus,8
69,24,Phylloscopus borealis,8
69,24,Acrocephalus schoenobaenus,8
69,24,Anthus cervinus,7
69,24,Aegithalos caudatus,7
69,24,Mergellus albellus,7
69,24,Periparus ater,6
69,24,Ardea cinerea,6
69,24,Falco peregrinus,5
69,24,Tringa ochropus,5
69,24,Podiceps auritus,5
69,24,Certhia familiaris,5
69,24,Emberiza pusilla,5
69,24,Sylvia borin,5
69,24,Passer montanus,5
69,24,Loxia curvirostra,5
69,26,Buteo lagopus,21
69,26,Bucephala clangula,7
69,26,Asio flammeus,6
69,26,Phoenicurus phoenicurus,6
69,26,Falco tinnunculus,6
69,26,Lagopus lagopus,5
69,26,Perisoreus infaustus,5
69,26,Passer domesticus,5
69,26,Anas crecca,5
69,28,Phylloscopus trochilus,3102
69,28,Fringilla montifringilla,2735
69,28,Bucephala clangula,2400
69,28,Acanthis flammea,2253
69,28,Turdus iliacus,2137
69,28,Tringa glareola,2014
69,28,Cygnus cygnus,1891
69,28,Emberiza schoeniclus,1834
69,28,Poecile cinctus,1779
69,28,Mareca penelope,1737
69,28,Gavia arctica,1600
69,28,Turdus pilaris,1539
69,28,Anas platyrhynchos,1533
69,28,Buteo lagopus,1485
69,28,Motacilla flava,1466
69,28,Motacilla alba,1454
69,28,Parus major,1434
69,28,Aythya fuligula,1426
69,28,Bombycilla garrulus,1333
69,28,Larus canus,1329
69,28,Anas crecca,1329
69,28,Perisoreus infaustus,1301
69,28,Corvus cornix,1286
69,28,Tringa nebularia,1268
69,28,Grus grus,1265
69,28,Mergus merganser,1246
69,28,Gavia stellata,1178
69,28,Phoenicurus phoenicurus,1178
69,28,Mergellus albellus,1164
69,28,Sterna paradisaea,1135
69,28,Ficedula hypoleuca,1085
69,28,Chloris chloris,1066
69,28,Poecile montanus,1048
69,28,Mergus serrator,1035
69,28,Anthus pratensis,952
69,28,Phylloscopus borealis,950
69,28,Pinicola enucleator,948
69,28,Gallinago gallinago,942
69,28,Hydrocoloeus minutus,936
69,28,Pluvialis apricaria,922
69,28,Actitis hypoleucos,887
69,28,Numenius phaeopus,881
69,28,Lagopus lagopus,871
69,28,Turdus philomelos,860
69,28,Asio flammeus,842
69,28,Corvus corax,840
69,28,Pica pica,818
69,28,Haliaeetus albicilla,814
69,28,Luscinia svecica,796
69,28,Acrocephalus schoenobaenus,791
69,28,Anas acuta,788
69,28,Tringa erythropus,787
69,28,Spinus spinus,782
69,28,Emberiza pusilla,774
69,28,Pyrrhula pyrrhula,774
69,28,Cuculus canorus,772
69,28,Spatula clypeata,706
69,28,Larus marinus,703
69,28,Anser fabalis,685
69,28,Riparia riparia,666
69,28,Surnia ulula,666
69,28,Columba palumbus,647
69,28,Turdus viscivorus,641
69,28,Passer domesticus,637
69,28,Anthus trivialis,630
69,28,Calidris pugnax,626
69,28,Lyrurus tetrix,611
69,28,Limosa lapponica,593
69,28,Hirundo rustica,574
69,28,Fringilla coelebs,562
69,28,Falco tinnunculus,555
69,28,Scolopax rusticola,536
69,28,Lanius excubitor,499
69,28,Larus argentatus,471
69,28,Tetrao urogallus,469
69,28,Somateria mollissima,462
69,28,Clangula hyemalis,455
69,28,Pandion haliaetus,452
69,28,Charadrius hiaticula,451
69,28,Melanitta nigra,420
69,28,Falco columbarius,411
69,28,Haematopus ostralegus,402
69,28,Chroicocephalus ridibundus,390
69,28,Muscicapa striata,372
69,28,Tringa totanus,356
69,28,Loxia pytyopsittacus,348
69,28,Saxicola rubetra,328
69,28,Phalacrocorax carbo,310
69,28,Phylloscopus collybita,299
69,28,Dendrocopos major,298
69,28,Cyanistes caeruleus,279
69,28,Lymnocryptes minimus,274
69,28,Acanthis hornemanni,274
69,28,Delichon urbicum,269
69,28,Prunella modularis,234
69,28,Picoides tridactylus,225
69,28,Stercorarius parasiticus,220
69,28,Emberiza citrinella,210
69,28,Melanitta fusca,204
69,28,Garrulus glandarius,198
69,28,Oenanthe oenanthe,173
69,28,Cepphus grylle,160
69,28,Loxia curvirostra,151
69,28,Calidris temminckii,146
69,28,Plectrophenax nivalis,146
69,28,Calcarius lapponicus,137
69,28,Dryobates minor,136
69,28,Calidris alpina,135
69,28,Calidris falcinellus,134
69,28,Vanellus vanellus,131
69,28,Rissa tridactyla,130
69,28,Phalaropus lobatus,126
69,28,Emberiza rustica,124
69,28,Dryocopus martius,117
69,28,Erithacus rubecula,117
69,28,Circus cyaneus,104
69,28,Sylvia borin,104
69,28,Stercorarius longicaudus,103
69,28,Sterna hirundo,101
69,28,Accipiter nisus,95
69,28,Apus apus,92
69,28,Aythya marila,90
69,28,Tetrastes bonasia,88
69,28,Calidris maritima,85
69,28,Mareca strepera,85
69,28,Turdus merula,79
69,28,Cinclus cinclus,78
69,28,Circus aeruginosus,75
69,28,Calidris minuta,70
69,28,Anser anser,67
69,28,Circus macrourus,65
69,28,Numenius arquata,65
69,28,Passer montanus,65
69,28,Calidris canutus,63
69,28,Spatula querquedula,63
69,28,Aegolius funereus,57
69,28,Tarsiger cyanurus,55
69,28,Somateria spectabilis,53
69,28,Jynx torquilla,53
69,28,Larus fuscus,52
69,28,Anser serrirostris,51
69,28,Phylloscopus sibillatrix,50
69,28,Columba livia,47
69,28,Anthus cervinus,46
69,28,Falco peregrinus,41
69,28,Loxia leucoptera,39
69,28,Phalacrocorax aristotelis,38
69,28,Anser albifrons,38
69,28,Lagopus muta,37
69,28,Sylvia atricapilla,33
69,28,Turdus torquatus,33
69,28,Tringa ochropus,31
69,28,Tadorna tadorna,30
69,28,Alca torda,30
69,28,Aegithalos caudatus,28
69,28,Anser brachyrhynchus,26
69,28,Accipiter gentilis,25
69,28,Sturnus vulgaris,25
69,28,Aquila chrysaetos,24
69,28,Branta leucopsis,24
69,28,Uria aalge,22
69,28,Arenaria interpres,22
69,28,Asio otus,19
69,28,Glaucidium passerinum,18
69,28,Linaria flavirostris,16
69,28,Ardea cinerea,16
69,28,Strix nebulosa,15
69,28,Lullula arborea,14
69,28,Sylvia communis,14
69,28,Polysticta stelleri,14
69,28,Alauda arvensis,14
69,28,Columba oenas,13
69,28,Branta canadensis,13
69,28,Charadrius morinellus,12
69,28,Alle alle,12
69,28,Regulus regulus,12
69,28,Streptopelia decaocto,10
69,28,Falco rusticolus,10
69,28,Circus pygargus,9
69,28,Gavia immer,9
69,28,Sylvia curruca,9
69,28,Troglodytes troglodytes,9
69,28,Podiceps auritus,8
69,28,Certhia familiaris,8
69,28,Periparus ater,8
69,28,Acrocephalus dumetorum,8
69,28,Coccothraustes coccothraustes,8
69,28,Milvus migrans,8
69,28,Pluvialis squatarola,7
69,28,Buteo buteo,7
69,28,Limosa limosa,7
69,28,Xenus cinereus,7
69,28,Anthus hodgsoni,7
69,28,Anser erythropus,7
69,28,Aythya ferina,7
69,28,Turdus naumanni,7
69,28,Eremophila alpestris,7
69,28,Falco subbuteo,6
69,28,Larus hyperboreus,6
69,28,Podiceps grisegena,6
69,28,Saxicola maurus,6
69,28,Fratercula arctica,5
69,28,Gavia adamsii,5
69,28,Sitta europaea,5
69,28,Phylloscopus inornatus,5
69,28,Branta bernicla,5
69,28,Coloeus monedula,5
69,30,Turdus pilaris,712
69,30,Phylloscopus trochilus,686
69,30,Larus canus,593
69,30,Fringilla montifringilla,549
69,30,Bucephala clangula,534
69,30,Acanthis flammea,532
69,30,Larus argentatus,531
69,30,Turdus iliacus,519
69,30,Gavia stellata,509
69,30,Motacilla alba,503
69,30,Mergus serrator,497
69,30,Parus major,491
69,30,Somateria mollissima,478
69,30,Passer domesticus,465
69,30,Chloris chloris,457
69,30,Clangula hyemalis,451
69,30,Anas platyrhynchos,449
69,30,Mergus merganser,436
69,30,Larus marinus,416
69,30,Corvus cornix,408
69,30,Phalacrocorax carbo,375
69,30,Chroicocephalus ridibundus,358
69,30,Haematopus ostralegus,351
69,30,Cepphus grylle,349
69,30,Pica pica,338
69,30,Aythya fuligula,327
69,30,Pluvialis apricaria,325
69,30,Poecile montanus,310
69,30,Rissa tridactyla,299
69,30,Emberiza schoeniclus,287
69,30,Buteo lagopus,283
69,30,Gavia arctica,282
69,30,Scolopax rusticola,280
69,30,Pyrrhula pyrrhula,279
69,30,Actitis hypoleucos,266
69,30,Ficedula hypoleuca,247
69,30,Tringa glareola,236
69,30,Fringilla coelebs,235
69,30,Anthus pratensis,224
69,30,Luscinia svecica,224
69,30,Hydrocoloeus minutus,222
69,30,Tringa nebularia,214
69,30,Mareca penelope,214
69,30,Hirundo rustica,213
69,30,Emberiza pusilla,207
69,30,Cyanistes caeruleus,204
69,30,Corvus corax,202
69,30,Acrocephalus schoenobaenus,195
69,30,Bombycilla garrulus,192
69,30,Phylloscopus borealis,190
69,30,Sterna paradisaea,186
69,30,Anas crecca,185
69,30,Riparia riparia,182
69,30,Phylloscopus collybita,173
69,30,Columba palumbus,169
69,30,Turdus philomelos,164
69,30,Passer montanus,157
69,30,Gallinago gallinago,156
69,30,Columba livia,156
69,30,Lagopus lagopus,154
69,30,Stercorarius parasiticus,149
69,30,Haliaeetus albicilla,148
69,30,Melanitta fusca,136
69,30,Charadrius hiaticula,136
69,30,Melanitta nigra,134
69,30,Acanthis hornemanni,133
69,30,Cygnus cygnus,131
69,30,Pinicola enucleator,130
69,30,Spinus spinus,126
69,30,Poecile cinctus,124
69,30,Calidris pugnax,122
69,30,Tringa totanus,121
69,30,Calidris maritima,118
69,30,Garrulus glandarius,117
69,30,Prunella modularis,115
69,30,Grus grus,112
69,30,Somateria spectabilis,110
69,30,Phalacrocorax aristotelis,109
69,30,Perisoreus infaustus,108
69,30,Phoenicurus phoenicurus,105
69,30,Oenanthe oenanthe,102
69,30,Limosa lapponica,98
69,30,Surnia ulula,92
69,30,Cuculus canorus,88
69,30,Delichon urbicum,85
69,30,Mergellus albellus,85
69,30,Falco tinnunculus,82
69,30,Motacilla flava,74
69,30,Tringa erythropus,68
69,30,Polysticta stelleri,65
69,30,Plectrophenax nivalis,59
69,30,Alca torda,56
69,30,Cinclus cinclus,55
69,30,Anas acuta,54
69,30,Turdus merula,50
69,30,Asio flammeus,45
69,30,Emberiza citrinella,44
69,30,Calcarius lapponicus,43
69,30,Dendrocopos major,41
69,30,Uria aalge,40
69,30,Anthus trivialis,40
69,30,Muscicapa striata,38
69,30,Stercorarius longicaudus,37
69,30,Anthus cervinus,37
69,30,Sterna hirundo,37
69,30,Dryobates minor,35
69,30,Falco columbarius,35
69,30,Calidris temminckii,33
69,30,Gallinago delicata,33
69,30,Calidris alpina,32
69,30,Tetrao urogallus,31
69,30,Sylvia borin,31
69,30,Alle alle,30
69,30,Numenius phaeopus,29
69,30,Spatula clypeata,29
69,30,Lyrurus tetrix,28
69,30,Erithacus rubecula,24
69,30,Picoides tridactylus,22
69,30,Anser fabalis,20
69,30,Lanius excubitor,20
69,30,Morus bassanus,19
69,30,Fratercula arctica,19
69,30,Aythya marila,19
69,30,Sturnus vulgaris,19
69,30,Larus fuscus,18
69,30,Lagopus muta,18
69,30,Accipiter nisus,17
69,30,Loxia pytyopsittacus,16
69,30,Phalaropus lobatus,15
69,30,Aegolius funereus,15
69,30,Falco peregrinus,14
69,30,Ardea cinerea,14
69,30,Anthus petrosus,13
69,30,Turdus torquatus,13
69,30,Troglodytes troglodytes,12
69,30,Linaria flavirostris,12
69,30,Mareca strepera,12
69,30,Tetrastes bonasia,11
69,30,Saxicola rubetra,10
69,30,Asio otus,9
69,30,Crex crex,9
69,30,Branta leucopsis,9
69,30,Accipiter gentilis,8
69,30,Pandion haliaetus,8
69,30,Fulmarus glacialis,8
69,30,Stercorarius pomarinus,8
69,30,Calidris minuta,8
69,30,Calidris canutus,8
69,30,Numenius arquata,8
69,30,Gavia immer,8
69,30,Turdus viscivorus,8
69,30,Lymnocryptes minimus,7
69,30,Sylvia atricapilla,7
69,30,Coccothraustes coccothraustes,7
69,30,Columba oenas,7
69,30,Anser anser,7
69,30,Milvus migrans,7
69,30,Pluvialis squatarola,6
69,30,Circus aeruginosus,6
69,30,Larus hyperboreus,6
69,30,Arenaria interpres,6
69,30,Vanellus vanellus,5
69,30,Larus glaucoides,5
69,30,Stercorarius skua,5
69,30,Limosa limosa,5
69,30,Gavia adamsii,5
69,30,Aegithalos caudatus,5
69,30,Anser rossii,5
69,30,Apus apus,5
69,30,Loxia curvirostra,5
70,18,Tringa totanus,193
70,18,Cepphus grylle,187
70,18,Haliaeetus albicilla,179
70,18,Stercorarius parasiticus,179
70,18,Somateria mollissima,178
70,18,Haematopus ostralegus,172
70,18,Larus argentatus,169
70,18,Anthus pratensis,169
70,18,Anser anser,169
70,18,Larus marinus,168
70,18,Mergus serrator,160
70,18,Larus canus,160
70,18,Numenius arquata,153
70,18,Lagopus lagopus,151
70,18,Fratercula arctica,143
70,18,Gavia adamsii,143
70,18,Sterna paradisaea,130
70,18,Alca torda,128
70,18,Pluvialis apricaria,127
70,18,Rissa tridactyla,124
70,18,Phalacrocorax carbo,121
70,18,Phylloscopus trochilus,112
70,18,Numenius phaeopus,109
70,18,Corvus cornix,109
70,18,Turdus iliacus,109
70,18,Mergus merganser,103
70,18,Gallinago gallinago,99
70,18,Gavia stellata,98
70,18,Gavia arctica,98
70,18,Oenanthe oenanthe,95
70,18,Corvus corax,91
70,18,Turdus pilaris,91
70,18,Chroicocephalus ridibundus,86
70,18,Acanthis flammea,79
70,18,Limosa limosa,74
70,18,Motacilla alba,74
70,18,Chloris chloris,65
70,18,Phalacrocorax aristotelis,64
70,18,Turdus torquatus,63
70,18,Linaria flavirostris,62
70,18,Pica pica,61
70,18,Luscinia svecica,60
70,18,Parus major,60
70,18,Cuculus canorus,59
70,18,Anas crecca,59
70,18,Buteo lagopus,58
70,18,Emberiza schoeniclus,58
70,18,Anthus petrosus,57
70,18,Anas platyrhynchos,56
70,18,Falco columbarius,56
70,18,Uria aalge,53
70,18,Charadrius hiaticula,53
70,18,Ardea cinerea,52
70,18,Vanellus vanellus,48
70,18,Larus fuscus,47
70,18,Clangula hyemalis,47
70,18,Passer domesticus,46
70,18,Sturnus vulgaris,46
70,18,Plectrophenax nivalis,45
70,18,Actitis hypoleucos,42
70,18,Lagopus muta,42
70,18,Calidris alpina,41
70,18,Fringilla montifringilla,39
70,18,Falco tinnunculus,37
70,18,Poecile montanus,33
70,18,Anthus cervinus,33
70,18,Tadorna tadorna,33
70,18,Arenaria interpres,32
70,18,Phalaropus lobatus,32
70,18,Calidris maritima,31
70,18,Melanitta nigra,31
70,18,Somateria spectabilis,31
70,18,Morus bassanus,29
70,18,Asio flammeus,27
70,18,Cygnus cygnus,27
70,18,Scolopax rusticola,26
70,18,Tringa erythropus,25
70,18,Ficedula hypoleuca,25
70,18,Lyrurus tetrix,24
70,18,Dendrocopos major,24
70,18,Aquila chrysaetos,24
70,18,Limosa lapponica,24
70,18,Acrocephalus schoenobaenus,24
70,18,Pyrrhula pyrrhula,24
70,18,Anser brachyrhynchus,24
70,18,Mareca penelope,24
70,18,Turdus merula,23
70,18,Phylloscopus collybita,23
70,18,Sterna hirundo,22
70,18,Hirundo rustica,22
70,18,Calidris pugnax,20
70,18,Gavia immer,19
70,18,Riparia riparia,19
70,18,Columba palumbus,19
70,18,Prunella modularis,17
70,18,Turdus philomelos,17
70,18,Calidris canutus,16
70,18,Calidris alba,15
70,18,Bombycilla garrulus,15
70,18,Cinclus cinclus,15
70,18,Aythya fuligula,15
70,18,Troglodytes troglodytes,15
70,18,Calidris minuta,14
70,18,Cyanistes caeruleus,13
70,18,Melanitta fusca,13
70,18,Garrulus glandarius,13
70,18,Accipiter nisus,12
70,18,Fulmarus glacialis,12
70,18,Anas acuta,12
70,18,Alle alle,11
70,18,Erithacus rubecula,10
70,18,Fringilla coelebs,10
70,18,Passer montanus,10
70,18,Branta ruficollis,9
70,18,Branta leucopsis,9
70,18,Phoenicurus phoenicurus,9
70,18,Calcarius lapponicus,8
70,18,Loxia leucoptera,8
70,18,Grus grus,7
70,18,Larus hyperboreus,7
70,18,Stercorarius skua,7
70,18,Calidris ferruginea,7
70,18,Acanthis hornemanni,7
70,18,Accipiter gentilis,6
70,18,Falco peregrinus,6
70,18,Coccothraustes coccothraustes,6
70,18,Alauda arvensis,6
70,18,Tringa nebularia,5
70,18,Saxicola rubetra,5
70,18,Spinus spinus,5
70,20,Haliaeetus albicilla,181
70,20,Larus canus,163
70,20,Larus marinus,159
70,20,Larus argentatus,157
70,20,Haematopus ostralegus,154
70,20,Somateria mollissima,141
70,20,Alca torda,129
70,20,Fratercula arctica,121
70,20,Cepphus grylle,118
70,20,Lagopus lagopus,109
70,20,Sterna paradisaea,99
70,20,Phalacrocorax carbo,98
70,20,Anser anser,98
70,20,Rissa tridactyla,95
70,20,Corvus cornix,80
70,20,Uria aalge,77
70,20,Mergus serrator,77
70,20,Stercorarius parasiticus,75
70,20,Anthus pratensis,71
70,20,Mergus merganser,71
70,20,Tringa totanus,69
70,20,Numenius arquata,69
70,20,Corvus corax,69
70,20,Gallinago gallinago,66
70,20,Phalacrocorax aristotelis,66
70,20,Turdus iliacus,65
70,20,Turdus pilaris,64
70,20,Oenanthe oenanthe,57
70,20,Numenius phaeopus,53
70,20,Chloris chloris,53
70,20,Pluvialis apricaria,52
70,20,Larus fuscus,50
70,20,Acanthis flammea,50
70,20,Phylloscopus trochilus,49
70,20,Motacilla alba,49
70,20,Stercorarius skua,47
70,20,Pica pica,47
70,20,Parus major,41
70,20,Luscinia svecica,40
70,20,Turdus torquatus,39
70,20,Plectrophenax nivalis,37
70,20,Sterna hirundo,35
70,20,Fringilla montifringilla,34
70,20,Anthus petrosus,31
70,20,Lagopus muta,31
70,20,Passer domesticus,28
70,20,Buteo lagopus,27
70,20,Cuculus canorus,27
70,20,Falco tinnunculus,27
70,20,Emberiza schoeniclus,26
70,20,Acrocephalus schoenobaenus,26
70,20,Cinclus cinclus,25
70,20,Charadrius hiaticula,25
70,20,Clangula hyemalis,24
70,20,Morus bassanus,21
70,20,Fulmarus glacialis,21
70,20,Linaria flavirostris,21
70,20,Sturnus vulgaris,21
70,20,Anas platyrhynchos,19
70,20,Poecile montanus,18
70,20,Calidris maritima,17
70,20,Gavia stellata,17
70,20,Pyrrhula pyrrhula,17
70,20,Ardea cinerea,17
70,20,Falco columbarius,17
70,20,Phylloscopus collybita,16
70,20,Melanitta nigra,16
70,20,Chroicocephalus ridibundus,16
70,20,Actitis hypoleucos,13
70,20,Ficedula hypoleuca,13
70,20,Larus hyperboreus,12
70,20,Lyrurus tetrix,11
70,20,Anas crecca,11
70,20,Hirundo rustica,11
70,20,Arenaria interpres,10
70,20,Alle alle,9
70,20,Scolopax rusticola,9
70,20,Fringilla coelebs,9
70,20,Larus glaucoides,8
70,20,Gavia adamsii,8
70,20,Riparia riparia,8
70,20,Prunella modularis,8
70,20,Calidris pugnax,8
70,20,Aquila chrysaetos,7
70,20,Anser brachyrhynchus,7
70,20,Aythya fuligula,7
70,20,Tringa erythropus,6
70,20,Calidris canutus,6
70,20,Asio flammeus,6
70,20,Melanitta fusca,6
70,20,Somateria spectabilis,6
70,20,Garrulus glandarius,6
70,20,Dendrocopos major,5
70,20,Uria lomvia,5
70,20,Gavia arctica,5
70,20,Columba palumbus,5
70,20,Phalaropus lobatus,5
70,20,Phoenicurus phoenicurus,5
70,22,Haematopus ostralegus,2118
70,22,Larus canus,2089
70,22,Larus argentatus,2078
70,22,Mergus serrator,1877
70,22,Somateria mollissima,1833
70,22,Anas platyrhynchos,1665
70,22,Larus marinus,1661
70,22,Corvus cornix,1591
70,22,Cepphus grylle,1302
70,22,Turdus pilaris,1083
70,22,Pica pica,1022
70,22,Haliaeetus albicilla,958
70,22,Corvus corax,865
70,22,Phalacrocorax carbo,864
70,22,Clangula hyemalis,840
70,22,Parus major,786
70,22,Chloris chloris,759
70,22,Rissa tridactyla,751
70,22,Anser anser,633
70,22,Tringa totanus,615
70,22,Turdus iliacus,604
70,22,Ardea cinerea,583
70,22,Motacilla alba,566
70,22,Passer domesticus,524
70,22,Chroicocephalus ridibundus,503
70,22,Mergus merganser,501
70,22,Poecile montanus,498
70,22,Anthus pratensis,495
70,22,Acanthis flammea,491
70,22,Phylloscopus trochilus,453
70,22,Melanitta fusca,453
70,22,Tadorna tadorna,445
70,22,Fringilla montifringilla,427
70,22,Pluvialis apricaria,413
70,22,Pyrrhula pyrrhula,413
70,22,Plectrophenax nivalis,391
70,22,Buteo lagopus,385
70,22,Gavia stellata,361
70,22,Numenius arquata,358
70,22,Anas crecca,336
70,22,Cyanistes caeruleus,334
70,22,Oenanthe oenanthe,331
70,22,Lagopus lagopus,321
70,22,Alca torda,315
70,22,Sterna paradisaea,291
70,22,Actitis hypoleucos,284
70,22,Melanitta nigra,269
70,22,Cygnus cygnus,264
70,22,Calidris maritima,249
70,22,Gavia arctica,246
70,22,Mareca penelope,237
70,22,Charadrius hiaticula,231
70,22,Ficedula hypoleuca,224
70,22,Passer montanus,221
70,22,Anas acuta,219
70,22,Cinclus cinclus,209
70,22,Gallinago gallinago,208
70,22,Bombycilla garrulus,200
70,22,Phylloscopus collybita,196
70,22,Stercorarius longicaudus,193
70,22,Luscinia svecica,192
70,22,Stercorarius parasiticus,185
70,22,Turdus torquatus,183
70,22,Cuculus canorus,177
70,22,Turdus merula,169
70,22,Linaria flavirostris,166
70,22,Limosa lapponica,158
70,22,Numenius phaeopus,148
70,22,Tringa glareola,141
70,22,Aythya fuligula,135
70,22,Prunella modularis,133
70,22,Lagopus muta,125
70,22,Calidris alpina,124
70,22,Turdus philomelos,124
70,22,Podiceps auritus,116
70,22,Falco columbarius,115
70,22,Tringa nebularia,112
70,22,Sterna hirundo,107
70,22,Calidris pugnax,106
70,22,Scolopax rusticola,105
70,22,Sturnus vulgaris,102
70,22,Phalacrocorax aristotelis,101
70,22,Falco tinnunculus,92
70,22,Bucephala clangula,91
70,22,Surnia ulula,87
70,22,Alle alle,85
70,22,Fringilla coelebs,82
70,22,Aythya marila,81
70,22,Columba palumbus,80
70,22,Emberiza schoeniclus,79
70,22,Uria aalge,76
70,22,Accipiter nisus,70
70,22,Tringa erythropus,70
70,22,Phalaropus lobatus,69
70,22,Phoenicurus phoenicurus,69
70,22,Spinus spinus,67
70,22,Calcarius lapponicus,66
70,22,Columba livia,66
70,22,Somateria spectabilis,66
70,22,Erithacus rubecula,63
70,22,Acanthis hornemanni,63
70,22,Aegolius funereus,58
70,22,Dendrocopos major,56
70,22,Fratercula arctica,55
70,22,Acrocephalus schoenobaenus,52
70,22,Calidris temminckii,50
70,22,Larus fuscus,48
70,22,Garrulus glandarius,48
70,22,Lyrurus tetrix,43
70,22,Asio flammeus,40
70,22,Hirundo rustica,36
70,22,Aquila chrysaetos,34
70,22,Anthus trivialis,34
70,22,Cygnus olor,33
70,22,Calidris canutus,32
70,22,Anthus cervinus,32
70,22,Larus hyperboreus,30
70,22,Gavia adamsii,30
70,22,Emberiza citrinella,29
70,22,Delichon urbicum,28
70,22,Larus glaucoides,27
70,22,Grus grus,25
70,22,Accipiter gentilis,25
70,22,Anthus petrosus,25
70,22,Sylvia borin,24
70,22,Sylvia atricapilla,23
70,22,Fulmarus glacialis,22
70,22,Dryobates minor,21
70,22,Stercorarius skua,20
70,22,Arenaria interpres,20
70,22,Motacilla flava,20
70,22,Vanellus vanellus,19
70,22,Falco peregrinus,19
70,22,Riparia riparia,19
70,22,Branta bernicla,19
70,22,Spatula clypeata,19
70,22,Charadrius morinellus,18
70,22,Podiceps grisegena,15
70,22,Loxia curvirostra,15
70,22,Falco rusticolus,14
70,22,Anser brachyrhynchus,13
70,22,Anser serrirostris,13
70,22,Regulus regulus,12
70,22,Certhia familiaris,12
70,22,Muscicapa striata,12
70,22,Glaucidium passerinum,12
70,22,Calidris minuta,11
70,22,Phylloscopus inornatus,11
70,22,Limosa limosa,10
70,22,Gavia immer,10
70,22,Pinicola enucleator,10
70,22,Morus bassanus,9
70,22,Uria lomvia,9
70,22,Lymnocryptes minimus,9
70,22,Saxicola rubetra,9
70,22,Calidris alba,8
70,22,Periparus ater,8
70,22,Coccothraustes coccothraustes,8
70,22,Streptopelia decaocto,8
70,22,Anser fabalis,8
70,22,Stercorarius pomarinus,7
70,22,Lanius excubitor,7
70,22,Fulica atra,6
70,22,Netta rufina,6
70,22,Hydrocoloeus minutus,6
70,22,Eremophila alpestris,6
70,22,Calidris ferruginea,5
70,22,Upupa epops,5
70,22,Apus apus,5
70,22,Calidris falcinellus,5
70,22,Mareca strepera,5
70,24,Anser anser,3596
70,24,Larus canus,2662
70,24,Haematopus ostralegus,2660
70,24,Anthus pratensis,2223
70,24,Phylloscopus trochilus,2166
70,24,Haliaeetus albicilla,2139
70,24,Mareca penelope,2128
70,24,Anas platyrhynchos,2018
70,24,Tadorna tadorna,1931
70,24,Tringa totanus,1883
70,24,Corvus cornix,1866
70,24,Acanthis flammea,1827
70,24,Mergus serrator,1825
70,24,Anas crecca,1761
70,24,Pluvialis apricaria,1742
70,24,Turdus iliacus,1714
70,24,Limosa lapponica,1691
70,24,Larus argentatus,1623
70,24,Anas acuta,1622
70,24,Mergus merganser,1597
70,24,Buteo lagopus,1577
70,24,Numenius arquata,1562
70,24,Chloris chloris,1559
70,24,Anser erythropus,1558
70,24,Larus marinus,1554
70,24,Grus grus,1544
70,24,Fringilla montifringilla,1538
70,24,Turdus pilaris,1521
70,24,Somateria mollissima,1478
70,24,Parus major,1428
70,24,Charadrius hiaticula,1413
70,24,Calidris alpina,1395
70,24,Aythya fuligula,1286
70,24,Calidris pugnax,1199
70,24,Podiceps auritus,1190
70,24,Motacilla alba,1139
70,24,Pica pica,1118
70,24,Clangula hyemalis,1111
70,24,Luscinia svecica,1107
70,24,Chroicocephalus ridibundus,1088
70,24,Corvus corax,1084
70,24,Anser fabalis,1082
70,24,Cygnus cygnus,1056
70,24,Poecile montanus,1045
70,24,Oenanthe oenanthe,963
70,24,Phalacrocorax carbo,946
70,24,Stercorarius parasiticus,945
70,24,Passer domesticus,912
70,24,Gavia arctica,897
70,24,Tringa glareola,871
70,24,Emberiza schoeniclus,867
70,24,Numenius phaeopus,866
70,24,Gallinago gallinago,829
70,24,Lagopus lagopus,812
70,24,Cepphus grylle,812
70,24,Calidris canutus,806
70,24,Anser serrirostris,804
70,24,Sterna paradisaea,796
70,24,Melanitta nigra,738
70,24,Tringa nebularia,704
70,24,Calidris temminckii,664
70,24,Bucephala clangula,664
70,24,Gavia stellata,662
70,24,Plectrophenax nivalis,654
70,24,Vanellus vanellus,620
70,24,Melanitta fusca,598
70,24,Pyrrhula pyrrhula,587
70,24,Tringa erythropus,547
70,24,Passer montanus,544
70,24,Calcarius lapponicus,524
70,24,Phylloscopus collybita,523
70,24,Falco columbarius,518
70,24,Ficedula hypoleuca,503
70,24,Prunella modularis,487
70,24,Bombycilla garrulus,469
70,24,Cyanistes caeruleus,465
70,24,Stercorarius longicaudus,434
70,24,Cuculus canorus,412
70,24,Riparia riparia,404
70,24,Phoenicurus phoenicurus,403
70,24,Calidris maritima,402
70,24,Larus fuscus,387
70,24,Asio flammeus,368
70,24,Phalaropus lobatus,360
70,24,Falco tinnunculus,352
70,24,Actitis hypoleucos,348
70,24,Motacilla flava,333
70,24,Calidris minuta,329
70,24,Falco peregrinus,311
70,24,Anser brachyrhynchus,303
70,24,Turdus torquatus,298
70,24,Ardea cinerea,289
70,24,Arenaria interpres,273
70,24,Rissa tridactyla,271
70,24,Lagopus muta,267
70,24,Spatula clypeata,266
70,24,Acanthis hornemanni,237
70,24,Aythya marila,236
70,24,Limosa limosa,226
70,24,Fringilla coelebs,213
70,24,Acrocephalus schoenobaenus,211
70,24,Turdus philomelos,209
70,24,Hirundo rustica,198
70,24,Cinclus cinclus,193
70,24,Alca torda,191
70,24,Scolopax rusticola,188
70,24,Surnia ulula,185
70,24,Turdus merula,180
70,24,Columba palumbus,175
70,24,Anser albifrons,173
70,24,Linaria flavirostris,173
70,24,Lanius excubitor,166
70,24,Sylvia borin,151
70,24,Calidris ferruginea,144
70,24,Gavia adamsii,143
70,24,Mareca strepera,140
70,24,Calidris alba,139
70,24,Anthus cervinus,134
70,24,Somateria spectabilis,130
70,24,Sturnus vulgaris,130
70,24,Spinus spinus,128
70,24,Spatula querquedula,120
70,24,Branta leucopsis,115
70,24,Dendrocopos major,113
70,24,Erithacus rubecula,110
70,24,Poecile cinctus,109
70,24,Emberiza citrinella,109
70,24,Accipiter nisus,106
70,24,Mergellus albellus,106
70,24,Garrulus glandarius,99
70,24,Sterna hirundo,92
70,24,Phalacrocorax aristotelis,90
70,24,Aegolius funereus,86
70,24,Perisoreus infaustus,82
70,24,Fratercula arctica,81
70,24,Charadrius morinellus,77
70,24,Anthus petrosus,77
70,24,Streptopelia decaocto,75
70,24,Lymnocryptes minimus,72
70,24,Picoides tridactylus,61
70,24,Falco rusticolus,55
70,24,Muscicapa striata,52
70,24,Phylloscopus inornatus,50
70,24,Aquila chrysaetos,46
70,24,Accipiter gentilis,45
70,24,Delichon urbicum,45
70,24,Sylvia atricapilla,45
70,24,Alauda arvensis,43
70,24,Uria aalge,42
70,24,Podiceps grisegena,42
70,24,Anthus trivialis,41
70,24,Hydrocoloeus minutus,41
70,24,Troglodytes troglodytes,40
70,24,Pluvialis squatarola,37
70,24,Gavia immer,37
70,24,Saxicola rubetra,36
70,24,Dryobates minor,35
70,24,Calidris falcinellus,34
70,24,Branta bernicla,33
70,24,Circus cyaneus,30
70,24,Regulus regulus,24
70,24,Periparus ater,24
70,24,Columba livia,24
70,24,Pinicola enucleator,23
70,24,Loxia curvirostra,23
70,24,Anser indicus,22
70,24,Alle alle,21
70,24,Phylloscopus borealis,20
70,24,Aegithalos caudatus,20
70,24,Coccothraustes coccothraustes,19
70,24,Morus bassanus,17
70,24,Sylvia curruca,17
70,24,Asio otus,17
70,24,Phylloscopus sibillatrix,17
70,24,Larus hyperboreus,15
70,24,Fulmarus glacialis,15
70,24,Stercorarius pomarinus,15
70,24,Anas carolinensis,15
70,24,Polysticta stelleri,15
70,24,Ardea alba,15
70,24,Mareca americana,14
70,24,Pastor roseus,14
70,24,Apus apus,12
70,24,Stercorarius skua,11
70,24,Tringa ochropus,11
70,24,Calidris melanotos,11
70,24,Eremophila alpestris,11
70,24,Turdus viscivorus,10
70,24,Tadorna ferruginea,10
70,24,Vanellus leucurus,10
70,24,Pandion haliaetus,9
70,24,Nucifraga caryocatactes,9
70,24,Anthus hodgsoni,9
70,24,Corvus corone,9
70,24,Merops apiaster,8
70,24,Loxia pytyopsittacus,8
70,24,Melanitta deglandi,8
70,24,Melanitta perspicillata,8
70,24,Branta canadensis,8
70,24,Tetrao urogallus,7
70,24,Sylvia nisoria,7
70,24,Streptopelia turtur,7
70,24,Cygnus columbianus,7
70,24,Coloeus monedula,7
70,24,Circus aeruginosus,6
70,24,Tringa flavipes,6
70,24,Acrocephalus dumetorum,6
70,24,Aix galericulata,6
70,24,Branta hutchinsii,6
70,24,Buteo buteo,5
70,24,Larus glaucoides,5
70,24,Thalasseus sandvicensis,5
70,24,Ciconia ciconia,5
70,24,Podiceps cristatus,5
70,24,Carduelis carduelis,5
70,24,Netta rufina,5
70,24,Upupa epops,5
70,24,Milvus migrans,5
70,24,Glaucidium passerinum,5
70,24,Jynx torquilla,5
70,26,Pluvialis apricaria,853
70,26,Larus canus,798
70,26,Mergus serrator,676
70,26,Haematopus ostralegus,601
70,26,Tringa totanus,573
70,26,Charadrius hiaticula,560
70,26,Larus argentatus,498
70,26,Cepphus grylle,472
70,26,Mergus merganser,454
70,26,Larus marinus,453
70,26,Anthus pratensis,448
70,26,Anas crecca,436
70,26,Clangula hyemalis,421
70,26,Calidris alpina,417
70,26,Corvus cornix,407
70,26,Buteo lagopus,402
70,26,Cygnus cygnus,395
70,26,Oenanthe oenanthe,375
70,26,Lagopus muta,370
70,26,Turdus iliacus,365
70,26,Anas platyrhynchos,342
70,26,Phylloscopus trochilus,329
70,26,Calidris temminckii,328
70,26,Lagopus lagopus,323
70,26,Plectrophenax nivalis,315
70,26,Haliaeetus albicilla,311
70,26,Stercorarius longicaudus,311
70,26,Calcarius lapponicus,291
70,26,Turdus pilaris,290
70,26,Gavia stellata,289
70,26,Tadorna tadorna,282
70,26,Chroicocephalus ridibundus,277
70,26,Gavia arctica,275
70,26,Stercorarius parasiticus,268
70,26,Motacilla alba,265
70,26,Anser anser,261
70,26,Acanthis flammea,248
70,26,Corvus corax,224
70,26,Anas acuta,223
70,26,Sterna paradisaea,219
70,26,Fringilla montifringilla,209
70,26,Somateria mollissima,207
70,26,Luscinia svecica,206
70,26,Gallinago gallinago,205
70,26,Tringa glareola,196
70,26,Limosa lapponica,193
70,26,Phalaropus lobatus,183
70,26,Phalacrocorax carbo,181
70,26,Calidris canutus,179
70,26,Aythya fuligula,179
70,26,Mareca penelope,177
70,26,Arenaria interpres,170
70,26,Numenius phaeopus,170
70,26,Calidris pugnax,165
70,26,Pica pica,164
70,26,Falco columbarius,125
70,26,Melanitta nigra,121
70,26,Ardea cinerea,112
70,26,Passer domesticus,111
70,26,Falco tinnunculus,108
70,26,Actitis hypoleucos,103
70,26,Calidris minuta,99
70,26,Rissa tridactyla,91
70,26,Cuculus canorus,91
70,26,Tringa erythropus,83
70,26,Emberiza schoeniclus,83
70,26,Phalacrocorax aristotelis,80
70,26,Anthus cervinus,79
70,26,Numenius arquata,78
70,26,Turdus torquatus,78
70,26,Calidris maritima,77
70,26,Tringa nebularia,76
70,26,Grus grus,72
70,26,Charadrius morinellus,70
70,26,Melanitta fusca,68
70,26,Chloris chloris,68
70,26,Parus major,61
70,26,Bucephala clangula,54
70,26,Anser serrirostris,50
70,26,Asio flammeus,49
70,26,Aythya marila,47
70,26,Cinclus cinclus,44
70,26,Motacilla flava,41
70,26,Anser brachyrhynchus,40
70,26,Linaria flavirostris,39
70,26,Ficedula hypoleuca,37
70,26,Surnia ulula,37
70,26,Phylloscopus collybita,36
70,26,Hirundo rustica,34
70,26,Poecile montanus,33
70,26,Acanthis hornemanni,31
70,26,Sterna hirundo,31
70,26,Bombycilla garrulus,28
70,26,Prunella modularis,25
70,26,Fratercula arctica,23
70,26,Scolopax rusticola,23
70,26,Gavia adamsii,23
70,26,Garrulus glandarius,23
70,26,Alca torda,23
70,26,Limosa limosa,22
70,26,Phoenicurus phoenicurus,22
70,26,Spatula clypeata,22
70,26,Acrocephalus schoenobaenus,20
70,26,Pyrrhula pyrrhula,18
70,26,Dendrocopos major,17
70,26,Larus fuscus,17
70,26,Anser fabalis,17
70,26,Passer montanus,17
70,26,Eremophila alpestris,17
70,26,Columba palumbus,15
70,26,Lanius excubitor,15
70,26,Anthus petrosus,13
70,26,Turdus philomelos,13
70,26,Mareca strepera,13
70,26,Gavia immer,12
70,26,Turdus merula,12
70,26,Somateria spectabilis,12
70,26,Falco peregrinus,11
70,26,Columba livia,11
70,26,Branta canadensis,10
70,26,Corvus corone,10
70,26,Vanellus vanellus,9
70,26,Calidris ferruginea,9
70,26,Larus hyperboreus,8
70,26,Uria aalge,8
70,26,Fulmarus glacialis,8
70,26,Calidris alba,8
70,26,Podiceps auritus,8
70,26,Aix galericulata,8
70,26,Sturnus vulgaris,8
70,26,Lymnocryptes minimus,7
70,26,Aquila chrysaetos,6
70,26,Pandion haliaetus,6
70,26,Stercorarius pomarinus,6
70,26,Falco rusticolus,6
70,26,Spatula querquedula,6
70,26,Pluvialis squatarola,5
70,26,Accipiter nisus,5
70,26,Periparus ater,5
70,26,Riparia riparia,5
70,26,Lanius isabellinus,5
70,26,Sylvia borin,5
70,26,Fringilla coelebs,5
70,26,Anser albifrons,5
70,26,Ardea alba,5
70,28,Haematopus ostralegus,3030
70,28,Somateria mollissima,2934
70,28,Larus canus,2802
70,28,Larus argentatus,2800
70,28,Larus marinus,2415
70,28,Charadrius hiaticula,2389
70,28,Tringa totanus,2330
70,28,Corvus cornix,2330
70,28,Limosa lapponica,2317
70,28,Mergus merganser,2229
70,28,Mergus serrator,2159
70,28,Haliaeetus albicilla,2153
70,28,Passer domesticus,2133
70,28,Clangula hyemalis,2107
70,28,Calidris alpina,2043
70,28,Anas platyrhynchos,2015
70,28,Stercorarius parasiticus,1881
70,28,Rissa tridactyla,1681
70,28,Buteo lagopus,1667
70,28,Anthus pratensis,1590
70,28,Chloris chloris,1554
70,28,Tadorna tadorna,1548
70,28,Phylloscopus trochilus,1521
70,28,Phalaropus lobatus,1461
70,28,Acanthis flammea,1449
70,28,Turdus pilaris,1421
70,28,Polysticta stelleri,1352
70,28,Anas crecca,1308
70,28,Anser anser,1296
70,28,Pluvialis apricaria,1295
70,28,Turdus iliacus,1280
70,28,Chroicocephalus ridibundus,1252
70,28,Calidris pugnax,1251
70,28,Pica pica,1199
70,28,Motacilla alba,1173
70,28,Cepphus grylle,1167
70,28,Stercorarius longicaudus,1138
70,28,Calidris maritima,1137
70,28,Phalacrocorax carbo,1130
70,28,Sterna paradisaea,1081
70,28,Parus major,1055
70,28,Aythya fuligula,994
70,28,Calidris temminckii,971
70,28,Oenanthe oenanthe,948
70,28,Mareca penelope,937
70,28,Gavia stellata,932
70,28,Anas acuta,926
70,28,Cygnus cygnus,919
70,28,Corvus corax,878
70,28,Numenius arquata,875
70,28,Calcarius lapponicus,853
70,28,Fringilla montifringilla,851
70,28,Somateria spectabilis,841
70,28,Anthus cervinus,835
70,28,Luscinia svecica,802
70,28,Tringa glareola,759
70,28,Melanitta nigra,753
70,28,Arenaria interpres,697
70,28,Gavia arctica,685
70,28,Plectrophenax nivalis,673
70,28,Emberiza schoeniclus,638
70,28,Numenius phaeopus,633
70,28,Bucephala clangula,623
70,28,Lagopus lagopus,601
70,28,Larus hyperboreus,592
70,28,Poecile montanus,575
70,28,Melanitta fusca,541
70,28,Calidris minuta,535
70,28,Grus grus,502
70,28,Asio flammeus,479
70,28,Gallinago gallinago,469
70,28,Aythya marila,461
70,28,Calidris canutus,446
70,28,Surnia ulula,433
70,28,Bombycilla garrulus,423
70,28,Pyrrhula pyrrhula,420
70,28,Acanthis hornemanni,392
70,28,Eremophila alpestris,388
70,28,Anser fabalis,383
70,28,Anser serrirostris,373
70,28,Falco columbarius,367
70,28,Falco tinnunculus,343
70,28,Motacilla flava,319
70,28,Tringa erythropus,303
70,28,Lagopus muta,288
70,28,Fratercula arctica,280
70,28,Phalacrocorax aristotelis,273
70,28,Fulmarus glacialis,270
70,28,Morus bassanus,268
70,28,Ficedula hypoleuca,268
70,28,Passer montanus,268
70,28,Columba livia,266
70,28,Cyanistes caeruleus,265
70,28,Alca torda,253
70,28,Actitis hypoleucos,246
70,28,Acrocephalus schoenobaenus,240
70,28,Riparia riparia,229
70,28,Prunella modularis,219
70,28,Cuculus canorus,216
70,28,Larus glaucoides,209
70,28,Hirundo rustica,203
70,28,Vanellus vanellus,200
70,28,Tringa nebularia,181
70,28,Sterna hirundo,180
70,28,Poecile cinctus,178
70,28,Uria aalge,177
70,28,Phylloscopus collybita,177
70,28,Charadrius morinellus,171
70,28,Turdus torquatus,162
70,28,Gavia adamsii,150
70,28,Anser albifrons,146
70,28,Anser brachyrhynchus,136
70,28,Phoenicurus phoenicurus,136
70,28,Stercorarius skua,133
70,28,Linaria flavirostris,126
70,28,Stercorarius pomarinus,125
70,28,Calidris alba,124
70,28,Dendrocopos major,120
70,28,Larus fuscus,119
70,28,Hydrocoloeus minutus,103
70,28,Calidris ferruginea,100
70,28,Cinclus cinclus,95
70,28,Melanitta perspicillata,94
70,28,Dryobates minor,81
70,28,Puffinus puffinus,79
70,28,Sturnus vulgaris,76
70,28,Alle alle,73
70,28,Scolopax rusticola,73
70,28,Ardea cinerea,72
70,28,Anthus petrosus,71
70,28,Turdus merula,67
70,28,Branta leucopsis,65
70,28,Turdus philomelos,65
70,28,Falco peregrinus,64
70,28,Gavia immer,63
70,28,Spatula clypeata,63
70,28,Oceanodroma leucorhoa,62
70,28,Picoides tridactylus,59
70,28,Mareca strepera,59
70,28,Lanius excubitor,59
70,28,Fringilla coelebs,56
70,28,Garrulus glandarius,54
70,28,Spinus spinus,53
70,28,Alauda arvensis,53
70,28,Sylvia borin,50
70,28,Uria lomvia,49
70,28,Pluvialis squatarola,48
70,28,Xema sabini,48
70,28,Mergellus albellus,48
70,28,Locustella lanceolata,44
70,28,Columba palumbus,43
70,28,Podiceps grisegena,41
70,28,Rhodostethia rosea,39
70,28,Falco rusticolus,39
70,28,Phalaropus fulicarius,38
70,28,Delichon urbicum,36
70,28,Limosa limosa,35
70,28,Podiceps auritus,34
70,28,Xenus cinereus,32
70,28,Lymnocryptes minimus,32
70,28,Muscicapa striata,30
70,28,Spatula querquedula,27
70,28,Emberiza calandra,26
70,28,Aythya ferina,25
70,28,Anser indicus,24
70,28,Branta bernicla,24
70,28,Emberiza citrinella,23
70,28,Sylvia atricapilla,23
70,28,Perisoreus infaustus,22
70,28,Troglodytes troglodytes,20
70,28,Ardea alba,19
70,28,Anthus trivialis,18
70,28,Calidris falcinellus,18
70,28,Accipiter gentilis,17
70,28,Accipiter nisus,17
70,28,Phylloscopus borealis,17
70,28,Tadorna ferruginea,17
70,28,Aegolius funereus,17
70,28,Melanitta stejnegeri,16
70,28,Histrionicus histrionicus,15
70,28,Apus apus,15
70,28,Emberiza pusilla,13
70,28,Erithacus rubecula,13
70,28,Saxicola rubetra,13
70,28,Hydrobates pelagicus,13
70,28,Phylloscopus sibillatrix,13
70,28,Circus cyaneus,12
70,28,Fulica atra,11
70,28,Circus macrourus,11
70,28,Periparus ater,11
70,28,Coccothraustes coccothraustes,11
70,28,Asio otus,11
70,28,Merops apiaster,10
70,28,Aegithalos caudatus,10
70,28,Loxia curvirostra,10
70,28,Aquila chrysaetos,9
70,28,Thalasseus sandvicensis,9
70,28,Pinicola enucleator,9
70,28,Chlidonias leucopterus,8
70,28,Calidris melanotos,8
70,28,Anser erythropus,8
70,28,Glaucidium passerinum,8
70,28,Puffinus griseus,8
70,28,Coloeus monedula,8
70,28,Pandion haliaetus,7
70,28,Calidris fuscicollis,7
70,28,Corvus frugilegus,7
70,28,Loxia leucoptera,7
70,28,Pagophila eburnea,6
70,28,Streptopelia turtur,6
70,28,Phoenicurus ochruros,6
70,28,Circus aeruginosus,5
70,28,Buteo buteo,5
70,28,Motacilla cinerea,5
70,28,Phylloscopus inornatus,5
70,28,Upupa epops,5
70,28,Branta canadensis,5
70,28,Linaria cannabina,5
70,28,Corvus corone,5
70,30,Somateria mollissima,3682
70,30,Stercorarius parasiticus,3676
70,30,Haliaeetus albicilla,3469
70,30,Larus argentatus,3218
70,30,Charadrius hiaticula,3137
70,30,Clangula hyemalis,2900
70,30,Haematopus ostralegus,2846
70,30,Rissa tridactyla,2731
70,30,Larus marinus,2609
70,30,Calidris alpina,2596
70,30,Mergus merganser,2473
70,30,Anthus pratensis,2308
70,30,Polysticta stelleri,2237
70,30,Larus canus,2178
70,30,Cepphus grylle,2070
70,30,Somateria spectabilis,1956
70,30,Pluvialis apricaria,1938
70,30,Mergus serrator,1856
70,30,Larus hyperboreus,1846
70,30,Tringa totanus,1817
70,30,Oenanthe oenanthe,1815
70,30,Anthus cervinus,1790
70,30,Motacilla alba,1787
70,30,Calidris maritima,1719
70,30,Sterna paradisaea,1612
70,30,Turdus iliacus,1536
70,30,Limosa lapponica,1531
70,30,Phalacrocorax aristotelis,1513
70,30,Calcarius lapponicus,1504
70,30,Calidris pugnax,1498
70,30,Gavia stellata,1490
70,30,Arenaria interpres,1445
70,30,Passer domesticus,1409
70,30,Phalaropus lobatus,1367
70,30,Corvus corax,1341
70,30,Cygnus cygnus,1324
70,30,Uria aalge,1316
70,30,Melanitta nigra,1273
70,30,Calidris temminckii,1250
70,30,Alca torda,1249
70,30,Phalacrocorax carbo,1180
70,30,Turdus pilaris,1169
70,30,Acanthis flammea,1144
70,30,Buteo lagopus,1140
70,30,Anser anser,1102
70,30,Stercorarius longicaudus,1093
70,30,Phylloscopus trochilus,1059
70,30,Numenius phaeopus,1051
70,30,Corvus cornix,1036
70,30,Plectrophenax nivalis,1034
70,30,Fratercula arctica,968
70,30,Morus bassanus,960
70,30,Uria lomvia,955
70,30,Chloris chloris,836
70,30,Calidris alba,822
70,30,Gavia arctica,810
70,30,Gallinago gallinago,802
70,30,Luscinia svecica,787
70,30,Tringa glareola,775
70,30,Anas acuta,773
70,30,Eremophila alpestris,773
70,30,Gavia adamsii,743
70,30,Lagopus lagopus,735
70,30,Aythya fuligula,728
70,30,Anas crecca,681
70,30,Linaria flavirostris,628
70,30,Columba livia,595
70,30,Calidris minuta,586
70,30,Anas platyrhynchos,585
70,30,Anthus petrosus,528
70,30,Asio flammeus,517
70,30,Acanthis hornemanni,517
70,30,Fulmarus glacialis,495
70,30,Anser serrirostris,495
70,30,Melanitta fusca,475
70,30,Mareca penelope,410
70,30,Aythya marila,388
70,30,Calidris canutus,368
70,30,Acrocephalus schoenobaenus,363
70,30,Branta leucopsis,331
70,30,Anser fabalis,328
70,30,Stercorarius pomarinus,327
70,30,Hirundo rustica,317
70,30,Pica pica,306
70,30,Riparia riparia,305
70,30,Emberiza schoeniclus,269
70,30,Larus glaucoides,251
70,30,Fringilla montifringilla,249
70,30,Stercorarius skua,246
70,30,Falco columbarius,246
70,30,Anser brachyrhynchus,238
70,30,Tringa erythropus,219
70,30,Passer montanus,218
70,30,Gavia immer,214
70,30,Bucephala clangula,205
70,30,Sterna hirundo,192
70,30,Numenius arquata,190
70,30,Chroicocephalus ridibundus,155
70,30,Alauda arvensis,155
70,30,Actitis hypoleucos,150
70,30,Turdus torquatus,150
70,30,Falco peregrinus,148
70,30,Calidris ferruginea,145
70,30,Lymnocryptes minimus,139
70,30,Phylloscopus collybita,126
70,30,Pluvialis squatarola,109
70,30,Parus major,105
70,30,Anser albifrons,104
70,30,Larus fuscus,103
70,30,Hydrocoloeus minutus,100
70,30,Falco tinnunculus,98
70,30,Lagopus muta,90
70,30,Branta bernicla,78
70,30,Bombycilla garrulus,76
70,30,Grus grus,70
70,30,Charadrius morinellus,70
70,30,Falco rusticolus,66
70,30,Motacilla flava,64
70,30,Histrionicus histrionicus,62
70,30,Puffinus puffinus,57
70,30,Pastor roseus,56
70,30,Rhodostethia rosea,55
70,30,Prunella modularis,55
70,30,Alle alle,51
70,30,Cinclus cinclus,51
70,30,Calidris melanotos,45
70,30,Turdus merula,45
70,30,Sturnus vulgaris,41
70,30,Circus cyaneus,39
70,30,Turdus philomelos,38
70,30,Circus macrourus,37
70,30,Vanellus vanellus,36
70,30,Phalaropus fulicarius,36
70,30,Tadorna tadorna,33
70,30,Melanitta americana,33
70,30,Limosa limosa,30
70,30,Podiceps grisegena,30
70,30,Delichon urbicum,30
70,30,Fringilla coelebs,30
70,30,Erithacus rubecula,29
70,30,Ardea cinerea,29
70,30,Mergellus albellus,28
70,30,Spatula clypeata,27
70,30,Apus apus,26
70,30,Tringa nebularia,25
70,30,Dendrocopos major,19
70,30,Charadrius semipalmatus,19
70,30,Columba palumbus,19
70,30,Accipiter gentilis,18
70,30,Hydrobates pelagicus,18
70,30,Mareca strepera,18
70,30,Recurvirostra avosetta,16
70,30,Crex crex,16
70,30,Puffinus griseus,15
70,30,Phoenicurus ochruros,15
70,30,Calidris falcinellus,15
70,30,Loxia leucoptera,15
70,30,Xema sabini,14
70,30,Melanitta perspicillata,14
70,30,Spinus spinus,14
70,30,Oceanodroma leucorhoa,13
70,30,Calidris himantopus,13
70,30,Cuculus canorus,13
70,30,Spatula querquedula,13
70,30,Pagophila eburnea,12
70,30,Motacilla citreola,12
70,30,Acrocephalus dumetorum,12
70,30,Melanitta stejnegeri,11
70,30,Regulus regulus,11
70,30,Surnia ulula,11
70,30,Lanius collurio,11
70,30,Thalasseus sandvicensis,10
70,30,Calidris fuscicollis,10
70,30,Saxicola rubetra,10
70,30,Sylvia atricapilla,10
70,30,Milvus migrans,10
70,30,Lanius excubitor,10
70,30,Muscicapa striata,9
70,30,Sylvia communis,9
70,30,Anser caerulescens,9
70,30,Phoenicurus phoenicurus,9
70,30,Loxia curvirostra,9
70,30,Ardea alba,9
70,30,Ciconia nigra,8
70,30,Ficedula hypoleuca,8
70,30,Sylvia curruca,8
70,30,Phylloscopus inornatus,8
70,30,Loxia pytyopsittacus,8
70,30,Troglodytes troglodytes,8
70,30,Pandion haliaetus,7
70,30,Sylvia borin,7
70,30,Cygnus columbianus,7
70,30,Merops apiaster,6
70,30,Aquila chrysaetos,6
70,30,Plegadis falcinellus,6
70,30,Anthus trivialis,6
70,30,Upupa epops,6
70,30,Bubo scandiacus,6
70,30,Larus glaucescens,5
70,30,Xenus cinereus,5
70,30,Cyanistes caeruleus,5
70,30,Pyrrhula pyrrhula,5
70,30,Columba oenas,5
70,30,Tadorna ferruginea,5
70,30,Emberiza calandra,5
71,24,Anthus pratensis,266
71,24,Larus argentatus,232
71,24,Larus marinus,223
71,24,Oenanthe oenanthe,193
71,24,Haematopus ostralegus,188
71,24,Larus canus,176
71,24,Haliaeetus albicilla,166
71,24,Cepphus grylle,164
71,24,Somateria mollissima,163
71,24,Stercorarius parasiticus,154
71,24,Anser anser,154
71,24,Phalacrocorax carbo,151
71,24,Corvus corax,151
71,24,Pluvialis apricaria,142
71,24,Turdus iliacus,134
71,24,Gallinago gallinago,126
71,24,Morus bassanus,120
71,24,Rissa tridactyla,120
71,24,Alca torda,113
71,24,Phalacrocorax aristotelis,112
71,24,Sterna paradisaea,107
71,24,Mergus merganser,105
71,24,Turdus pilaris,103
71,24,Corvus cornix,101
71,24,Charadrius hiaticula,100
71,24,Plectrophenax nivalis,98
71,24,Mergus serrator,98
71,24,Fratercula arctica,96
71,24,Motacilla alba,87
71,24,Tringa totanus,79
71,24,Anthus petrosus,79
71,24,Uria aalge,73
71,24,Lagopus muta,71
71,24,Anas platyrhynchos,66
71,24,Phylloscopus trochilus,63
71,24,Gavia stellata,59
71,24,Fulmarus glacialis,57
71,24,Linaria flavirostris,57
71,24,Calidris maritima,53
71,24,Gavia arctica,53
71,24,Passer domesticus,52
71,24,Anthus cervinus,45
71,24,Stercorarius skua,43
71,24,Clangula hyemalis,43
71,24,Pica pica,42
71,24,Lagopus lagopus,39
71,24,Turdus torquatus,39
71,24,Acanthis flammea,35
71,24,Numenius arquata,33
71,24,Buteo lagopus,32
71,24,Numenius phaeopus,32
71,24,Calidris alpina,31
71,24,Tringa erythropus,30
71,24,Anas crecca,30
71,24,Uria lomvia,29
71,24,Luscinia svecica,25
71,24,Sterna hirundo,25
71,24,Falco columbarius,23
71,24,Calidris pugnax,22
71,24,Actitis hypoleucos,21
71,24,Emberiza schoeniclus,18
71,24,Larus hyperboreus,17
71,24,Phalaropus lobatus,17
71,24,Hirundo rustica,17
71,24,Calidris temminckii,15
71,24,Calcarius lapponicus,15
71,24,Anas acuta,15
71,24,Chloris chloris,15
71,24,Calidris minuta,14
71,24,Gavia adamsii,14
71,24,Stercorarius pomarinus,13
71,24,Melanitta nigra,13
71,24,Cygnus cygnus,13
71,24,Larus fuscus,12
71,24,Aquila chrysaetos,11
71,24,Arenaria interpres,11
71,24,Somateria spectabilis,11
71,24,Stercorarius longicaudus,10
71,24,Cinclus cinclus,10
71,24,Tadorna tadorna,10
71,24,Mareca penelope,10
71,24,Phylloscopus collybita,9
71,24,Acrocephalus schoenobaenus,9
71,24,Falco tinnunculus,9
71,24,Calidris alba,7
71,24,Gavia immer,7
71,24,Bombycilla garrulus,7
71,24,Hydrobates pelagicus,7
71,24,Turdus philomelos,7
71,24,Charadrius morinellus,6
71,24,Tringa glareola,6
71,24,Lymnocryptes minimus,6
71,24,Anser brachyrhynchus,6
71,24,Puffinus puffinus,6
71,24,Pluvialis squatarola,5
71,24,Accipiter gentilis,5
71,24,Limosa lapponica,5
71,24,Turdus merula,5
71,24,Branta leucopsis,5
71,24,Puffinus griseus,5
71,24,Chroicocephalus ridibundus,5
71,24,Falco rusticolus,5
71,24,Alauda arvensis,5
71,24,Ardea cinerea,5
71,26,Tringa totanus,238
71,26,Anthus pratensis,203
71,26,Larus canus,200
71,26,Larus argentatus,187
71,26,Oenanthe oenanthe,185
71,26,Mergus serrator,184
71,26,Haematopus ostralegus,181
71,26,Larus marinus,168
71,26,Pluvialis apricaria,167
71,26,Rissa tridactyla,164
71,26,Somateria mollissima,156
71,26,Charadrius hiaticula,137
71,26,Anser anser,135
71,26,Anas crecca,134
71,26,Gallinago gallinago,113
71,26,Cepphus grylle,112
71,26,Mergus merganser,110
71,26,Turdus iliacus,97
71,26,Anas platyrhynchos,97
71,26,Motacilla alba,92
71,26,Sterna paradisaea,88
71,26,Corvus cornix,87
71,26,Stercorarius parasiticus,85
71,26,Corvus corax,85
71,26,Calidris temminckii,84
71,26,Anthus cervinus,81
71,26,Haliaeetus albicilla,79
71,26,Phylloscopus trochilus,77
71,26,Plectrophenax nivalis,73
71,26,Lagopus muta,73
71,26,Turdus pilaris,72
71,26,Acanthis flammea,69
71,26,Passer domesticus,67
71,26,Gavia stellata,65
71,26,Calidris alpina,64
71,26,Phalacrocorax carbo,64
71,26,Anas acuta,56
71,26,Luscinia svecica,56
71,26,Phalacrocorax aristotelis,53
71,26,Columba livia,49
71,26,Tringa glareola,46
71,26,Chloris chloris,45
71,26,Numenius phaeopus,35
71,26,Clangula hyemalis,35
71,26,Buteo lagopus,34
71,26,Larus hyperboreus,34
71,26,Arenaria interpres,34
71,26,Phalaropus lobatus,33
71,26,Tringa erythropus,32
71,26,Emberiza schoeniclus,32
71,26,Alca torda,32
71,26,Anser brachyrhynchus,29
71,26,Lagopus lagopus,28
71,26,Calidris maritima,27
71,26,Linaria flavirostris,26
71,26,Sterna hirundo,26
71,26,Calidris pugnax,24
71,26,Hirundo rustica,23
71,26,Gavia arctica,21
71,26,Calcarius lapponicus,20
71,26,Cygnus cygnus,20
71,26,Fratercula arctica,16
71,26,Stercorarius longicaudus,15
71,26,Fringilla montifringilla,15
71,26,Branta leucopsis,15
71,26,Chroicocephalus ridibundus,15
71,26,Turdus torquatus,15
71,26,Vanellus vanellus,14
71,26,Limosa lapponica,14
71,26,Aythya fuligula,14
71,26,Somateria spectabilis,14
71,26,Calidris minuta,13
71,26,Actitis hypoleucos,13
71,26,Pica pica,13
71,26,Anser serrirostris,13
71,26,Mareca penelope,13
71,26,Motacilla flava,13
71,26,Fulmarus glacialis,12
71,26,Tringa nebularia,12
71,26,Melanitta nigra,12
71,26,Acrocephalus schoenobaenus,11
71,26,Anthus petrosus,10
71,26,Falco tinnunculus,10
71,26,Anser fabalis,9
71,26,Numenius arquata,8
71,26,Falco columbarius,8
71,26,Larus glaucoides,7
71,26,Aix galericulata,7
71,26,Turdus atrogularis,7
71,26,Acanthis hornemanni,7
71,26,Ardea cinerea,7
71,26,Morus bassanus,6
71,26,Larus fuscus,6
71,26,Bucephala clangula,6
71,26,Spatula clypeata,6
71,26,Phylloscopus collybita,5
71,26,Ichthyaetus ichthyaetus,5
71,28,Stercorarius parasiticus,649
71,28,Gavia stellata,471
71,28,Gavia adamsii,434
71,28,Clangula hyemalis,403
71,28,Rissa tridactyla,386
71,28,Morus bassanus,367
71,28,Somateria spectabilis,356
71,28,Larus hyperboreus,334
71,28,Alca torda,331
71,28,Somateria mollissima,318
71,28,Cepphus grylle,312
71,28,Stercorarius skua,304
71,28,Fratercula arctica,297
71,28,Melanitta nigra,295
71,28,Calidris maritima,289
71,28,Fulmarus glacialis,287
71,28,Larus argentatus,278
71,28,Stercorarius pomarinus,268
71,28,Phalacrocorax carbo,265
71,28,Larus marinus,263
71,28,Mergus serrator,254
71,28,Phalacrocorax aristotelis,250
71,28,Calcarius lapponicus,248
71,28,Larus canus,244
71,28,Haliaeetus albicilla,243
71,28,Turdus iliacus,239
71,28,Stercorarius longicaudus,233
71,28,Sterna paradisaea,222
71,28,Anthus pratensis,220
71,28,Uria aalge,207
71,28,Charadrius hiaticula,205
71,28,Oenanthe oenanthe,203
71,28,Calidris alpina,198
71,28,Haematopus ostralegus,198
71,28,Motacilla alba,190
71,28,Arenaria interpres,189
71,28,Pluvialis apricaria,179
71,28,Plectrophenax nivalis,177
71,28,Turdus pilaris,164
71,28,Numenius phaeopus,162
71,28,Anthus cervinus,156
71,28,Gavia arctica,146
71,28,Anser anser,139
71,28,Passer domesticus,129
71,28,Mergus merganser,123
71,28,Anas platyrhynchos,123
71,28,Corvus corax,121
71,28,Tringa totanus,106
71,28,Gallinago gallinago,104
71,28,Corvus cornix,103
71,28,Cygnus cygnus,95
71,28,Anthus petrosus,92
71,28,Phalaropus lobatus,89
71,28,Gavia immer,86
71,28,Uria lomvia,82
71,28,Phylloscopus trochilus,78
71,28,Columba livia,73
71,28,Luscinia svecica,69
71,28,Hirundo rustica,68
71,28,Larus glaucoides,67
71,28,Acanthis flammea,64
71,28,Linaria flavirostris,60
71,28,Anas acuta,59
71,28,Calidris pugnax,56
71,28,Anas crecca,54
71,28,Calidris canutus,49
71,28,Anser brachyrhynchus,49
71,28,Lagopus muta,48
71,28,Acanthis hornemanni,46
71,28,Asio flammeus,45
71,28,Buteo lagopus,42
71,28,Aythya fuligula,42
71,28,Chroicocephalus ridibundus,42
71,28,Limosa lapponica,40
71,28,Melanitta fusca,40
71,28,Puffinus griseus,37
71,28,Calidris minuta,33
71,28,Polysticta stelleri,33
71,28,Alauda arvensis,31
71,28,Eremophila alpestris,31
71,28,Numenius arquata,30
71,28,Podiceps grisegena,29
71,28,Anser fabalis,29
71,28,Puffinus puffinus,28
71,28,Pica pica,28
71,28,Phylloscopus collybita,26
71,28,Anser serrirostris,26
71,28,Emberiza schoeniclus,25
71,28,Bucephala clangula,25
71,28,Tringa glareola,24
71,28,Sturnus vulgaris,24
71,28,Falco peregrinus,22
71,28,Alle alle,22
71,28,Ardea cinerea,20
71,28,Calidris temminckii,19
71,28,Calidris melanotos,19
71,28,Mareca penelope,19
71,28,Larus fuscus,18
71,28,Tringa erythropus,18
71,28,Calidris alba,16
71,28,Parus major,16
71,28,Bombycilla garrulus,15
71,28,Chloris chloris,15
71,28,Turdus torquatus,15
71,28,Acrocephalus schoenobaenus,14
71,28,Tadorna tadorna,14
71,28,Branta leucopsis,14
71,28,Charadrius leschenaultii,13
71,28,Glareola pratincola,13
71,28,Delichon urbicum,12
71,28,Phalaropus fulicarius,12
71,28,Turdus merula,11
71,28,Fringilla montifringilla,11
71,28,Anser albifrons,11
71,28,Hydrocoloeus minutus,11
71,28,Falco columbarius,11
71,28,Circus macrourus,10
71,28,Fringilla coelebs,10
71,28,Falco tinnunculus,10
71,28,Calidris ferruginea,9
71,28,Cinclus cinclus,9
71,28,Passer montanus,9
71,28,Spatula clypeata,9
71,28,Tringa nebularia,8
71,28,Leucophaeus pipixcan,8
71,28,Sterna hirundo,8
71,28,Vanellus vanellus,7
71,28,Riparia riparia,7
71,28,Phoenicurus ochruros,7
71,28,Ardea alba,7
71,28,Charadrius morinellus,6
71,28,Pluvialis squatarola,6
71,28,Calidris pusilla,6
71,28,Corvus frugilegus,6
71,28,Emberiza pusilla,6
71,28,Columba palumbus,6
71,28,Branta bernicla,6
71,28,Motacilla flava,6
71,28,Lagopus lagopus,5
71,28,Grus grus,5
71,28,Thalasseus sandvicensis,5
71,28,Emberiza citrinella,5
71,28,Streptopelia decaocto,5
71,28,Mergellus albellus,5
71,28,Falco rusticolus,5
